id,date,check_in,check_out,employee_id
7730,2024-09-08,2024-09-08 19:34:36,2024-09-08 20:09:33,141
7731,2024-09-09,2024-09-08 21:15:57,2024-09-09 18:10:15,141
7732,2024-09-10,2024-09-10 06:33:58,2024-09-10 10:31:46,141
7733,2024-09-10,2024-09-10 07:01:24,2024-09-10 14:03:17,146
7734,2024-09-10,2024-09-10 07:36:20,2024-09-10 14:17:49,151
7735,2024-09-10,2024-09-10 07:39:31,2024-09-10 14:06:46,156
7736,2024-09-10,2024-09-10 07:43:26,2024-09-10 14:18:23,160
7740,2024-09-10,2024-09-10 08:07:47,2024-09-10 14:04:00,174
7742,2024-09-10,2024-09-10 08:13:06,2024-09-10 14:14:15,175
7743,2024-09-10,2024-09-10 08:19:22,2024-09-10 14:04:12,177
7744,2024-09-10,2024-09-10 08:40:41,2024-09-10 14:17:58,178
7745,2024-09-10,2024-09-10 09:50:05,2024-09-10 10:33:30,147
7746,2024-09-10,2024-09-10 10:33:11,2024-09-10 14:04:31,149
7747,2024-09-10,2024-09-10 10:58:54,,158
7748,2024-09-10,2024-09-10 14:03:49,2024-09-10 14:18:31,176
7749,2024-09-10,2024-09-10 14:04:06,,170
7751,2024-09-10,2024-09-10 14:04:35,,164
7752,2024-09-10,2024-09-10 14:04:41,,144
7753,2024-09-10,2024-09-10 14:04:46,,165
7754,2024-09-10,2024-09-10 14:04:58,,159
7755,2024-09-10,2024-09-10 14:06:37,,167
7756,2024-09-10,2024-09-10 14:06:59,,166
7757,2024-09-10,2024-09-10 14:07:34,,152
7758,2024-09-10,2024-09-10 14:07:40,,145
7759,2024-09-10,2024-09-10 14:08:50,,142
7761,2024-09-10,2024-09-10 14:09:43,,153
7763,2024-09-10,2024-09-10 14:12:18,,154
7764,2024-09-10,2024-09-10 14:12:24,,157
7766,2024-09-10,2024-09-10 14:20:40,,169
7768,2024-09-11,2024-09-11 04:49:35,2024-09-11 14:02:23,165
7769,2024-09-11,2024-09-11 04:49:44,2024-09-11 14:02:14,177
7770,2024-09-11,2024-09-11 04:50:13,2024-09-11 14:22:27,169
7771,2024-09-11,2024-09-11 04:51:12,2024-09-11 14:06:37,148
7773,2024-09-11,2024-09-11 04:52:15,2024-09-11 14:02:09,146
7774,2024-09-11,2024-09-11 04:52:21,2024-09-11 14:02:20,149
7775,2024-09-11,2024-09-11 04:52:35,2024-09-11 14:05:47,160
7777,2024-09-11,2024-09-11 04:54:05,2024-09-11 14:10:29,154
7778,2024-09-11,2024-09-11 04:55:45,2024-09-11 14:06:55,176
7779,2024-09-11,2024-09-11 04:59:18,2024-09-11 14:04:59,145
7780,2024-09-11,2024-09-11 04:59:27,2024-09-11 14:04:53,152
7781,2024-09-11,2024-09-11 04:59:54,2024-09-11 14:06:33,142
7782,2024-09-11,2024-09-11 05:00:08,2024-09-11 14:11:07,178
7783,2024-09-11,2024-09-11 05:00:15,2024-09-11 14:06:21,167
7786,2024-09-11,2024-09-11 05:03:40,2024-09-11 14:05:09,153
7788,2024-09-11,2024-09-11 05:04:15,2024-09-11 14:02:31,170
7789,2024-09-11,2024-09-11 05:06:28,2024-09-11 14:02:59,144
7790,2024-09-11,2024-09-11 05:06:51,2024-09-11 14:10:05,166
7791,2024-09-11,2024-09-11 05:07:31,2024-09-11 14:05:34,147
7792,2024-09-11,2024-09-11 05:08:02,2024-09-11 14:12:29,151
7795,2024-09-11,2024-09-11 05:10:49,2024-09-11 13:01:28,158
7796,2024-09-11,2024-09-11 05:11:12,2024-09-11 14:03:15,159
7797,2024-09-11,2024-09-11 05:12:37,2024-09-11 14:03:08,183
7798,2024-09-11,2024-09-11 05:15:00,2024-09-11 14:06:41,164
7799,2024-09-11,2024-09-11 05:15:07,2024-09-11 14:13:04,175
7800,2024-09-11,2024-09-11 05:15:14,2024-09-11 14:10:37,157
7803,2024-09-11,2024-09-11 05:15:31,2024-09-11 14:07:49,156
7806,2024-09-12,2024-09-12 04:53:36,2024-09-12 14:01:48,165
7807,2024-09-12,2024-09-12 04:53:50,2024-09-12 14:02:39,146
7808,2024-09-12,2024-09-12 04:53:58,2024-09-12 14:02:36,149
7809,2024-09-12,2024-09-12 04:54:04,2024-09-12 14:08:55,169
7811,2024-09-12,2024-09-12 04:55:01,2024-09-12 14:03:45,153
7813,2024-09-12,2024-09-12 04:55:18,2024-09-12 14:03:58,148
7814,2024-09-12,2024-09-12 04:56:03,2024-09-12 14:22:01,160
7815,2024-09-12,2024-09-12 04:56:41,2024-09-12 14:02:15,145
7816,2024-09-12,2024-09-12 04:57:00,2024-09-12 14:02:23,152
7817,2024-09-12,2024-09-12 04:57:19,2024-09-12 14:05:08,142
7820,2024-09-12,2024-09-12 04:59:28,2024-09-12 14:06:31,183
7821,2024-09-12,2024-09-12 04:59:55,2024-09-12 14:13:16,175
7822,2024-09-12,2024-09-12 05:00:56,2024-09-12 14:07:05,154
7823,2024-09-12,2024-09-12 05:01:03,2024-09-12 14:19:59,178
7825,2024-09-12,2024-09-12 05:01:35,2024-09-12 14:01:29,170
7826,2024-09-12,2024-09-12 05:03:49,,151
7828,2024-09-12,2024-09-12 05:04:14,2024-09-12 14:07:26,158
7829,2024-09-12,2024-09-12 05:06:35,2024-09-12 14:02:46,147
7830,2024-09-12,2024-09-12 05:06:56,2024-09-12 14:07:16,159
7831,2024-09-12,2024-09-12 05:10:17,2024-09-12 14:03:01,166
7833,2024-09-12,2024-09-12 05:10:24,2024-09-12 14:08:13,157
7834,2024-09-12,2024-09-12 05:10:33,2024-09-12 14:06:41,156
7835,2024-09-12,2024-09-12 05:12:30,2024-09-12 14:01:24,164
7836,2024-09-12,2024-09-12 05:14:57,2024-09-12 14:02:01,144
7838,2024-09-12,2024-09-12 05:17:32,2024-09-12 14:03:05,167
7841,2024-09-14,2024-09-14 04:50:15,2024-09-14 14:05:34,177
7842,2024-09-14,2024-09-14 04:50:22,2024-09-14 14:05:11,165
7844,2024-09-14,2024-09-14 04:50:49,2024-09-14 14:06:59,148
7846,2024-09-14,2024-09-14 04:51:53,2024-09-14 14:09:37,149
7847,2024-09-14,2024-09-14 04:53:40,2024-09-14 14:03:47,152
7848,2024-09-14,2024-09-14 04:53:44,2024-09-14 14:05:49,167
7849,2024-09-14,2024-09-14 04:54:26,2024-09-14 14:18:11,160
7850,2024-09-14,2024-09-14 04:54:44,2024-09-14 14:21:46,169
7851,2024-09-14,2024-09-14 04:55:15,2024-09-14 14:13:42,142
7852,2024-09-14,2024-09-14 04:56:00,2024-09-14 14:07:06,178
7853,2024-09-14,2024-09-14 04:56:48,2024-09-14 14:10:01,156
7854,2024-09-14,2024-09-14 04:56:56,2024-09-14 14:05:43,146
7855,2024-09-14,2024-09-14 04:57:11,2024-09-14 14:06:52,145
7856,2024-09-14,2024-09-14 04:57:24,2024-09-14 14:14:06,166
7857,2024-09-14,2024-09-14 04:59:10,2024-09-14 14:06:25,183
7858,2024-09-14,2024-09-14 05:00:10,2024-09-14 14:06:35,170
7859,2024-09-14,2024-09-14 05:01:40,2024-09-14 14:05:26,154
7862,2024-09-14,2024-09-14 05:03:00,2024-09-14 14:11:52,153
7865,2024-09-14,2024-09-14 05:06:22,2024-09-14 14:05:19,144
7866,2024-09-14,2024-09-14 05:07:19,2024-09-14 14:17:41,175
7867,2024-09-14,2024-09-14 05:07:29,2024-09-14 14:12:13,147
7870,2024-09-14,2024-09-14 05:10:08,2024-09-14 10:33:04,158
7872,2024-09-14,2024-09-14 05:11:46,2024-09-14 14:17:20,159
7875,2024-09-14,2024-09-14 06:09:47,,151
7876,2024-09-15,2024-09-15 04:47:40,2024-09-15 14:03:49,148
7877,2024-09-15,2024-09-15 04:47:49,2024-09-15 14:03:37,165
7878,2024-09-15,2024-09-15 04:51:28,2024-09-15 14:11:02,166
7879,2024-09-15,2024-09-15 04:52:03,2024-09-15 14:04:38,177
7881,2024-09-15,2024-09-15 04:52:47,2024-09-15 14:07:52,145
7883,2024-09-15,2024-09-15 04:53:00,2024-09-15 14:06:22,152
7885,2024-09-15,2024-09-15 04:56:17,2024-09-15 14:02:50,146
7886,2024-09-15,2024-09-15 04:57:13,2024-09-15 14:08:46,142
7887,2024-09-15,2024-09-15 04:58:22,2024-09-15 14:12:31,154
7889,2024-09-15,2024-09-15 05:00:35,2024-09-15 14:05:23,147
7891,2024-09-15,2024-09-15 05:01:06,2024-09-15 14:13:36,175
7894,2024-09-15,2024-09-15 05:04:12,2024-09-15 14:02:45,170
7895,2024-09-15,2024-09-15 05:05:05,2024-09-15 14:04:50,183
7896,2024-09-15,2024-09-15 05:05:27,,176
7898,2024-09-15,2024-09-15 05:06:46,2024-09-15 14:10:45,187
7899,2024-09-15,2024-09-15 05:07:15,2024-09-15 14:05:30,144
7900,2024-09-15,2024-09-15 05:07:42,2024-09-15 14:08:01,159
7901,2024-09-15,2024-09-15 05:11:20,2024-09-15 14:16:21,178
7902,2024-09-15,2024-09-15 05:13:55,2024-09-15 14:05:57,156
7904,2024-09-15,2024-09-15 05:15:27,2024-09-15 14:11:27,153
7905,2024-09-15,2024-09-15 05:15:35,2024-09-15 14:07:48,167
7907,2024-09-15,2024-09-15 05:21:54,2024-09-15 14:15:48,157
7910,2024-09-15,2024-09-15 05:27:17,2024-09-15 14:16:29,160
7911,2024-09-15,2024-09-15 05:31:47,2024-09-15 14:05:10,149
7912,2024-09-15,2024-09-15 05:39:10,2024-09-15 14:17:50,169
7913,2024-09-15,2024-09-15 05:46:42,2024-09-15 12:55:46,158
7915,2024-09-16,2024-09-16 04:43:33,2024-09-16 14:01:50,177
7916,2024-09-16,2024-09-16 04:44:32,2024-09-16 14:21:06,169
7917,2024-09-16,2024-09-16 04:44:46,2024-09-16 14:13:53,148
7918,2024-09-16,2024-09-16 04:44:51,2024-09-16 14:02:32,165
7919,2024-09-16,2024-09-16 04:46:58,2024-09-16 14:08:20,145
7920,2024-09-16,2024-09-16 04:47:06,2024-09-16 14:08:27,152
7921,2024-09-16,2024-09-16 04:53:27,2024-09-16 14:02:27,146
7922,2024-09-16,2024-09-16 04:54:20,2024-09-16 14:02:09,149
7925,2024-09-16,2024-09-16 04:57:16,2024-09-16 14:08:35,142
7926,2024-09-16,2024-09-16 04:59:20,2024-09-16 14:18:22,178
7927,2024-09-16,2024-09-16 05:00:14,2024-09-16 14:06:02,153
7928,2024-09-16,2024-09-16 05:01:19,2024-09-16 14:02:55,170
7930,2024-09-16,2024-09-16 05:02:51,2024-09-16 14:06:22,187
7932,2024-09-16,2024-09-16 05:03:37,2024-09-16 14:09:04,166
7933,2024-09-16,2024-09-16 05:03:41,2024-09-16 14:13:23,154
7936,2024-09-16,2024-09-16 05:04:45,2024-09-16 14:14:36,175
7937,2024-09-16,2024-09-16 05:05:32,2024-09-16 14:05:16,159
7939,2024-09-16,2024-09-16 05:07:29,2024-09-16 14:02:48,183
7940,2024-09-16,2024-09-16 05:07:43,2024-09-16 14:00:51,167
7941,2024-09-16,2024-09-16 05:08:05,2024-09-16 10:08:33,158
7942,2024-09-16,2024-09-16 05:08:39,2024-09-16 14:16:19,160
7943,2024-09-16,2024-09-16 05:09:05,2024-09-16 14:05:04,156
7944,2024-09-16,2024-09-16 05:13:47,2024-09-16 14:13:33,144
7945,2024-09-16,2024-09-16 05:14:49,2024-09-16 14:04:10,147
7946,2024-09-16,2024-09-16 05:15:26,2024-09-16 14:08:56,157
7949,2024-09-16,2024-09-16 13:44:52,,141
7950,2024-09-16,2024-09-16 14:01:42,,189
7955,2024-09-17,2024-09-17 04:50:34,2024-09-17 14:21:13,178
7956,2024-09-17,2024-09-17 04:51:20,2024-09-17 14:03:27,177
7957,2024-09-17,2024-09-17 04:51:31,2024-09-17 14:17:42,169
7958,2024-09-17,2024-09-17 04:53:13,2024-09-17 14:03:11,146
7959,2024-09-17,2024-09-17 04:53:49,2024-09-17 14:05:03,149
7960,2024-09-17,2024-09-17 04:54:31,2024-09-17 14:06:22,165
7961,2024-09-17,2024-09-17 04:54:36,2024-09-17 14:13:31,148
7962,2024-09-17,2024-09-17 04:56:54,2024-09-17 14:08:05,142
7963,2024-09-17,2024-09-17 04:57:51,2024-09-17 14:03:33,145
7964,2024-09-17,2024-09-17 04:58:01,2024-09-17 14:03:49,152
7965,2024-09-17,2024-09-17 04:59:49,2024-09-17 14:07:30,156
7971,2024-09-17,2024-09-17 05:06:13,2024-09-17 14:04:55,170
7972,2024-09-17,2024-09-17 05:06:53,2024-09-17 14:05:17,147
7973,2024-09-17,2024-09-17 05:07:15,2024-09-17 14:18:47,154
7974,2024-09-17,2024-09-17 05:07:21,2024-09-17 14:19:02,189
7977,2024-09-17,2024-09-17 05:09:06,2024-09-17 10:41:09,158
7978,2024-09-17,2024-09-17 05:09:14,2024-09-17 14:06:46,159
7979,2024-09-17,2024-09-17 05:09:23,2024-09-17 14:04:16,144
7980,2024-09-17,2024-09-17 05:10:29,2024-09-17 14:04:07,183
7982,2024-09-17,2024-09-17 05:11:30,,175
7985,2024-09-17,2024-09-17 05:13:41,2024-09-17 14:05:58,164
7987,2024-09-17,2024-09-17 05:20:37,2024-09-17 14:12:16,157
7989,2024-09-17,2024-09-17 05:21:17,2024-09-17 14:07:22,187
7991,2024-09-17,2024-09-17 05:43:36,2024-09-17 14:14:40,151
7992,2024-09-17,2024-09-17 06:19:11,2024-09-17 14:06:16,166
7994,2024-09-18,2024-09-18 04:41:48,,169
7995,2024-09-18,2024-09-18 04:42:43,2024-09-18 14:02:12,177
7997,2024-09-18,2024-09-18 04:46:33,2024-09-18 14:02:52,165
7998,2024-09-18,2024-09-18 04:46:39,2024-09-18 14:23:09,148
8000,2024-09-18,2024-09-18 04:51:58,2024-09-18 14:02:20,146
8002,2024-09-18,2024-09-18 04:56:01,2024-09-18 14:02:42,149
8003,2024-09-18,2024-09-18 04:56:07,2024-09-18 14:04:08,187
8005,2024-09-18,2024-09-18 04:56:26,2024-09-18 14:08:43,142
8006,2024-09-18,2024-09-18 04:57:07,2024-09-18 14:15:48,154
8007,2024-09-18,2024-09-18 04:57:15,2024-09-18 14:15:43,189
8009,2024-09-18,2024-09-18 04:57:39,2024-09-18 14:01:51,145
8010,2024-09-18,2024-09-18 04:57:56,2024-09-18 14:01:43,152
8012,2024-09-18,2024-09-18 04:58:45,2024-09-18 14:06:53,153
8013,2024-09-18,2024-09-18 05:00:28,2024-09-18 14:03:19,170
8014,2024-09-18,2024-09-18 05:00:58,,151
8015,2024-09-18,2024-09-18 05:01:03,2024-09-18 14:18:59,178
8016,2024-09-18,2024-09-18 05:01:58,2024-09-18 14:29:53,160
8017,2024-09-18,2024-09-18 05:02:07,2024-09-18 14:03:14,183
8019,2024-09-18,2024-09-18 05:03:12,2024-09-18 14:04:24,166
8022,2024-09-18,2024-09-18 05:05:21,2024-09-18 14:06:08,156
8023,2024-09-18,2024-09-18 05:08:12,,175
8024,2024-09-18,2024-09-18 05:08:22,2024-09-18 14:05:20,144
8025,2024-09-18,2024-09-18 05:09:19,2024-09-18 12:53:45,158
8026,2024-09-18,2024-09-18 05:09:28,2024-09-18 14:05:51,159
8028,2024-09-18,2024-09-18 05:09:45,2024-09-18 14:10:06,167
8029,2024-09-18,2024-09-18 05:10:01,2024-09-18 14:03:54,147
8030,2024-09-18,2024-09-18 05:14:03,2024-09-18 14:04:47,164
8032,2024-09-18,2024-09-18 05:16:12,2024-09-18 14:12:55,157
8036,2024-09-19,2024-09-19 04:49:52,2024-09-19 14:18:51,165
8037,2024-09-19,2024-09-19 04:49:56,2024-09-19 14:19:24,148
8038,2024-09-19,2024-09-19 04:51:09,2024-09-19 14:32:55,169
8039,2024-09-19,2024-09-19 04:51:46,2024-09-19 14:09:00,177
8040,2024-09-19,2024-09-19 04:53:57,2024-09-19 14:08:52,146
8042,2024-09-19,2024-09-19 04:54:22,2024-09-19 14:20:39,145
8043,2024-09-19,2024-09-19 04:54:30,2024-09-19 14:20:48,152
8044,2024-09-19,2024-09-19 04:56:34,2024-09-19 14:25:35,142
8047,2024-09-19,2024-09-19 04:57:29,2024-09-19 14:21:50,178
8048,2024-09-19,2024-09-19 04:57:50,2024-09-19 14:20:14,153
8051,2024-09-19,2024-09-19 05:00:12,2024-09-19 14:08:27,187
8053,2024-09-19,2024-09-19 05:00:31,,151
8054,2024-09-19,2024-09-19 05:01:50,2024-09-19 14:12:25,154
8055,2024-09-19,2024-09-19 05:01:58,2024-09-19 14:26:39,189
8056,2024-09-19,2024-09-19 05:02:04,,167
8057,2024-09-19,2024-09-19 05:02:26,2024-09-19 14:32:12,160
8059,2024-09-19,2024-09-19 05:02:39,2024-09-19 14:20:23,170
8061,2024-09-19,2024-09-19 05:05:14,2024-09-19 14:25:45,175
8063,2024-09-19,2024-09-19 05:05:57,2024-09-19 14:24:18,166
8064,2024-09-19,2024-09-19 05:06:05,2024-09-19 14:10:17,183
8067,2024-09-19,2024-09-19 05:07:22,2024-09-19 14:11:01,147
8068,2024-09-19,2024-09-19 05:07:46,2024-09-19 14:23:35,144
8069,2024-09-19,2024-09-19 05:09:32,2024-09-19 14:21:15,158
8070,2024-09-19,2024-09-19 05:09:40,2024-09-19 14:12:54,159
8071,2024-09-19,2024-09-19 05:09:51,2024-09-19 14:08:44,149
8074,2024-09-19,2024-09-19 05:12:48,2024-09-19 14:24:54,164
8075,2024-09-19,2024-09-19 05:23:51,2024-09-19 14:26:29,157
8076,2024-09-21,2024-09-21 04:54:13,2024-09-21 14:00:24,145
8077,2024-09-21,2024-09-21 04:54:22,2024-09-21 14:00:31,152
8078,2024-09-21,2024-09-21 04:54:28,2024-09-21 14:01:19,146
8079,2024-09-21,2024-09-21 04:54:35,2024-09-21 14:02:23,177
8080,2024-09-21,2024-09-21 04:54:40,2024-09-21 14:19:17,148
8081,2024-09-21,2024-09-21 04:54:58,2024-09-21 14:01:58,149
8084,2024-09-21,2024-09-21 04:55:17,2024-09-21 10:04:42,153
8085,2024-09-21,2024-09-21 04:55:22,2024-09-21 14:10:30,169
8087,2024-09-21,2024-09-21 04:59:43,2024-09-21 14:05:47,142
8089,2024-09-21,2024-09-21 05:01:41,2024-09-21 14:12:49,160
8090,2024-09-21,2024-09-21 05:02:31,2024-09-21 14:01:32,170
8091,2024-09-21,2024-09-21 05:03:17,2024-09-21 14:09:11,154
8092,2024-09-21,2024-09-21 05:03:25,2024-09-21 14:11:11,189
8095,2024-09-21,2024-09-21 05:04:00,2024-09-21 14:17:37,151
8096,2024-09-21,2024-09-21 05:05:12,2024-09-21 14:02:16,187
8098,2024-09-21,2024-09-21 05:05:38,2024-09-21 14:05:55,156
8100,2024-09-21,2024-09-21 05:08:03,2024-09-21 14:04:57,178
8102,2024-09-21,2024-09-21 05:08:33,2024-09-21 14:02:11,183
8103,2024-09-21,2024-09-21 05:08:42,2024-09-21 07:49:16,144
8105,2024-09-21,2024-09-21 05:10:02,2024-09-21 14:02:31,147
8106,2024-09-21,2024-09-21 05:11:14,2024-09-21 14:10:22,175
8107,2024-09-21,2024-09-21 05:13:12,2024-09-21 14:02:52,159
8108,2024-09-21,2024-09-21 05:23:11,2024-09-21 14:01:47,164
8109,2024-09-21,2024-09-21 05:25:30,2024-09-21 14:06:00,167
8110,2024-09-22,2024-09-22 04:44:58,2024-09-22 14:03:10,148
8111,2024-09-22,2024-09-22 04:45:30,2024-09-22 14:03:17,165
8112,2024-09-22,2024-09-22 04:45:37,2024-09-22 14:01:00,152
8113,2024-09-22,2024-09-22 04:45:41,2024-09-22 14:01:07,145
8115,2024-09-22,2024-09-22 04:47:32,2024-09-22 14:03:14,177
8117,2024-09-22,2024-09-22 04:48:20,2024-09-22 13:03:19,169
8118,2024-09-22,2024-09-22 04:51:47,2024-09-22 14:03:06,146
8120,2024-09-22,2024-09-22 04:52:25,2024-09-22 14:04:33,149
8121,2024-09-22,2024-09-22 04:58:28,2024-09-22 14:08:40,153
8122,2024-09-22,2024-09-22 04:58:44,2024-09-22 14:04:46,142
8124,2024-09-22,2024-09-22 05:00:13,2024-09-22 14:11:06,178
8125,2024-09-22,2024-09-22 05:01:22,2024-09-22 14:10:59,160
8126,2024-09-22,2024-09-22 05:01:30,2024-09-22 14:04:57,156
8127,2024-09-22,2024-09-22 05:01:37,2024-09-22 14:08:57,154
8128,2024-09-22,2024-09-22 05:01:45,2024-09-22 14:07:07,189
8130,2024-09-22,2024-09-22 05:01:59,2024-09-22 14:02:07,170
8132,2024-09-22,2024-09-22 05:04:41,,166
8136,2024-09-22,2024-09-22 05:06:52,2024-09-22 14:02:00,183
8137,2024-09-22,2024-09-22 05:07:35,2024-09-22 14:03:30,144
8138,2024-09-22,2024-09-22 05:07:56,2024-09-22 14:04:06,159
8139,2024-09-22,2024-09-22 05:11:37,2024-09-22 14:08:47,167
8140,2024-09-22,2024-09-22 05:13:27,,175
8142,2024-09-22,2024-09-22 05:18:55,2024-09-22 14:03:24,147
8143,2024-09-22,2024-09-22 05:20:39,2024-09-22 14:11:23,151
8144,2024-09-22,2024-09-22 06:35:01,2024-09-22 14:05:05,187
8146,2024-09-23,2024-09-23 04:51:02,2024-09-23 14:11:05,148
8147,2024-09-23,2024-09-23 04:51:10,2024-09-23 08:31:54,145
8149,2024-09-23,2024-09-23 04:51:27,2024-09-23 14:02:46,146
8151,2024-09-23,2024-09-23 04:51:41,2024-09-23 14:03:36,165
8153,2024-09-23,2024-09-23 04:52:14,2024-09-23 14:02:06,152
8154,2024-09-23,2024-09-23 04:53:07,2024-09-23 14:02:23,177
8156,2024-09-23,2024-09-23 04:54:08,2024-09-23 14:03:04,149
8157,2024-09-23,2024-09-23 04:55:08,2024-09-23 14:30:03,169
8158,2024-09-23,2024-09-23 04:56:02,2024-09-23 14:07:24,159
8159,2024-09-23,2024-09-23 04:56:26,2024-09-23 14:07:37,142
8160,2024-09-23,2024-09-23 04:57:01,2024-09-23 14:02:17,170
8161,2024-09-23,2024-09-23 04:57:24,2024-09-23 14:06:18,147
8163,2024-09-23,2024-09-23 04:58:46,2024-09-23 14:06:24,153
8165,2024-09-23,2024-09-23 05:01:34,2024-09-23 14:05:10,154
8166,2024-09-23,2024-09-23 05:01:43,2024-09-23 14:10:51,189
8168,2024-09-23,2024-09-23 05:04:25,2024-09-23 14:23:03,160
8169,2024-09-23,2024-09-23 05:05:05,2024-09-23 14:02:51,167
8170,2024-09-23,2024-09-23 05:06:06,2024-09-23 14:03:13,156
8171,2024-09-23,2024-09-23 05:07:04,2024-09-23 14:04:52,183
8172,2024-09-23,2024-09-23 05:09:01,2024-09-23 14:13:27,175
8173,2024-09-23,2024-09-23 05:11:15,2024-09-23 14:05:02,144
8175,2024-09-23,2024-09-23 05:14:54,2024-09-23 14:03:30,164
8178,2024-09-23,2024-09-23 05:21:01,2024-09-23 14:15:02,151
8179,2024-09-23,2024-09-23 05:40:17,2024-09-23 14:32:29,178
8182,2024-09-24,2024-09-24 04:45:12,2024-09-24 15:37:52,148
8183,2024-09-24,2024-09-24 04:45:19,2024-09-24 14:06:19,165
8184,2024-09-24,2024-09-24 04:45:24,2024-09-24 08:23:05,145
8185,2024-09-24,2024-09-24 04:47:51,2024-09-24 14:17:54,177
8186,2024-09-24,2024-09-24 04:48:58,2024-09-24 14:44:06,160
8187,2024-09-24,2024-09-24 04:49:06,2024-09-24 14:02:57,152
8189,2024-09-24,2024-09-24 04:50:11,2024-09-24 14:07:05,169
8194,2024-09-24,2024-09-24 04:55:08,2024-09-24 14:03:42,149
8195,2024-09-24,2024-09-24 04:56:36,2024-09-24 15:08:32,178
8196,2024-09-24,2024-09-24 04:56:57,2024-09-24 14:17:48,146
8198,2024-09-24,2024-09-24 04:58:20,2024-09-24 14:10:26,142
8202,2024-09-24,2024-09-24 04:59:13,2024-09-24 14:03:34,187
8204,2024-09-24,2024-09-24 05:01:36,2024-09-24 14:04:26,170
8205,2024-09-24,2024-09-24 05:01:54,2024-09-24 15:09:02,151
8206,2024-09-24,2024-09-24 05:02:15,2024-09-24 14:19:18,154
8207,2024-09-24,2024-09-24 05:02:30,2024-09-24 14:18:59,189
8208,2024-09-24,2024-09-24 05:04:23,2024-09-24 14:03:46,144
8209,2024-09-24,2024-09-24 05:05:46,2024-09-24 14:09:37,147
8211,2024-09-24,2024-09-24 05:07:37,2024-09-24 14:05:50,183
8212,2024-09-24,2024-09-24 05:08:17,2024-09-24 14:05:20,156
8213,2024-09-24,2024-09-24 05:09:40,2024-09-24 14:21:33,175
8214,2024-09-24,2024-09-24 05:10:28,2024-09-24 14:13:54,159
8215,2024-09-24,2024-09-24 05:11:15,,179
8216,2024-09-24,2024-09-24 05:18:17,2024-09-24 14:10:05,167
8218,2024-09-24,2024-09-24 06:21:43,2024-09-24 14:11:39,153
8220,2024-09-25,2024-09-25 04:46:01,2024-09-25 08:15:44,145
8222,2024-09-25,2024-09-25 04:47:40,2024-09-25 14:10:16,148
8223,2024-09-25,2024-09-25 04:47:47,2024-09-25 14:14:42,169
8224,2024-09-25,2024-09-25 04:47:52,2024-09-25 14:03:30,165
8225,2024-09-25,2024-09-25 04:48:13,2024-09-25 14:01:33,177
8228,2024-09-25,2024-09-25 04:50:46,2024-09-25 14:03:50,152
8229,2024-09-25,2024-09-25 04:52:10,2024-09-25 14:03:42,149
8232,2024-09-25,2024-09-25 04:55:44,2024-09-25 14:07:54,154
8233,2024-09-25,2024-09-25 04:55:52,2024-09-25 14:07:00,189
8234,2024-09-25,2024-09-25 04:55:56,2024-09-25 14:02:26,146
8236,2024-09-25,2024-09-25 04:56:22,2024-09-25 14:09:55,160
8238,2024-09-25,2024-09-25 04:58:11,2024-09-25 14:10:03,142
8239,2024-09-25,2024-09-25 05:00:42,2024-09-25 14:05:39,153
8240,2024-09-25,2024-09-25 05:00:50,2024-09-25 14:04:41,187
8241,2024-09-25,2024-09-25 05:00:59,2024-09-25 14:02:08,156
8244,2024-09-25,2024-09-25 05:01:54,2024-09-25 14:06:42,159
8245,2024-09-25,2024-09-25 05:02:12,2024-09-25 14:03:36,183
8246,2024-09-25,2024-09-25 05:02:27,2024-09-25 14:09:19,147
8247,2024-09-25,2024-09-25 05:02:34,2024-09-25 14:05:58,167
8248,2024-09-25,2024-09-25 05:03:25,2024-09-25 14:14:32,178
8250,2024-09-25,2024-09-25 05:05:09,2024-09-25 14:14:03,175
8251,2024-09-25,2024-09-25 05:05:38,2024-09-25 14:02:32,170
8252,2024-09-25,2024-09-25 05:06:10,2024-09-25 14:02:10,164
8256,2024-09-25,2024-09-25 05:09:27,2024-09-25 14:15:42,151
8258,2024-09-25,2024-09-25 05:15:05,2024-09-25 14:10:10,157
8260,2024-09-25,2024-09-25 07:17:14,2024-09-25 14:03:15,144
8261,2024-09-26,2024-09-26 04:43:46,2024-09-26 14:24:50,157
8262,2024-09-26,2024-09-26 04:44:01,2024-09-26 08:13:05,145
8263,2024-09-26,2024-09-26 04:46:34,2024-09-26 14:19:30,177
8265,2024-09-26,2024-09-26 04:48:52,2024-09-26 14:07:58,152
8271,2024-09-26,2024-09-26 04:53:38,2024-09-26 14:10:48,148
8272,2024-09-26,2024-09-26 04:53:45,2024-09-26 14:19:26,165
8273,2024-09-26,2024-09-26 04:54:28,2024-09-26 14:19:34,146
8274,2024-09-26,2024-09-26 04:55:28,2024-09-26 14:22:14,164
8275,2024-09-26,2024-09-26 04:58:51,2024-09-26 14:20:35,153
8276,2024-09-26,2024-09-26 04:59:31,2024-09-26 14:22:52,142
8277,2024-09-26,2024-09-26 05:00:04,2024-09-26 14:19:12,170
8279,2024-09-26,2024-09-26 05:00:54,2024-09-26 14:04:00,147
8281,2024-09-26,2024-09-26 05:03:01,2024-09-26 14:21:07,154
8282,2024-09-26,2024-09-26 05:03:10,2024-09-26 14:30:27,189
8283,2024-09-26,2024-09-26 05:03:16,2024-09-26 14:21:14,167
8286,2024-09-26,2024-09-26 05:04:29,2024-09-26 14:11:06,160
8287,2024-09-26,2024-09-26 05:05:04,2024-09-26 06:27:45,169
8288,2024-09-26,2024-09-26 05:05:11,2024-09-26 14:19:07,183
8289,2024-09-26,2024-09-26 05:05:22,2024-09-26 14:04:18,144
8293,2024-09-26,2024-09-26 05:06:09,2024-09-26 14:22:36,178
8294,2024-09-26,2024-09-26 05:06:11,,151
8296,2024-09-26,2024-09-26 05:08:51,2024-09-26 14:22:22,187
8297,2024-09-26,2024-09-26 05:09:23,2024-09-26 14:04:09,175
8298,2024-09-26,2024-09-26 05:13:55,2024-09-26 14:20:43,159
8300,2024-09-26,2024-09-26 09:32:23,,166
8301,2024-09-26,2024-09-26 14:21:04,,149
8302,2024-09-28,2024-09-28 05:04:09,2024-09-28 14:15:01,178
8304,2024-09-28,2024-09-28 05:04:24,2024-09-28 14:06:37,187
8307,2024-09-28,2024-09-28 05:04:45,2024-09-28 14:10:55,148
8308,2024-09-28,2024-09-28 05:04:53,2024-09-28 14:02:24,177
8310,2024-09-28,2024-09-28 05:05:10,2024-09-28 14:17:31,189
8312,2024-09-28,2024-09-28 05:05:26,2024-09-28 14:07:24,154
8313,2024-09-28,2024-09-28 05:05:39,2024-09-28 14:07:12,167
8314,2024-09-28,2024-09-28 05:05:50,2024-09-28 10:34:07,145
8317,2024-09-28,2024-09-28 05:06:12,2024-09-28 14:03:31,165
8318,2024-09-28,2024-09-28 05:06:16,2024-09-28 14:13:01,157
8320,2024-09-28,2024-09-28 05:06:28,2024-09-28 14:03:15,149
8321,2024-09-28,2024-09-28 05:06:36,2024-09-28 14:04:09,170
8322,2024-09-28,2024-09-28 05:06:41,2024-09-28 14:01:18,152
8323,2024-09-28,2024-09-28 05:06:48,2024-09-28 14:10:31,159
8324,2024-09-28,2024-09-28 05:06:55,2024-09-28 14:03:59,183
8325,2024-09-28,2024-09-28 05:07:24,2024-09-28 14:04:18,164
8326,2024-09-28,2024-09-28 05:07:30,2024-09-28 14:17:37,169
8328,2024-09-28,2024-09-28 05:07:47,2024-09-28 14:10:39,142
8329,2024-09-28,2024-09-28 05:08:16,2024-09-28 14:16:28,160
8332,2024-09-28,2024-09-28 05:08:54,2024-09-28 14:05:38,144
8333,2024-09-28,2024-09-28 05:09:19,2024-09-28 14:09:51,175
8334,2024-09-28,2024-09-28 05:11:20,2024-09-28 11:12:53,179
8338,2024-09-28,2024-09-28 05:57:34,2024-09-28 14:09:37,153
8339,2024-09-28,2024-09-28 07:02:36,2024-09-28 14:09:29,174
8342,2024-09-29,2024-09-29 04:43:11,2024-09-29 14:07:27,157
8343,2024-09-29,2024-09-29 04:43:33,2024-09-29 14:02:08,177
8344,2024-09-29,2024-09-29 04:49:11,2024-09-29 14:01:15,152
8345,2024-09-29,2024-09-29 04:49:43,2024-09-29 08:07:32,145
8346,2024-09-29,2024-09-29 04:49:53,2024-09-29 14:14:25,160
8349,2024-09-29,2024-09-29 04:52:51,2024-09-29 14:06:11,148
8350,2024-09-29,2024-09-29 04:52:57,2024-09-29 14:04:14,165
8351,2024-09-29,2024-09-29 04:53:05,2024-09-29 14:03:04,146
8354,2024-09-29,2024-09-29 04:54:46,2024-09-29 14:01:35,149
8355,2024-09-29,2024-09-29 04:54:56,2024-09-29 14:04:05,170
8356,2024-09-29,2024-09-29 04:58:17,2024-09-29 14:07:20,142
8357,2024-09-29,2024-09-29 04:59:49,2024-09-29 14:01:26,164
8359,2024-09-29,2024-09-29 05:01:49,2024-09-29 14:05:06,153
8361,2024-09-29,2024-09-29 05:02:46,2024-09-29 14:15:11,189
8363,2024-09-29,2024-09-29 05:03:09,2024-09-29 14:10:52,154
8365,2024-09-29,2024-09-29 05:03:18,2024-09-29 14:01:52,167
8367,2024-09-29,2024-09-29 05:03:30,2024-09-29 14:02:14,187
8368,2024-09-29,2024-09-29 05:04:17,2024-09-29 14:14:35,151
8369,2024-09-29,2024-09-29 05:04:24,2024-09-29 14:04:57,174
8370,2024-09-29,2024-09-29 05:05:25,2024-09-29 14:05:16,156
8371,2024-09-29,2024-09-29 05:05:59,2024-09-29 14:14:15,175
8372,2024-09-29,2024-09-29 05:07:28,2024-09-29 14:03:34,183
8374,2024-09-29,2024-09-29 05:08:39,2024-09-29 14:23:12,178
8375,2024-09-29,2024-09-29 05:10:21,,159
8376,2024-09-29,2024-09-29 05:13:35,2024-09-29 14:04:28,144
8378,2024-09-29,2024-09-29 05:19:46,2024-09-29 14:13:02,169
8379,2024-09-30,2024-09-30 04:47:39,2024-09-30 08:01:31,145
8380,2024-09-30,2024-09-30 04:47:45,2024-09-30 14:04:32,147
8381,2024-09-30,2024-09-30 04:47:50,2024-09-30 14:09:01,157
8384,2024-09-30,2024-09-30 04:48:26,2024-09-30 14:02:21,152
8385,2024-09-30,2024-09-30 04:48:44,2024-09-30 14:02:54,177
8386,2024-09-30,2024-09-30 04:51:15,2024-09-30 14:07:16,148
8387,2024-09-30,2024-09-30 04:51:23,2024-09-30 14:04:06,146
8388,2024-09-30,2024-09-30 04:51:30,2024-09-30 14:04:11,165
8389,2024-09-30,2024-09-30 04:51:39,2024-09-30 14:08:17,153
8390,2024-09-30,2024-09-30 04:53:18,2024-09-30 14:16:14,169
8392,2024-09-30,2024-09-30 04:56:45,2024-09-30 14:07:37,142
8393,2024-09-30,2024-09-30 04:56:53,2024-09-30 14:02:35,149
8394,2024-09-30,2024-09-30 04:57:12,2024-09-30 14:03:41,164
8398,2024-09-30,2024-09-30 05:00:06,2024-09-30 14:18:46,160
8399,2024-09-30,2024-09-30 05:01:33,2024-09-30 14:02:27,170
8400,2024-09-30,2024-09-30 05:01:41,2024-09-30 14:06:10,154
8401,2024-09-30,2024-09-30 05:01:49,2024-09-30 14:11:34,189
8403,2024-09-30,2024-09-30 05:02:05,2024-09-30 14:11:24,159
8404,2024-09-30,2024-09-30 05:02:48,,151
8405,2024-09-30,2024-09-30 05:03:24,2024-09-30 14:06:28,156
8406,2024-09-30,2024-09-30 05:03:52,2024-09-30 14:07:24,178
8407,2024-09-30,2024-09-30 05:06:15,2024-09-30 14:11:52,175
8413,2024-09-30,2024-09-30 05:10:12,2024-09-30 14:02:02,187
8416,2024-09-30,2024-09-30 05:12:20,2024-09-30 14:05:14,183
8417,2024-09-30,2024-09-30 05:12:26,2024-09-30 14:03:44,167
8418,2024-09-30,2024-09-30 05:12:38,2024-09-30 14:04:14,144
8422,2024-10-01,2024-10-01 04:47:40,2024-10-01 14:02:11,177
8423,2024-10-01,2024-10-01 04:48:18,2024-10-01 14:06:23,157
8424,2024-10-01,2024-10-01 04:49:30,2024-10-01 14:03:51,165
8425,2024-10-01,2024-10-01 04:51:03,2024-10-01 14:04:40,148
8426,2024-10-01,2024-10-01 04:51:19,2024-10-01 14:01:19,152
8427,2024-10-01,2024-10-01 04:51:26,2024-10-01 07:35:01,145
8428,2024-10-01,2024-10-01 04:54:00,2024-10-01 14:02:23,146
8430,2024-10-01,2024-10-01 04:54:48,2024-10-01 14:12:55,169
8432,2024-10-01,2024-10-01 04:56:11,2024-10-01 14:12:34,153
8433,2024-10-01,2024-10-01 04:56:19,2024-10-01 14:04:21,174
8434,2024-10-01,2024-10-01 04:57:33,2024-10-01 14:09:34,178
8436,2024-10-01,2024-10-01 04:59:42,2024-10-01 14:07:01,142
8437,2024-10-01,2024-10-01 04:59:46,2024-10-01 14:18:13,160
8438,2024-10-01,2024-10-01 04:59:54,2024-10-01 14:05:43,149
8440,2024-10-01,2024-10-01 05:00:30,2024-10-01 14:08:27,189
8441,2024-10-01,2024-10-01 05:00:37,2024-10-01 14:08:33,154
8443,2024-10-01,2024-10-01 05:01:56,2024-10-01 14:05:15,147
8448,2024-10-01,2024-10-01 05:04:58,2024-10-01 14:05:30,187
8449,2024-10-01,2024-10-01 05:05:03,2024-10-01 14:02:15,170
8450,2024-10-01,2024-10-01 05:05:08,2024-10-01 14:03:37,183
8453,2024-10-01,2024-10-01 05:08:05,2024-10-01 14:08:08,156
8454,2024-10-01,2024-10-01 05:08:20,2024-10-01 14:14:16,175
8455,2024-10-01,2024-10-01 05:11:18,2024-10-01 14:07:31,167
8458,2024-10-01,2024-10-01 05:12:55,2024-10-01 14:10:07,159
8461,2024-10-01,2024-10-01 05:13:43,2024-10-01 14:16:26,151
8462,2024-10-01,2024-10-01 05:25:26,2024-10-01 14:05:13,144
8463,2024-10-02,2024-10-02 04:39:26,2024-10-02 07:50:52,145
8464,2024-10-02,2024-10-02 04:40:25,2024-10-02 14:02:15,177
8465,2024-10-02,2024-10-02 04:42:16,2024-10-02 14:11:50,169
8466,2024-10-02,2024-10-02 04:45:45,2024-10-02 14:04:34,165
8467,2024-10-02,2024-10-02 04:45:52,2024-10-02 14:13:30,148
8469,2024-10-02,2024-10-02 04:48:38,2024-10-02 14:01:58,152
8472,2024-10-02,2024-10-02 04:50:30,2024-10-02 14:09:59,157
8473,2024-10-02,2024-10-02 04:50:57,2024-10-02 14:05:35,147
8475,2024-10-02,2024-10-02 04:53:51,2024-10-02 14:02:21,146
8477,2024-10-02,2024-10-02 04:59:48,2024-10-02 14:09:54,142
8478,2024-10-02,2024-10-02 04:59:55,2024-10-02 14:06:39,159
8479,2024-10-02,2024-10-02 05:00:07,2024-10-02 14:02:10,164
8480,2024-10-02,2024-10-02 05:01:19,2024-10-02 14:02:28,170
8481,2024-10-02,2024-10-02 05:01:36,2024-10-02 14:05:14,149
8483,2024-10-02,2024-10-02 05:02:41,2024-10-02 14:03:53,156
8484,2024-10-02,2024-10-02 05:03:02,2024-10-02 14:16:41,151
8485,2024-10-02,2024-10-02 05:03:20,2024-10-02 14:08:36,153
8486,2024-10-02,2024-10-02 05:03:35,2024-10-02 14:14:23,175
8487,2024-10-02,2024-10-02 05:04:36,2024-10-02 14:13:38,189
8489,2024-10-02,2024-10-02 05:04:47,2024-10-02 14:13:47,154
8490,2024-10-02,2024-10-02 05:05:29,2024-10-02 14:02:12,144
8492,2024-10-02,2024-10-02 05:07:06,2024-10-02 14:01:39,187
8496,2024-10-02,2024-10-02 05:09:36,2024-10-02 14:03:05,183
8497,2024-10-02,2024-10-02 05:14:25,2024-10-02 14:14:36,160
8498,2024-10-02,2024-10-02 05:17:50,2024-10-02 14:16:18,178
8500,2024-10-03,2024-10-03 04:43:40,2024-10-03 14:05:15,148
8501,2024-10-03,2024-10-03 04:43:58,2024-10-03 14:06:55,165
8502,2024-10-03,2024-10-03 04:44:56,,169
8503,2024-10-03,2024-10-03 04:45:05,2024-10-03 14:06:47,177
8506,2024-10-03,2024-10-03 04:47:56,2024-10-03 14:14:29,174
8507,2024-10-03,2024-10-03 04:49:36,2024-10-03 14:13:13,157
8508,2024-10-03,2024-10-03 04:50:17,2024-10-03 14:02:05,152
8510,2024-10-03,2024-10-03 04:53:27,2024-10-03 14:30:21,160
8512,2024-10-03,2024-10-03 04:54:57,2024-10-03 14:36:37,147
8513,2024-10-03,2024-10-03 04:55:25,2024-10-03 14:06:39,146
8514,2024-10-03,2024-10-03 04:56:37,2024-10-03 14:19:32,153
8515,2024-10-03,2024-10-03 04:56:54,2024-10-03 14:09:00,149
8517,2024-10-03,2024-10-03 04:58:27,2024-10-03 14:13:23,142
8518,2024-10-03,2024-10-03 05:00:07,,164
8519,2024-10-03,2024-10-03 05:03:04,2024-10-03 14:06:32,170
8520,2024-10-03,2024-10-03 05:03:16,2024-10-03 14:19:12,175
8521,2024-10-03,2024-10-03 05:03:20,2024-10-03 14:24:58,178
8523,2024-10-03,2024-10-03 05:04:51,2024-10-03 14:08:32,183
8524,2024-10-03,2024-10-03 05:04:55,2024-10-03 14:08:04,154
8525,2024-10-03,2024-10-03 05:05:03,2024-10-03 14:15:32,189
8527,2024-10-03,2024-10-03 05:05:51,2024-10-03 14:39:18,151
8528,2024-10-03,2024-10-03 05:06:05,2024-10-03 14:10:31,156
8529,2024-10-03,2024-10-03 05:07:13,2024-10-03 08:01:42,145
8530,2024-10-03,2024-10-03 05:07:50,2024-10-03 14:14:24,159
8536,2024-10-03,2024-10-03 05:14:04,2024-10-03 14:05:34,187
8538,2024-10-03,2024-10-03 05:16:59,2024-10-03 14:05:46,144
8539,2024-10-03,2024-10-03 05:17:57,2024-10-03 14:09:47,167
8543,2024-10-05,2024-10-05 04:42:25,2024-10-05 14:03:15,165
8544,2024-10-05,2024-10-05 04:43:28,2024-10-05 14:03:07,177
8546,2024-10-05,2024-10-05 04:45:05,2024-10-05 14:20:24,160
8547,2024-10-05,2024-10-05 04:52:10,2024-10-05 14:09:25,148
8548,2024-10-05,2024-10-05 04:52:18,2024-10-05 14:03:00,146
8551,2024-10-05,2024-10-05 04:55:52,2024-10-05 14:07:08,169
8553,2024-10-05,2024-10-05 04:56:45,2024-10-05 14:01:57,149
8554,2024-10-05,2024-10-05 04:57:08,2024-10-05 14:07:58,154
8555,2024-10-05,2024-10-05 04:57:17,2024-10-05 14:15:20,189
8557,2024-10-05,2024-10-05 04:58:21,2024-10-05 14:02:01,145
8558,2024-10-05,2024-10-05 04:58:29,2024-10-05 14:02:09,152
8560,2024-10-05,2024-10-05 04:59:10,2024-10-05 14:07:27,147
8561,2024-10-05,2024-10-05 04:59:18,2024-10-05 14:08:20,142
8563,2024-10-05,2024-10-05 05:01:17,2024-10-05 14:07:00,156
8564,2024-10-05,2024-10-05 05:01:42,2024-10-05 14:01:39,170
8565,2024-10-05,2024-10-05 05:07:10,2024-10-05 14:01:42,144
8567,2024-10-05,2024-10-05 05:07:35,2024-10-05 14:01:45,164
8568,2024-10-05,2024-10-05 05:07:53,2024-10-05 14:03:46,167
8569,2024-10-05,2024-10-05 05:08:10,2024-10-05 14:04:18,183
8570,2024-10-05,2024-10-05 05:08:39,,153
8571,2024-10-05,2024-10-05 05:09:47,2024-10-05 14:06:01,159
8572,2024-10-05,2024-10-05 05:10:37,,151
8573,2024-10-05,2024-10-05 05:12:16,2024-10-05 14:13:06,175
8574,2024-10-05,2024-10-05 05:13:47,2024-10-05 14:19:47,178
8575,2024-10-05,2024-10-05 05:16:16,2024-10-05 14:02:15,187
8582,2024-10-06,2024-10-06 04:40:01,2024-10-06 14:02:12,177
8583,2024-10-06,2024-10-06 04:40:23,2024-10-06 14:12:11,160
8585,2024-10-06,2024-10-06 04:44:09,2024-10-06 14:02:03,145
8586,2024-10-06,2024-10-06 04:48:47,2024-10-06 11:37:20,174
8587,2024-10-06,2024-10-06 04:49:03,2024-10-06 14:04:24,165
8588,2024-10-06,2024-10-06 04:49:08,2024-10-06 14:07:43,148
8590,2024-10-06,2024-10-06 04:51:22,2024-10-06 14:01:50,152
8592,2024-10-06,2024-10-06 04:53:46,2024-10-06 14:02:26,146
8593,2024-10-06,2024-10-06 04:55:00,2024-10-06 14:11:29,167
8594,2024-10-06,2024-10-06 04:55:57,2024-10-06 14:02:37,147
8596,2024-10-06,2024-10-06 04:57:19,2024-10-06 14:11:25,142
8597,2024-10-06,2024-10-06 04:57:46,2024-10-06 14:04:33,149
8599,2024-10-06,2024-10-06 05:01:13,2024-10-06 14:04:56,154
8600,2024-10-06,2024-10-06 05:01:26,2024-10-06 14:05:37,189
8602,2024-10-06,2024-10-06 05:02:46,2024-10-06 14:03:03,170
8603,2024-10-06,2024-10-06 05:03:16,2024-10-06 14:12:57,175
8604,2024-10-06,2024-10-06 05:06:03,2024-10-06 14:07:10,156
8606,2024-10-06,2024-10-06 05:09:23,2024-10-06 14:02:39,164
8607,2024-10-06,2024-10-06 05:09:44,2024-10-06 14:03:14,183
8610,2024-10-06,2024-10-06 05:12:16,2024-10-06 14:05:03,159
8614,2024-10-06,2024-10-06 05:13:06,2024-10-06 14:05:19,187
8617,2024-10-06,2024-10-06 05:16:23,2024-10-06 14:11:55,151
8618,2024-10-06,2024-10-06 05:16:33,2024-10-06 14:13:21,178
8619,2024-10-06,2024-10-06 06:32:14,2024-10-06 14:08:57,169
8620,2024-10-07,2024-10-07 04:42:03,2024-10-07 14:12:15,157
8622,2024-10-07,2024-10-07 04:42:53,2024-10-07 14:01:50,177
8623,2024-10-07,2024-10-07 04:44:08,2024-10-07 14:11:55,169
8624,2024-10-07,2024-10-07 04:45:38,2024-10-07 14:03:30,165
8625,2024-10-07,2024-10-07 04:46:42,2024-10-07 08:03:44,145
8626,2024-10-07,2024-10-07 04:48:23,2024-10-07 14:03:54,148
8628,2024-10-07,2024-10-07 04:55:08,2024-10-07 14:00:40,152
8629,2024-10-07,2024-10-07 04:55:15,2024-10-07 14:02:05,146
8630,2024-10-07,2024-10-07 04:55:24,2024-10-07 14:04:24,174
8632,2024-10-07,2024-10-07 04:56:18,2024-10-07 14:02:44,149
8635,2024-10-07,2024-10-07 05:00:35,,170
8636,2024-10-07,2024-10-07 05:00:40,2024-10-07 14:07:27,142
8637,2024-10-07,2024-10-07 05:04:12,2024-10-07 14:13:32,151
8638,2024-10-07,2024-10-07 05:04:29,2024-10-07 14:01:45,164
8639,2024-10-07,2024-10-07 05:04:48,2024-10-07 06:00:49,167
8640,2024-10-07,2024-10-07 05:04:55,2024-10-07 14:03:03,189
8641,2024-10-07,2024-10-07 05:04:58,2024-10-07 14:02:50,154
8643,2024-10-07,2024-10-07 05:06:20,2024-10-07 14:03:18,183
8644,2024-10-07,2024-10-07 05:07:46,2024-10-07 14:01:53,144
8645,2024-10-07,2024-10-07 05:08:18,2024-10-07 14:08:09,156
8646,2024-10-07,2024-10-07 05:08:34,,159
8647,2024-10-07,2024-10-07 05:08:45,2024-10-07 14:13:25,175
8648,2024-10-07,2024-10-07 05:09:32,2024-10-07 14:02:08,147
8649,2024-10-07,2024-10-07 05:12:00,2024-10-07 14:04:17,187
8654,2024-10-07,2024-10-07 05:36:20,2024-10-07 14:14:17,178
8655,2024-10-07,2024-10-07 08:08:21,2024-10-07 14:10:42,160
8659,2024-10-08,2024-10-08 04:51:46,2024-10-08 08:10:42,145
8660,2024-10-08,2024-10-08 04:52:13,2024-10-08 14:13:10,160
8662,2024-10-08,2024-10-08 04:52:24,2024-10-08 14:07:01,157
8663,2024-10-08,2024-10-08 04:52:32,2024-10-08 14:01:28,177
8664,2024-10-08,2024-10-08 04:52:40,2024-10-08 14:06:24,174
8665,2024-10-08,2024-10-08 04:52:51,2024-10-08 14:00:43,152
8666,2024-10-08,2024-10-08 04:53:45,2024-10-08 14:01:51,146
8668,2024-10-08,2024-10-08 04:54:25,2024-10-08 14:07:53,153
8669,2024-10-08,2024-10-08 04:54:36,2024-10-08 14:12:09,169
8670,2024-10-08,2024-10-08 04:54:49,2024-10-08 14:03:18,148
8671,2024-10-08,2024-10-08 04:54:57,2024-10-08 14:02:46,165
8673,2024-10-08,2024-10-08 04:58:31,2024-10-08 14:08:31,178
8675,2024-10-08,2024-10-08 05:01:19,2024-10-08 14:00:53,170
8677,2024-10-08,2024-10-08 05:01:33,2024-10-08 08:30:35,154
8678,2024-10-08,2024-10-08 05:01:39,2024-10-08 14:08:19,189
8680,2024-10-08,2024-10-08 05:01:54,2024-10-08 14:04:01,149
8681,2024-10-08,2024-10-08 05:03:11,2024-10-08 14:10:27,142
8682,2024-10-08,2024-10-08 05:04:13,2024-10-08 14:00:46,164
8685,2024-10-08,2024-10-08 05:08:07,2024-10-08 14:06:57,187
8686,2024-10-08,2024-10-08 05:08:15,2024-10-08 10:09:05,156
8687,2024-10-08,2024-10-08 05:08:28,,151
8688,2024-10-08,2024-10-08 05:09:55,,159
8689,2024-10-08,2024-10-08 05:10:16,2024-10-08 14:13:01,175
8690,2024-10-08,2024-10-08 05:10:25,2024-10-08 14:04:29,183
8691,2024-10-08,2024-10-08 05:11:46,2024-10-08 14:01:42,147
8696,2024-10-08,2024-10-08 08:24:15,2024-10-08 14:01:54,144
8698,2024-10-09,2024-10-09 04:42:44,2024-10-09 08:05:26,145
8700,2024-10-09,2024-10-09 04:43:40,2024-10-09 14:02:35,177
8701,2024-10-09,2024-10-09 04:44:36,2024-10-09 05:37:16,152
8702,2024-10-09,2024-10-09 04:45:33,2024-10-09 14:09:11,157
8704,2024-10-09,2024-10-09 04:46:07,2024-10-09 14:07:05,148
8705,2024-10-09,2024-10-09 04:46:15,2024-10-09 14:04:15,165
8706,2024-10-09,2024-10-09 04:48:59,2024-10-09 14:15:04,160
8707,2024-10-09,2024-10-09 04:49:19,2024-10-09 14:03:41,149
8708,2024-10-09,2024-10-09 04:49:54,2024-10-09 14:05:41,169
8710,2024-10-09,2024-10-09 04:55:51,2024-10-09 14:10:39,153
8711,2024-10-09,2024-10-09 04:55:56,2024-10-09 14:02:45,146
8712,2024-10-09,2024-10-09 04:59:36,2024-10-09 14:05:57,174
8714,2024-10-09,2024-10-09 05:00:43,2024-10-09 14:01:48,170
8715,2024-10-09,2024-10-09 05:01:56,2024-10-09 14:13:03,189
8716,2024-10-09,2024-10-09 05:02:01,2024-10-09 14:12:56,154
8718,2024-10-09,2024-10-09 05:02:12,2024-10-09 14:08:23,159
8720,2024-10-09,2024-10-09 05:06:26,2024-10-09 14:18:53,178
8721,2024-10-09,2024-10-09 05:06:42,2024-10-09 14:03:36,164
8722,2024-10-09,2024-10-09 05:06:52,2024-10-09 14:09:18,147
8723,2024-10-09,2024-10-09 05:07:03,2024-10-09 14:04:35,167
8724,2024-10-09,2024-10-09 05:07:11,2024-10-09 14:05:49,156
8726,2024-10-09,2024-10-09 05:10:53,2024-10-09 14:05:36,183
8727,2024-10-09,2024-10-09 05:11:18,2024-10-09 14:04:26,144
8731,2024-10-09,2024-10-09 05:13:38,2024-10-09 14:14:50,175
8734,2024-10-09,2024-10-09 05:17:14,2024-10-09 14:18:28,151
8735,2024-10-09,2024-10-09 07:04:02,2024-10-09 14:09:02,142
8736,2024-10-10,2024-10-10 04:38:49,2024-10-10 14:06:05,177
8738,2024-10-10,2024-10-10 04:42:39,2024-10-10 14:27:09,169
8739,2024-10-10,2024-10-10 04:47:46,2024-10-10 14:07:53,165
8740,2024-10-10,2024-10-10 04:47:54,2024-10-10 14:12:29,148
8741,2024-10-10,2024-10-10 04:48:07,2024-10-10 14:07:31,149
8743,2024-10-10,2024-10-10 04:50:18,2024-10-10 14:12:42,157
8744,2024-10-10,2024-10-10 04:52:38,2024-10-10 14:03:43,152
8745,2024-10-10,2024-10-10 04:52:57,2024-10-10 07:42:40,145
8746,2024-10-10,2024-10-10 04:53:17,2024-10-10 14:09:17,147
8747,2024-10-10,2024-10-10 04:55:20,2024-10-10 14:06:16,146
8749,2024-10-10,2024-10-10 04:58:57,2024-10-10 14:12:11,142
8750,2024-10-10,2024-10-10 05:00:14,2024-10-10 14:11:59,153
8752,2024-10-10,2024-10-10 05:01:03,2024-10-10 14:18:46,189
8755,2024-10-10,2024-10-10 05:02:28,2024-10-10 14:11:48,174
8756,2024-10-10,2024-10-10 05:02:40,2024-10-10 14:06:49,170
8757,2024-10-10,2024-10-10 05:03:17,2024-10-10 14:27:17,178
8760,2024-10-10,2024-10-10 05:04:04,2024-10-10 14:07:46,187
8761,2024-10-10,2024-10-10 05:04:12,2024-10-10 14:08:33,156
8762,2024-10-10,2024-10-10 05:07:20,2024-10-10 14:14:56,175
8763,2024-10-10,2024-10-10 05:07:24,2024-10-10 14:08:48,164
8764,2024-10-10,2024-10-10 05:07:26,2024-10-10 14:08:02,154
8765,2024-10-10,2024-10-10 05:07:32,2024-10-10 14:09:31,167
8766,2024-10-10,2024-10-10 05:07:36,,144
8767,2024-10-10,2024-10-10 05:07:42,2024-10-10 14:06:40,183
8770,2024-10-10,2024-10-10 05:10:39,,151
8773,2024-10-10,2024-10-10 05:11:42,2024-10-10 14:16:50,160
8775,2024-10-10,2024-10-10 05:22:01,2024-10-10 14:10:02,159
8776,2024-10-12,2024-10-12 04:49:28,2024-10-12 05:52:31,145
8777,2024-10-12,2024-10-12 04:49:37,2024-10-12 14:12:31,160
8778,2024-10-12,2024-10-12 04:49:44,2024-10-12 14:07:04,169
8779,2024-10-12,2024-10-12 04:50:00,2024-10-12 14:02:20,177
8780,2024-10-12,2024-10-12 04:51:32,2024-10-12 14:06:25,148
8781,2024-10-12,2024-10-12 04:51:39,2024-10-12 14:08:26,157
8782,2024-10-12,2024-10-12 04:51:45,2024-10-12 14:07:13,165
8785,2024-10-12,2024-10-12 04:55:50,2024-10-12 14:02:13,146
8786,2024-10-12,2024-10-12 04:57:09,2024-10-12 05:36:38,152
8787,2024-10-12,2024-10-12 04:58:21,2024-10-12 14:04:47,149
8788,2024-10-12,2024-10-12 04:59:36,2024-10-12 14:00:59,147
8789,2024-10-12,2024-10-12 04:59:46,2024-10-12 14:02:48,170
8790,2024-10-12,2024-10-12 05:01:51,2024-10-12 14:08:07,142
8791,2024-10-12,2024-10-12 05:02:42,2024-10-12 14:09:49,189
8797,2024-10-12,2024-10-12 05:07:01,2024-10-12 14:05:54,187
8798,2024-10-12,2024-10-12 05:07:30,2024-10-12 14:05:49,183
8799,2024-10-12,2024-10-12 05:07:42,2024-10-12 14:02:25,144
8800,2024-10-12,2024-10-12 05:08:05,2024-10-12 14:04:31,156
8801,2024-10-12,2024-10-12 05:08:27,2024-10-12 14:08:16,153
8803,2024-10-12,2024-10-12 05:08:53,2024-10-12 14:12:23,175
8804,2024-10-12,2024-10-12 05:11:05,2024-10-12 14:06:42,159
8805,2024-10-12,2024-10-12 05:11:10,2024-10-12 14:09:57,154
8806,2024-10-12,2024-10-12 05:11:13,2024-10-12 14:04:49,167
8807,2024-10-12,2024-10-12 05:11:15,2024-10-12 14:03:11,164
8808,2024-10-12,2024-10-12 05:18:33,2024-10-12 14:22:19,178
8809,2024-10-13,2024-10-13 04:42:03,2024-10-13 14:07:49,177
8810,2024-10-13,2024-10-13 04:47:15,2024-10-13 14:09:29,148
8811,2024-10-13,2024-10-13 04:47:28,2024-10-13 14:11:06,157
8813,2024-10-13,2024-10-13 04:47:47,2024-10-13 14:31:19,169
8816,2024-10-13,2024-10-13 04:55:14,2024-10-13 14:03:14,146
8817,2024-10-13,2024-10-13 04:55:22,2024-10-13 14:15:14,160
8818,2024-10-13,2024-10-13 04:55:46,2024-10-13 14:05:47,149
8819,2024-10-13,2024-10-13 04:56:25,,174
8820,2024-10-13,2024-10-13 04:56:42,2024-10-13 14:12:17,153
8821,2024-10-13,2024-10-13 04:57:21,2024-10-13 14:03:09,170
8822,2024-10-13,2024-10-13 05:00:25,2024-10-13 14:23:16,189
8823,2024-10-13,2024-10-13 05:00:43,2024-10-13 14:07:33,154
8824,2024-10-13,2024-10-13 05:00:49,2024-10-13 14:08:46,164
8826,2024-10-13,2024-10-13 05:01:47,2024-10-13 14:10:35,142
8827,2024-10-13,2024-10-13 05:04:54,2024-10-13 14:08:13,159
8828,2024-10-13,2024-10-13 05:06:31,2024-10-13 14:03:40,144
8829,2024-10-13,2024-10-13 05:06:38,2024-10-13 14:06:39,156
8831,2024-10-13,2024-10-13 05:07:21,2024-10-13 14:16:16,175
8832,2024-10-13,2024-10-13 05:08:58,2024-10-13 14:12:06,167
8833,2024-10-13,2024-10-13 05:10:04,2024-10-13 14:03:04,183
8834,2024-10-13,2024-10-13 05:10:12,2024-10-13 14:40:27,178
8835,2024-10-13,2024-10-13 05:10:33,2024-10-13 14:07:16,147
8838,2024-10-13,2024-10-13 05:19:13,2024-10-13 14:07:35,187
8841,2024-10-13,2024-10-13 08:08:04,,151
8842,2024-10-14,2024-10-14 04:41:45,2024-10-14 14:01:16,177
8844,2024-10-14,2024-10-14 04:46:39,2024-10-14 14:03:39,148
8845,2024-10-14,2024-10-14 04:46:54,2024-10-14 14:14:01,169
8851,2024-10-14,2024-10-14 04:54:52,2024-10-14 14:08:17,160
8852,2024-10-14,2024-10-14 04:54:56,2024-10-14 14:01:24,146
8853,2024-10-14,2024-10-14 04:55:43,2024-10-14 14:03:03,149
8854,2024-10-14,2024-10-14 04:59:14,2024-10-14 14:09:56,174
8855,2024-10-14,2024-10-14 05:00:24,2024-10-14 14:07:48,189
8857,2024-10-14,2024-10-14 05:01:10,2024-10-14 14:06:10,142
8858,2024-10-14,2024-10-14 05:01:44,2024-10-14 14:07:25,154
8859,2024-10-14,2024-10-14 05:01:48,2024-10-14 14:02:02,164
8860,2024-10-14,2024-10-14 05:04:14,2024-10-14 14:03:32,170
8861,2024-10-14,2024-10-14 05:07:00,2024-10-14 14:02:55,183
8862,2024-10-14,2024-10-14 05:07:32,2024-10-14 14:10:05,153
8863,2024-10-14,2024-10-14 05:07:49,2024-10-14 14:11:20,175
8865,2024-10-14,2024-10-14 05:08:15,2024-10-14 09:28:01,147
8866,2024-10-14,2024-10-14 05:08:38,2024-10-14 14:11:37,178
8867,2024-10-14,2024-10-14 05:10:22,2024-10-14 14:06:21,159
8868,2024-10-14,2024-10-14 05:11:19,2024-10-14 14:05:43,156
8869,2024-10-14,2024-10-14 05:12:19,2024-10-14 14:05:57,167
8871,2024-10-14,2024-10-14 05:12:24,2024-10-14 14:03:06,187
8872,2024-10-14,2024-10-14 05:17:24,,151
8876,2024-10-14,2024-10-14 09:21:47,2024-10-14 14:02:23,144
8878,2024-10-15,2024-10-15 04:44:06,2024-10-15 14:01:31,177
8880,2024-10-15,2024-10-15 04:49:32,2024-10-15 14:20:26,169
8881,2024-10-15,2024-10-15 04:49:44,2024-10-15 14:20:09,178
8885,2024-10-15,2024-10-15 04:53:26,2024-10-15 14:10:51,160
8888,2024-10-15,2024-10-15 04:56:52,2024-10-15 14:08:24,149
8889,2024-10-15,2024-10-15 04:56:56,2024-10-15 14:01:48,146
8891,2024-10-15,2024-10-15 04:57:16,2024-10-15 14:09:16,156
8892,2024-10-15,2024-10-15 04:59:13,2024-10-15 14:06:05,148
8893,2024-10-15,2024-10-15 04:59:49,2024-10-15 14:02:41,165
8894,2024-10-15,2024-10-15 04:59:58,2024-10-15 14:15:20,142
8895,2024-10-15,2024-10-15 05:00:57,2024-10-15 14:05:28,189
8896,2024-10-15,2024-10-15 05:01:00,2024-10-15 14:02:31,154
8898,2024-10-15,2024-10-15 05:02:21,2024-10-15 11:07:21,174
8899,2024-10-15,2024-10-15 05:05:18,2024-10-15 14:03:01,183
8900,2024-10-15,2024-10-15 05:05:23,2024-10-15 14:02:26,144
8901,2024-10-15,2024-10-15 05:06:17,2024-10-15 14:02:54,170
8902,2024-10-15,2024-10-15 05:07:42,2024-10-15 14:02:22,147
8903,2024-10-15,2024-10-15 05:08:07,2024-10-15 14:19:08,175
8904,2024-10-15,2024-10-15 05:08:54,2024-10-15 14:19:26,159
8905,2024-10-15,2024-10-15 05:11:20,2024-10-15 14:02:28,167
8906,2024-10-15,2024-10-15 05:11:26,2024-10-15 14:20:52,151
8907,2024-10-15,2024-10-15 05:21:02,2024-10-15 14:01:53,164
8912,2024-10-15,2024-10-15 05:24:27,2024-10-15 14:02:49,187
8914,2024-10-16,2024-10-16 04:45:10,2024-10-16 14:02:18,177
8917,2024-10-16,2024-10-16 04:46:10,2024-10-16 14:15:23,169
8918,2024-10-16,2024-10-16 04:46:18,2024-10-16 14:09:27,148
8920,2024-10-16,2024-10-16 04:46:32,2024-10-16 14:02:24,165
8924,2024-10-16,2024-10-16 04:52:28,2024-10-16 14:02:27,146
8925,2024-10-16,2024-10-16 04:55:29,2024-10-16 14:04:16,164
8927,2024-10-16,2024-10-16 05:00:36,2024-10-16 14:12:24,189
8929,2024-10-16,2024-10-16 05:00:58,2024-10-16 14:03:42,170
8930,2024-10-16,2024-10-16 05:02:23,2024-10-16 14:08:48,142
8931,2024-10-16,2024-10-16 05:03:00,2024-10-16 14:13:34,157
8932,2024-10-16,2024-10-16 05:03:03,,151
8933,2024-10-16,2024-10-16 05:03:20,2024-10-16 14:09:47,154
8934,2024-10-16,2024-10-16 05:03:23,2024-10-16 07:35:41,167
8935,2024-10-16,2024-10-16 05:05:19,2024-10-16 14:12:33,160
8936,2024-10-16,2024-10-16 05:06:06,2024-10-16 14:03:55,183
8937,2024-10-16,2024-10-16 05:07:40,2024-10-16 14:03:47,144
8939,2024-10-16,2024-10-16 05:07:51,2024-10-16 14:08:41,187
8942,2024-10-16,2024-10-16 05:08:25,2024-10-16 14:20:41,175
8943,2024-10-16,2024-10-16 05:08:56,2024-10-16 14:05:36,147
8944,2024-10-16,2024-10-16 05:11:08,2024-10-16 14:12:09,153
8945,2024-10-16,2024-10-16 05:12:30,2024-10-16 14:13:06,159
8947,2024-10-16,2024-10-16 05:24:06,2024-10-16 14:13:42,178
8951,2024-10-17,2024-10-17 04:41:38,2024-10-17 14:14:49,177
8953,2024-10-17,2024-10-17 04:42:17,2024-10-17 14:27:53,169
8954,2024-10-17,2024-10-17 04:45:22,2024-10-17 14:14:35,165
8955,2024-10-17,2024-10-17 04:45:27,2024-10-17 14:14:56,148
8956,2024-10-17,2024-10-17 04:47:47,2024-10-17 14:16:48,157
8959,2024-10-17,2024-10-17 04:54:35,2024-10-17 14:14:33,146
8960,2024-10-17,2024-10-17 04:59:05,2024-10-17 14:20:31,174
8961,2024-10-17,2024-10-17 04:59:43,2024-10-17 14:19:08,142
8962,2024-10-17,2024-10-17 05:00:31,2024-10-17 14:20:00,178
8963,2024-10-17,2024-10-17 05:01:54,2024-10-17 14:14:42,170
8964,2024-10-17,2024-10-17 05:02:06,2024-10-17 14:11:57,154
8965,2024-10-17,2024-10-17 05:02:11,2024-10-17 14:11:52,189
8968,2024-10-17,2024-10-17 05:02:59,2024-10-17 14:12:10,144
8973,2024-10-17,2024-10-17 05:05:55,2024-10-17 14:16:41,187
8974,2024-10-17,2024-10-17 05:06:22,2024-10-17 14:20:23,153
8975,2024-10-17,2024-10-17 05:06:26,2024-10-17 14:16:32,164
8976,2024-10-17,2024-10-17 05:06:45,2024-10-17 14:22:55,159
8977,2024-10-17,2024-10-17 05:06:51,2024-10-17 14:15:06,183
8978,2024-10-17,2024-10-17 05:07:06,2024-10-17 14:27:21,175
8979,2024-10-17,2024-10-17 05:07:47,2024-10-17 14:14:53,147
8981,2024-10-17,2024-10-17 05:10:54,2024-10-17 14:18:47,167
8982,2024-10-17,2024-10-17 05:11:15,,151
8983,2024-10-17,2024-10-17 05:11:42,2024-10-17 14:27:45,160
8986,2024-10-19,2024-10-19 04:44:08,2024-10-19 14:15:57,169
8987,2024-10-19,2024-10-19 04:44:18,2024-10-19 14:01:57,177
8988,2024-10-19,2024-10-19 04:48:16,2024-10-19 14:14:21,157
8991,2024-10-19,2024-10-19 04:50:59,2024-10-19 14:02:03,149
8992,2024-10-19,2024-10-19 04:52:43,2024-10-19 14:03:29,148
8993,2024-10-19,2024-10-19 04:52:49,2024-10-19 14:02:28,165
8994,2024-10-19,2024-10-19 04:52:52,2024-10-19 14:02:00,146
8995,2024-10-19,2024-10-19 04:57:11,2024-10-19 14:08:39,178
8997,2024-10-19,2024-10-19 04:57:51,2024-10-19 14:02:31,164
8999,2024-10-19,2024-10-19 04:59:43,2024-10-19 14:14:51,142
9000,2024-10-19,2024-10-19 04:59:56,2024-10-19 14:02:58,170
9001,2024-10-19,2024-10-19 05:00:00,2024-10-19 14:06:25,154
9002,2024-10-19,2024-10-19 05:00:08,2024-10-19 14:13:14,189
9004,2024-10-19,2024-10-19 05:02:13,2024-10-19 14:15:49,160
9006,2024-10-19,2024-10-19 05:03:37,2024-10-19 14:02:12,187
9007,2024-10-19,2024-10-19 05:07:51,2024-10-19 14:11:24,159
9008,2024-10-19,2024-10-19 05:08:00,2024-10-19 14:02:41,183
9009,2024-10-19,2024-10-19 05:08:45,2024-10-19 14:17:59,175
9010,2024-10-19,2024-10-19 05:11:47,2024-10-19 14:09:40,151
9016,2024-10-20,2024-10-20 04:42:12,2024-10-20 14:01:50,177
9017,2024-10-20,2024-10-20 04:45:42,2024-10-20 14:09:29,160
9020,2024-10-20,2024-10-20 04:51:08,2024-10-20 14:01:18,148
9021,2024-10-20,2024-10-20 04:51:15,2024-10-20 14:02:56,165
9025,2024-10-20,2024-10-20 04:55:33,2024-10-20 14:02:06,146
9026,2024-10-20,2024-10-20 04:58:26,2024-10-20 14:01:26,170
9027,2024-10-20,2024-10-20 05:01:22,2024-10-20 14:01:32,164
9028,2024-10-20,2024-10-20 05:01:27,2024-10-20 14:09:55,167
9029,2024-10-20,2024-10-20 05:01:49,2024-10-20 14:08:56,142
9030,2024-10-20,2024-10-20 05:02:22,2024-10-20 14:02:41,147
9032,2024-10-20,2024-10-20 05:04:29,2024-10-20 14:04:17,189
9034,2024-10-20,2024-10-20 05:04:40,2024-10-20 14:01:21,154
9035,2024-10-20,2024-10-20 05:05:52,2024-10-20 14:02:49,144
9036,2024-10-20,2024-10-20 05:06:11,2024-10-20 14:07:05,178
9037,2024-10-20,2024-10-20 05:06:28,2024-10-20 14:06:55,153
9038,2024-10-20,2024-10-20 05:06:44,2024-10-20 14:08:01,157
9039,2024-10-20,2024-10-20 05:07:33,2024-10-20 14:02:30,183
9040,2024-10-20,2024-10-20 05:07:41,2024-10-20 14:08:46,151
9042,2024-10-20,2024-10-20 05:10:18,2024-10-20 14:04:20,187
9044,2024-10-20,2024-10-20 05:11:39,2024-10-20 14:10:59,175
9045,2024-10-20,2024-10-20 05:13:59,2024-10-20 14:03:04,159
9047,2024-10-20,2024-10-20 14:08:05,,169
9048,2024-10-21,2024-10-21 04:45:24,2024-10-21 14:03:44,148
9049,2024-10-21,2024-10-21 04:45:27,2024-10-21 14:00:48,177
9050,2024-10-21,2024-10-21 04:45:36,2024-10-21 14:10:13,160
9051,2024-10-21,2024-10-21 04:45:41,2024-10-21 14:02:58,165
9052,2024-10-21,2024-10-21 04:46:08,2024-10-21 14:07:51,157
9056,2024-10-21,2024-10-21 04:53:49,2024-10-21 14:02:01,146
9061,2024-10-21,2024-10-21 05:00:20,2024-10-21 14:03:07,147
9062,2024-10-21,2024-10-21 05:00:54,2024-10-21 14:02:20,170
9063,2024-10-21,2024-10-21 05:01:26,2024-10-21 14:03:35,189
9065,2024-10-21,2024-10-21 05:01:45,2024-10-21 14:10:02,142
9066,2024-10-21,2024-10-21 05:06:15,2024-10-21 14:11:07,175
9067,2024-10-21,2024-10-21 05:06:25,2024-10-21 14:09:03,153
9068,2024-10-21,2024-10-21 05:07:11,2024-10-21 07:49:41,164
9069,2024-10-21,2024-10-21 05:07:18,2024-10-21 14:02:17,154
9070,2024-10-21,2024-10-21 05:07:41,2024-10-21 14:02:13,167
9072,2024-10-21,2024-10-21 05:10:00,2024-10-21 14:02:31,183
9076,2024-10-21,2024-10-21 05:12:12,2024-10-21 14:01:52,144
9077,2024-10-21,2024-10-21 05:16:20,2024-10-21 14:05:25,159
9078,2024-10-21,2024-10-21 05:16:29,2024-10-21 14:09:11,178
9079,2024-10-21,2024-10-21 06:01:15,2024-10-21 14:08:51,151
9080,2024-10-21,2024-10-21 14:08:55,,169
9081,2024-10-22,2024-10-22 04:41:54,2024-10-22 14:06:49,157
9083,2024-10-22,2024-10-22 04:52:56,2024-10-22 14:02:58,165
9084,2024-10-22,2024-10-22 04:53:15,2024-10-22 14:06:09,148
9088,2024-10-22,2024-10-22 04:58:06,2024-10-22 14:13:18,160
9089,2024-10-22,2024-10-22 04:58:11,2024-10-22 14:02:08,146
9092,2024-10-22,2024-10-22 05:00:22,2024-10-22 14:11:10,189
9093,2024-10-22,2024-10-22 05:00:24,2024-10-22 14:01:29,154
9095,2024-10-22,2024-10-22 05:00:58,2024-10-22 14:08:22,147
9096,2024-10-22,2024-10-22 05:01:10,2024-10-22 14:02:47,170
9097,2024-10-22,2024-10-22 05:03:45,2024-10-22 14:10:08,142
9099,2024-10-22,2024-10-22 05:06:45,2024-10-22 14:08:13,169
9100,2024-10-22,2024-10-22 05:08:08,2024-10-22 14:03:26,187
9103,2024-10-22,2024-10-22 05:08:43,2024-10-22 14:11:03,175
9104,2024-10-22,2024-10-22 05:08:53,2024-10-22 14:03:13,144
9106,2024-10-22,2024-10-22 05:09:26,2024-10-22 14:02:20,183
9107,2024-10-22,2024-10-22 05:10:33,2024-10-22 14:03:55,159
9108,2024-10-22,2024-10-22 05:12:06,2024-10-22 14:03:34,167
9110,2024-10-22,2024-10-22 05:13:52,2024-10-22 14:13:06,178
9111,2024-10-22,2024-10-22 05:14:06,2024-10-22 14:13:26,153
9112,2024-10-22,2024-10-22 05:16:40,2024-10-22 14:03:00,164
9113,2024-10-22,2024-10-22 05:17:30,2024-10-22 14:11:21,151
9115,2024-10-23,2024-10-23 04:37:48,2024-10-23 14:01:50,177
9116,2024-10-23,2024-10-23 04:38:30,2024-10-23 14:06:49,169
9117,2024-10-23,2024-10-23 04:42:15,2024-10-23 14:05:16,148
9118,2024-10-23,2024-10-23 04:42:22,2024-10-23 14:03:51,165
9120,2024-10-23,2024-10-23 04:44:55,2024-10-23 14:07:48,157
9121,2024-10-23,2024-10-23 04:52:14,2024-10-23 14:03:58,149
9126,2024-10-23,2024-10-23 04:54:16,2024-10-23 14:02:20,146
9127,2024-10-23,2024-10-23 05:02:14,2024-10-23 14:06:05,142
9128,2024-10-23,2024-10-23 05:02:25,2024-10-23 14:13:11,178
9129,2024-10-23,2024-10-23 05:02:58,2024-10-23 14:04:02,154
9130,2024-10-23,2024-10-23 05:03:05,2024-10-23 14:10:49,189
9133,2024-10-23,2024-10-23 05:03:52,2024-10-23 14:02:52,170
9134,2024-10-23,2024-10-23 05:04:29,,147
9135,2024-10-23,2024-10-23 05:05:27,2024-10-23 14:11:47,153
9137,2024-10-23,2024-10-23 05:05:47,2024-10-23 14:11:52,151
9138,2024-10-23,2024-10-23 05:07:17,2024-10-23 14:12:22,175
9139,2024-10-23,2024-10-23 05:07:32,2024-10-23 14:02:57,183
9142,2024-10-23,2024-10-23 05:07:46,2024-10-23 14:03:06,187
9143,2024-10-23,2024-10-23 05:08:56,2024-10-23 14:11:07,167
9147,2024-10-23,2024-10-23 05:11:44,2024-10-23 14:04:07,144
9148,2024-10-23,2024-10-23 05:13:11,2024-10-23 14:07:59,159
9149,2024-10-23,2024-10-23 05:13:55,2024-10-23 14:13:46,160
9150,2024-10-23,2024-10-23 05:15:48,2024-10-23 14:02:36,164
9151,2024-10-24,2024-10-24 04:38:25,2024-10-24 14:10:36,148
9153,2024-10-24,2024-10-24 04:38:50,2024-10-24 14:09:20,177
9154,2024-10-24,2024-10-24 04:38:56,2024-10-24 14:10:22,165
9156,2024-10-24,2024-10-24 04:43:58,2024-10-24 14:22:34,169
9159,2024-10-24,2024-10-24 04:51:19,2024-10-24 14:14:37,157
9160,2024-10-24,2024-10-24 04:52:04,2024-10-24 14:09:12,146
9161,2024-10-24,2024-10-24 04:54:39,2024-10-24 14:15:50,149
9163,2024-10-24,2024-10-24 04:57:11,2024-10-24 14:25:02,178
9165,2024-10-24,2024-10-24 04:58:55,2024-10-24 14:23:42,160
9166,2024-10-24,2024-10-24 05:00:39,2024-10-24 14:12:18,189
9167,2024-10-24,2024-10-24 05:00:42,2024-10-24 14:21:35,154
9169,2024-10-24,2024-10-24 05:02:01,2024-10-24 14:19:32,142
9170,2024-10-24,2024-10-24 05:02:07,2024-10-24 14:13:20,170
9171,2024-10-24,2024-10-24 05:02:20,2024-10-24 14:14:24,153
9174,2024-10-24,2024-10-24 05:05:56,2024-10-24 14:17:31,167
9177,2024-10-24,2024-10-24 05:06:57,2024-10-24 14:11:58,183
9178,2024-10-24,2024-10-24 05:08:30,2024-10-24 14:19:20,159
9179,2024-10-24,2024-10-24 05:08:54,2024-10-24 14:20:20,151
9180,2024-10-24,2024-10-24 05:09:17,2024-10-24 14:15:42,187
9181,2024-10-24,2024-10-24 05:10:06,2024-10-24 14:22:11,175
9182,2024-10-24,2024-10-24 05:10:28,2024-10-24 14:10:03,147
9185,2024-10-24,2024-10-24 05:16:40,2024-10-24 14:16:14,164
9186,2024-10-24,2024-10-24 07:06:21,2024-10-24 14:16:02,144
9188,2024-10-26,2024-10-26 04:46:33,2024-10-26 14:02:50,177
9189,2024-10-26,2024-10-26 04:46:40,2024-10-26 14:04:51,165
9190,2024-10-26,2024-10-26 04:48:07,2024-10-26 14:15:29,148
9191,2024-10-26,2024-10-26 04:49:55,,169
9193,2024-10-26,2024-10-26 04:52:19,2024-10-26 14:02:59,146
9195,2024-10-26,2024-10-26 04:57:20,2024-10-26 14:08:37,153
9196,2024-10-26,2024-10-26 04:57:30,2024-10-26 14:17:08,160
9197,2024-10-26,2024-10-26 04:58:20,2024-10-26 14:03:59,167
9199,2024-10-26,2024-10-26 05:00:41,2024-10-26 14:10:44,142
9200,2024-10-26,2024-10-26 05:01:16,2024-10-26 14:23:36,178
9202,2024-10-26,2024-10-26 05:01:48,2024-10-26 14:05:37,183
9203,2024-10-26,2024-10-26 05:02:09,2024-10-26 14:03:44,170
9205,2024-10-26,2024-10-26 05:05:25,2024-10-26 14:16:37,189
9206,2024-10-26,2024-10-26 05:05:28,2024-10-26 14:03:08,154
9210,2024-10-26,2024-10-26 05:09:47,2024-10-26 14:04:45,156
9211,2024-10-26,2024-10-26 05:10:15,2024-10-26 14:10:31,159
9212,2024-10-26,2024-10-26 05:10:36,2024-10-26 14:16:31,175
9213,2024-10-26,2024-10-26 05:11:59,2024-10-26 14:03:53,147
9217,2024-10-26,2024-10-26 05:17:44,2024-10-26 14:05:02,187
9218,2024-10-26,2024-10-26 05:19:39,2024-10-26 14:03:02,164
9219,2024-10-26,2024-10-26 05:27:14,2024-10-26 14:10:52,157
9220,2024-10-26,2024-10-26 05:52:57,2024-10-26 14:03:48,144
9221,2024-10-27,2024-10-27 04:42:15,2024-10-27 14:04:10,165
9222,2024-10-27,2024-10-27 04:43:32,2024-10-27 14:10:47,157
9223,2024-10-27,2024-10-27 04:43:38,2024-10-27 14:36:46,148
9224,2024-10-27,2024-10-27 04:43:46,,169
9225,2024-10-27,2024-10-27 04:44:25,2024-10-27 14:02:53,177
9227,2024-10-27,2024-10-27 04:49:38,2024-10-27 14:29:00,160
9229,2024-10-27,2024-10-27 04:51:05,2024-10-27 14:03:12,146
9233,2024-10-27,2024-10-27 04:58:13,2024-10-27 14:03:33,170
9234,2024-10-27,2024-10-27 04:58:33,2024-10-27 14:12:54,153
9236,2024-10-27,2024-10-27 05:01:32,2024-10-27 14:05:55,156
9237,2024-10-27,2024-10-27 05:02:55,2024-10-27 14:06:52,142
9238,2024-10-27,2024-10-27 05:03:42,2024-10-27 14:06:03,189
9239,2024-10-27,2024-10-27 05:03:45,2024-10-27 14:02:56,154
9242,2024-10-27,2024-10-27 05:05:02,2024-10-27 14:03:08,187
9243,2024-10-27,2024-10-27 05:05:40,2024-10-27 14:15:08,175
9244,2024-10-27,2024-10-27 05:06:12,2024-10-27 14:04:53,147
9246,2024-10-27,2024-10-27 05:07:52,,164
9248,2024-10-27,2024-10-27 05:08:38,2024-10-27 14:03:02,144
9249,2024-10-27,2024-10-27 05:08:59,2024-10-27 14:04:17,159
9250,2024-10-27,2024-10-27 05:10:45,2024-10-27 14:05:08,183
9251,2024-10-27,2024-10-27 05:26:26,2024-10-27 14:44:54,178
9252,2024-10-27,2024-10-27 05:28:20,2024-10-27 14:43:09,151
9253,2024-10-28,2024-10-28 04:45:28,2024-10-28 14:03:17,148
9254,2024-10-28,2024-10-28 04:45:40,2024-10-28 14:03:30,165
9255,2024-10-28,2024-10-28 04:47:24,2024-10-28 14:02:15,177
9259,2024-10-28,2024-10-28 04:53:12,2024-10-28 05:45:27,157
9260,2024-10-28,2024-10-28 04:53:30,2024-10-28 14:02:55,146
9263,2024-10-28,2024-10-28 04:58:08,2024-10-28 14:03:52,170
9264,2024-10-28,2024-10-28 05:02:00,2024-10-28 14:04:38,189
9266,2024-10-28,2024-10-28 05:02:48,2024-10-28 14:01:00,164
9267,2024-10-28,2024-10-28 05:02:53,2024-10-28 14:03:56,154
9268,2024-10-28,2024-10-28 05:03:49,2024-10-28 14:01:24,147
9269,2024-10-28,2024-10-28 05:03:54,2024-10-28 14:09:39,142
9270,2024-10-28,2024-10-28 05:04:00,2024-10-28 14:04:45,167
9273,2024-10-28,2024-10-28 05:07:12,2024-10-28 14:12:50,175
9276,2024-10-28,2024-10-28 05:07:31,2024-10-28 14:06:19,151
9277,2024-10-28,2024-10-28 05:08:59,2024-10-28 14:03:13,183
9278,2024-10-28,2024-10-28 05:09:48,2024-10-28 14:05:59,153
9279,2024-10-28,2024-10-28 05:12:31,2024-10-28 14:00:54,144
9280,2024-10-28,2024-10-28 05:13:47,2024-10-28 14:11:58,160
9281,2024-10-28,2024-10-28 05:13:57,2024-10-28 14:07:38,159
9282,2024-10-28,2024-10-28 05:18:24,2024-10-28 14:14:50,178
9285,2024-10-28,2024-10-28 05:18:37,2024-10-28 14:01:55,187
9287,2024-10-28,2024-10-28 05:23:50,2024-10-28 14:04:02,156
9289,2024-10-28,2024-10-28 14:15:37,,169
9290,2024-10-29,2024-10-29 04:46:50,2024-10-29 14:19:37,169
9291,2024-10-29,2024-10-29 04:47:16,2024-10-29 14:05:43,157
9293,2024-10-29,2024-10-29 04:48:14,2024-10-29 14:04:03,165
9294,2024-10-29,2024-10-29 04:48:26,2024-10-29 14:01:27,177
9297,2024-10-29,2024-10-29 04:53:12,2024-10-29 14:02:06,146
9300,2024-10-29,2024-10-29 04:59:41,2024-10-29 14:03:35,170
9302,2024-10-29,2024-10-29 04:59:53,2024-10-29 14:03:59,148
9304,2024-10-29,2024-10-29 05:01:34,2024-10-29 14:07:31,153
9305,2024-10-29,2024-10-29 05:03:36,2024-10-29 14:01:52,154
9306,2024-10-29,2024-10-29 05:03:43,2024-10-29 14:03:07,189
9308,2024-10-29,2024-10-29 05:04:05,2024-10-29 14:09:09,142
9309,2024-10-29,2024-10-29 05:06:31,2024-10-29 14:06:41,156
9311,2024-10-29,2024-10-29 05:08:44,2024-10-29 14:05:20,147
9312,2024-10-29,2024-10-29 05:10:09,2024-10-29 14:11:05,175
9313,2024-10-29,2024-10-29 05:10:19,2024-10-29 14:01:48,159
9314,2024-10-29,2024-10-29 05:10:27,2024-10-29 14:03:24,183
9315,2024-10-29,2024-10-29 05:11:13,2024-10-29 14:19:29,178
9316,2024-10-29,2024-10-29 05:11:36,2024-10-29 14:14:01,151
9318,2024-10-29,2024-10-29 05:15:54,2024-10-29 14:16:12,187
9319,2024-10-29,2024-10-29 05:16:58,2024-10-29 14:13:14,164
9320,2024-10-29,2024-10-29 05:43:36,2024-10-29 14:33:19,167
9322,2024-10-30,2024-10-30 04:44:19,2024-10-30 14:17:06,148
9323,2024-10-30,2024-10-30 04:44:35,2024-10-30 14:03:19,165
9324,2024-10-30,2024-10-30 04:44:59,2024-10-30 14:01:00,177
9325,2024-10-30,2024-10-30 04:48:15,2024-10-30 14:22:52,169
9326,2024-10-30,2024-10-30 04:48:35,2024-10-30 14:19:47,160
9328,2024-10-30,2024-10-30 04:50:33,2024-10-30 14:05:59,157
9331,2024-10-30,2024-10-30 04:53:13,2024-10-30 11:53:20,146
9335,2024-10-30,2024-10-30 04:58:43,2024-10-30 14:03:58,170
9336,2024-10-30,2024-10-30 05:02:23,2024-10-30 14:04:07,164
9337,2024-10-30,2024-10-30 05:02:28,2024-10-30 14:15:13,189
9338,2024-10-30,2024-10-30 05:02:33,2024-10-30 14:04:11,154
9340,2024-10-30,2024-10-30 05:03:33,2024-10-30 14:07:25,142
9343,2024-10-30,2024-10-30 05:04:57,2024-10-30 14:08:26,156
9344,2024-10-30,2024-10-30 05:05:11,2024-10-30 14:03:06,183
9345,2024-10-30,2024-10-30 05:06:01,2024-10-30 12:06:12,147
9346,2024-10-30,2024-10-30 05:06:36,2024-10-30 14:04:03,144
9347,2024-10-30,2024-10-30 05:07:23,2024-10-30 14:19:14,151
9348,2024-10-30,2024-10-30 05:07:29,2024-10-30 14:11:16,175
9349,2024-10-30,2024-10-30 05:09:09,2024-10-30 14:06:53,167
9351,2024-10-30,2024-10-30 05:11:39,2024-10-30 14:02:43,159
9352,2024-10-30,2024-10-30 05:16:34,2024-10-30 14:18:55,187
9353,2024-10-30,2024-10-30 05:21:01,2024-10-30 14:06:15,153
9354,2024-10-30,2024-10-30 05:35:25,2024-10-30 14:22:39,178
9356,2024-10-31,2024-10-31 04:46:49,2024-10-31 14:10:27,148
9357,2024-10-31,2024-10-31 04:46:56,2024-10-31 14:06:55,165
9359,2024-10-31,2024-10-31 04:49:03,2024-10-31 14:20:46,169
9360,2024-10-31,2024-10-31 04:49:13,2024-10-31 14:05:12,177
9362,2024-10-31,2024-10-31 04:53:14,2024-10-31 14:05:04,146
9363,2024-10-31,2024-10-31 04:55:05,2024-10-31 14:13:19,160
9367,2024-10-31,2024-10-31 05:01:45,2024-10-31 14:07:05,170
9368,2024-10-31,2024-10-31 05:02:40,2024-10-31 14:08:50,157
9369,2024-10-31,2024-10-31 05:03:11,2024-10-31 14:11:19,183
9370,2024-10-31,2024-10-31 05:03:16,,164
9371,2024-10-31,2024-10-31 05:03:54,2024-10-31 14:07:25,142
9372,2024-10-31,2024-10-31 05:04:40,2024-10-31 14:11:08,189
9374,2024-10-31,2024-10-31 05:06:00,2024-10-31 14:15:23,144
9375,2024-10-31,2024-10-31 05:06:02,2024-10-31 14:08:47,154
9376,2024-10-31,2024-10-31 05:06:13,2024-10-31 14:20:42,159
9377,2024-10-31,2024-10-31 05:06:17,2024-10-31 14:34:40,167
9378,2024-10-31,2024-10-31 05:07:53,2024-10-31 14:12:55,175
9379,2024-10-31,2024-10-31 05:08:01,2024-10-31 14:15:49,187
9380,2024-10-31,2024-10-31 05:14:30,2024-10-31 14:06:42,147
9381,2024-10-31,2024-10-31 05:16:47,2024-10-31 15:01:56,178
9383,2024-10-31,2024-10-31 05:17:40,2024-10-31 15:02:05,151
9387,2024-11-02,2024-11-02 06:46:48,2024-11-02 15:04:29,157
9388,2024-11-02,2024-11-02 06:47:09,2024-11-02 15:01:55,177
9389,2024-11-02,2024-11-02 06:47:29,2024-11-02 15:04:43,165
9391,2024-11-02,2024-11-02 06:48:19,2024-11-02 15:11:47,160
9392,2024-11-02,2024-11-02 06:48:22,2024-11-02 15:06:17,169
9396,2024-11-02,2024-11-02 06:49:56,2024-11-02 15:01:47,146
9397,2024-11-02,2024-11-02 06:52:35,2024-11-02 15:05:30,148
9398,2024-11-02,2024-11-02 06:53:07,2024-11-02 15:02:15,164
9400,2024-11-02,2024-11-02 06:55:10,2024-11-02 15:04:18,189
9401,2024-11-02,2024-11-02 06:55:19,2024-11-02 15:04:12,154
9404,2024-11-02,2024-11-02 07:01:00,2024-11-02 15:01:37,170
9405,2024-11-02,2024-11-02 07:01:13,2024-11-02 15:03:13,142
9406,2024-11-02,2024-11-02 07:01:26,,151
9407,2024-11-02,2024-11-02 07:01:29,2024-11-02 15:02:40,183
9408,2024-11-02,2024-11-02 07:01:33,2024-11-02 15:04:01,187
9411,2024-11-02,2024-11-02 07:01:47,2024-11-02 15:03:18,147
9412,2024-11-02,2024-11-02 07:03:08,2024-11-02 15:02:28,167
9413,2024-11-02,2024-11-02 07:07:06,2024-11-02 15:01:31,156
9414,2024-11-02,2024-11-02 07:09:10,2024-11-02 15:03:41,159
9415,2024-11-02,2024-11-02 07:11:11,2024-11-02 15:06:40,175
9416,2024-11-02,2024-11-02 07:11:36,2024-11-02 15:04:22,144
9417,2024-11-02,2024-11-02 07:13:57,2024-11-02 15:12:36,178
9418,2024-11-03,2024-11-03 05:43:14,2024-11-03 15:02:11,165
9419,2024-11-03,2024-11-03 05:43:30,2024-11-03 15:01:35,157
9421,2024-11-03,2024-11-03 05:44:08,2024-11-03 15:03:49,148
9422,2024-11-03,2024-11-03 05:45:05,2024-11-03 15:00:57,177
9424,2024-11-03,2024-11-03 05:48:00,2024-11-03 15:08:07,160
9425,2024-11-03,2024-11-03 05:49:34,2024-11-03 15:01:49,146
9428,2024-11-03,2024-11-03 05:54:05,2024-11-03 15:05:13,189
9430,2024-11-03,2024-11-03 05:55:16,2024-11-03 15:04:09,154
9433,2024-11-03,2024-11-03 05:58:13,2024-11-03 15:01:41,174
9434,2024-11-03,2024-11-03 05:58:47,2024-11-03 15:02:37,170
9436,2024-11-03,2024-11-03 06:00:27,2024-11-03 15:01:58,142
9437,2024-11-03,2024-11-03 06:01:01,2024-11-03 08:53:13,187
9439,2024-11-03,2024-11-03 06:01:14,2024-11-03 15:08:29,156
9440,2024-11-03,2024-11-03 06:05:53,2024-11-03 15:04:58,175
9441,2024-11-03,2024-11-03 06:06:13,2024-11-03 15:13:18,151
9442,2024-11-03,2024-11-03 06:07:27,2024-11-03 15:01:04,159
9444,2024-11-03,2024-11-03 06:08:37,2024-11-03 15:03:08,144
9445,2024-11-03,2024-11-03 06:08:59,2024-11-03 15:02:04,183
9446,2024-11-03,2024-11-03 06:13:13,2024-11-03 15:05:27,178
9447,2024-11-03,2024-11-03 06:17:02,2024-11-03 15:04:12,167
9448,2024-11-03,2024-11-03 07:06:49,2024-11-03 15:06:42,169
9449,2024-11-04,2024-11-04 05:35:16,2024-11-04 15:02:41,165
9451,2024-11-04,2024-11-04 05:37:44,2024-11-04 15:01:29,177
9452,2024-11-04,2024-11-04 05:42:12,2024-11-04 15:06:13,169
9453,2024-11-04,2024-11-04 05:42:56,2024-11-04 15:02:58,148
9456,2024-11-04,2024-11-04 05:46:29,2024-11-04 15:01:50,164
9457,2024-11-04,2024-11-04 05:46:47,2024-11-04 15:02:15,174
9459,2024-11-04,2024-11-04 05:50:36,2024-11-04 15:02:07,157
9460,2024-11-04,2024-11-04 05:52:10,2024-11-04 15:02:12,146
9461,2024-11-04,2024-11-04 05:56:20,2024-11-04 15:02:46,159
9462,2024-11-04,2024-11-04 05:56:46,2024-11-04 15:08:11,178
9464,2024-11-04,2024-11-04 05:59:43,2024-11-04 15:03:33,170
9466,2024-11-04,2024-11-04 06:01:01,2024-11-04 15:03:06,187
9467,2024-11-04,2024-11-04 06:01:22,2024-11-04 15:04:38,189
9468,2024-11-04,2024-11-04 06:01:27,2024-11-04 15:03:53,154
9470,2024-11-04,2024-11-04 06:02:50,2024-11-04 15:03:48,142
9471,2024-11-04,2024-11-04 06:04:04,2024-11-04 15:08:36,175
9472,2024-11-04,2024-11-04 06:07:37,,183
9474,2024-11-04,2024-11-04 06:10:51,2024-11-04 15:02:27,144
9475,2024-11-04,2024-11-04 06:12:15,2024-11-04 15:08:53,151
9476,2024-11-04,2024-11-04 06:14:28,2024-11-04 15:02:36,147
9477,2024-11-04,2024-11-04 06:17:57,2024-11-04 15:01:59,167
9478,2024-11-04,2024-11-04 06:54:22,2024-11-04 15:11:49,156
9479,2024-11-04,2024-11-04 07:02:25,2024-11-04 15:03:43,155
9480,2024-11-04,2024-11-04 07:50:44,2024-11-04 15:08:50,160
9481,2024-11-05,2024-11-05 05:45:33,2024-11-05 15:06:38,160
9482,2024-11-05,2024-11-05 05:46:02,2024-11-05 14:59:54,177
9483,2024-11-05,2024-11-05 05:47:37,2024-11-05 15:03:22,165
9485,2024-11-05,2024-11-05 05:49:03,2024-11-05 15:07:40,169
9488,2024-11-05,2024-11-05 05:50:02,2024-11-05 15:03:15,148
9490,2024-11-05,2024-11-05 05:53:48,2024-11-05 15:02:09,146
9491,2024-11-05,2024-11-05 05:53:50,2024-11-05 10:56:03,164
9492,2024-11-05,2024-11-05 05:54:17,2024-11-05 15:02:39,174
9493,2024-11-05,2024-11-05 05:54:46,2024-11-05 15:02:34,157
9495,2024-11-05,2024-11-05 05:58:28,2024-11-05 15:01:59,155
9496,2024-11-05,2024-11-05 05:59:01,,183
9497,2024-11-05,2024-11-05 05:59:12,2024-11-05 15:01:54,170
9499,2024-11-05,2024-11-05 06:01:19,2024-11-05 15:04:18,189
9501,2024-11-05,2024-11-05 06:02:16,2024-11-05 15:03:00,142
9502,2024-11-05,2024-11-05 06:03:53,2024-11-05 15:01:06,187
9504,2024-11-05,2024-11-05 06:05:22,,151
9505,2024-11-05,2024-11-05 06:07:16,2024-11-05 15:03:07,154
9506,2024-11-05,2024-11-05 06:07:25,2024-11-05 15:03:33,175
9507,2024-11-05,2024-11-05 06:07:45,2024-11-05 15:04:15,167
9508,2024-11-05,2024-11-05 06:09:42,2024-11-05 15:01:34,159
9509,2024-11-05,2024-11-05 06:10:16,2024-11-05 15:08:02,178
9510,2024-11-05,2024-11-05 06:10:26,2024-11-05 15:02:23,147
9513,2024-11-05,2024-11-05 06:15:16,2024-11-05 15:02:25,144
9514,2024-11-06,2024-11-06 05:42:54,2024-11-06 15:07:46,148
9515,2024-11-06,2024-11-06 05:43:17,2024-11-06 15:03:30,165
9516,2024-11-06,2024-11-06 05:43:43,2024-11-06 15:07:57,160
9518,2024-11-06,2024-11-06 05:45:35,2024-11-06 15:01:51,177
9520,2024-11-06,2024-11-06 05:48:04,2024-11-06 15:02:53,164
9522,2024-11-06,2024-11-06 05:48:33,2024-11-06 12:31:09,174
9523,2024-11-06,2024-11-06 05:48:45,,169
9524,2024-11-06,2024-11-06 05:51:58,2024-11-06 13:50:15,151
9527,2024-11-06,2024-11-06 05:54:38,,155
9528,2024-11-06,2024-11-06 05:58:11,2024-11-06 15:09:01,178
9529,2024-11-06,2024-11-06 05:59:36,2024-11-06 15:06:10,189
9531,2024-11-06,2024-11-06 06:00:15,2024-11-06 15:04:11,170
9532,2024-11-06,2024-11-06 06:01:03,2024-11-06 15:02:14,183
9533,2024-11-06,2024-11-06 06:01:20,2024-11-06 15:03:46,142
9536,2024-11-06,2024-11-06 06:04:41,2024-11-06 15:08:26,175
9537,2024-11-06,2024-11-06 06:06:16,2024-11-06 15:03:53,159
9538,2024-11-06,2024-11-06 06:06:27,2024-11-06 15:04:34,187
9540,2024-11-06,2024-11-06 06:06:43,2024-11-06 15:04:28,147
9541,2024-11-06,2024-11-06 06:06:53,2024-11-06 15:02:18,154
9542,2024-11-06,2024-11-06 06:06:59,2024-11-06 15:04:38,167
9543,2024-11-06,2024-11-06 06:13:26,2024-11-06 15:02:01,144
9544,2024-11-06,2024-11-06 06:43:13,2024-11-06 15:06:45,156
9548,2024-11-07,2024-11-07 05:42:34,2024-11-07 15:21:13,169
9549,2024-11-07,2024-11-07 05:44:03,2024-11-07 15:12:43,165
9550,2024-11-07,2024-11-07 05:44:07,2024-11-07 15:16:07,148
9551,2024-11-07,2024-11-07 05:44:12,2024-11-07 15:13:52,174
9552,2024-11-07,2024-11-07 05:45:24,2024-11-07 15:14:48,157
9555,2024-11-07,2024-11-07 05:48:56,2024-11-07 15:13:06,177
9556,2024-11-07,2024-11-07 05:50:33,2024-11-07 15:13:01,164
9557,2024-11-07,2024-11-07 05:50:40,2024-11-07 15:12:58,146
9558,2024-11-07,2024-11-07 05:54:11,2024-11-07 15:20:00,160
9559,2024-11-07,2024-11-07 05:56:20,2024-11-07 15:17:40,189
9560,2024-11-07,2024-11-07 05:56:24,2024-11-07 15:14:40,154
9562,2024-11-07,2024-11-07 05:59:19,2024-11-07 15:13:22,170
9563,2024-11-07,2024-11-07 05:59:50,2024-11-07 15:13:13,183
9564,2024-11-07,2024-11-07 06:01:46,2024-11-07 15:14:59,142
9568,2024-11-07,2024-11-07 06:05:09,2024-11-07 15:16:59,175
9569,2024-11-07,2024-11-07 06:06:16,2024-11-07 15:16:02,167
9570,2024-11-07,2024-11-07 06:06:20,2024-11-07 15:14:54,147
9571,2024-11-07,2024-11-07 06:06:31,2024-11-07 15:15:17,187
9573,2024-11-07,2024-11-07 06:07:55,2024-11-07 15:13:59,159
9574,2024-11-07,2024-11-07 06:08:58,2024-11-07 15:15:45,144
9576,2024-11-07,2024-11-07 06:20:56,2024-11-07 15:25:23,178
9577,2024-11-07,2024-11-07 06:30:17,2024-11-07 15:13:29,156
9578,2024-11-09,2024-11-09 05:45:45,2024-11-09 15:03:05,165
9582,2024-11-09,2024-11-09 05:47:02,2024-11-09 15:07:25,169
9585,2024-11-09,2024-11-09 05:51:49,2024-11-09 15:01:23,177
9587,2024-11-09,2024-11-09 05:57:01,2024-11-09 15:03:22,146
9588,2024-11-09,2024-11-09 05:57:04,2024-11-09 15:03:58,148
9589,2024-11-09,2024-11-09 05:57:37,2024-11-09 15:02:21,189
9591,2024-11-09,2024-11-09 06:00:12,2024-11-09 15:01:07,183
9592,2024-11-09,2024-11-09 06:00:19,2024-11-09 15:04:03,170
9593,2024-11-09,2024-11-09 06:00:51,2024-11-09 15:03:09,187
9594,2024-11-09,2024-11-09 06:02:05,2024-11-09 15:02:02,142
9595,2024-11-09,2024-11-09 06:02:27,2024-11-09 11:08:47,164
9596,2024-11-09,2024-11-09 06:02:32,2024-11-09 15:03:46,174
9597,2024-11-09,2024-11-09 06:05:42,2024-11-09 15:06:36,175
9598,2024-11-09,2024-11-09 06:06:23,2024-11-09 15:03:55,167
9599,2024-11-09,2024-11-09 06:06:25,2024-11-09 15:02:27,154
9600,2024-11-09,2024-11-09 06:10:27,2024-11-09 15:01:58,159
9602,2024-11-09,2024-11-09 06:14:08,,151
9603,2024-11-09,2024-11-09 06:21:18,2024-11-09 15:03:50,156
9604,2024-11-09,2024-11-09 06:39:11,2024-11-09 15:07:09,178
9605,2024-11-10,2024-11-10 05:42:30,2024-11-10 15:09:27,148
9606,2024-11-10,2024-11-10 05:43:05,2024-11-10 15:00:59,165
9609,2024-11-10,2024-11-10 05:45:01,2024-11-10 15:01:08,177
9610,2024-11-10,2024-11-10 05:45:39,2024-11-10 15:06:14,169
9612,2024-11-10,2024-11-10 05:52:03,2024-11-10 15:01:39,164
9613,2024-11-10,2024-11-10 05:52:07,2024-11-10 15:01:52,174
9614,2024-11-10,2024-11-10 05:52:20,2024-11-10 15:02:08,146
9615,2024-11-10,2024-11-10 05:58:56,2024-11-10 15:02:24,156
9617,2024-11-10,2024-11-10 05:59:45,2024-11-10 15:01:57,187
9619,2024-11-10,2024-11-10 06:00:11,2024-11-10 15:09:57,178
9620,2024-11-10,2024-11-10 06:00:45,2024-11-10 15:01:44,170
9621,2024-11-10,2024-11-10 06:02:26,2024-11-10 15:03:24,142
9623,2024-11-10,2024-11-10 06:03:23,2024-11-10 15:07:47,189
9624,2024-11-10,2024-11-10 06:03:28,2024-11-10 15:09:09,151
9625,2024-11-10,2024-11-10 06:04:37,,183
9626,2024-11-10,2024-11-10 06:08:17,2024-11-10 15:00:48,167
9627,2024-11-10,2024-11-10 06:08:20,2024-11-10 15:05:14,154
9628,2024-11-10,2024-11-10 06:08:51,2024-11-10 15:03:31,159
9629,2024-11-10,2024-11-10 06:09:43,2024-11-10 15:02:01,144
9631,2024-11-10,2024-11-10 06:14:58,2024-11-10 15:06:52,175
9635,2024-11-11,2024-11-11 05:41:53,2024-11-11 15:09:33,169
9636,2024-11-11,2024-11-11 05:42:02,2024-11-11 15:03:32,177
9637,2024-11-11,2024-11-11 05:47:23,2024-11-11 15:02:04,165
9638,2024-11-11,2024-11-11 05:47:53,2024-11-11 15:07:55,160
9641,2024-11-11,2024-11-11 05:53:08,2024-11-11 15:04:24,146
9642,2024-11-11,2024-11-11 05:54:02,2024-11-11 15:00:57,148
9644,2024-11-11,2024-11-11 05:55:48,2024-11-11 15:07:31,189
9647,2024-11-11,2024-11-11 05:57:41,2024-11-11 15:02:13,170
9648,2024-11-11,2024-11-11 05:58:15,,164
9649,2024-11-11,2024-11-11 05:58:23,2024-11-11 15:03:36,154
9650,2024-11-11,2024-11-11 05:59:38,2024-11-11 15:04:12,187
9652,2024-11-11,2024-11-11 06:00:46,2024-11-11 15:01:58,147
9653,2024-11-11,2024-11-11 06:02:34,2024-11-11 15:01:51,142
9654,2024-11-11,2024-11-11 06:03:23,2024-11-11 15:01:29,183
9655,2024-11-11,2024-11-11 06:03:29,2024-11-11 15:07:17,178
9657,2024-11-11,2024-11-11 06:04:06,2024-11-11 15:03:08,156
9658,2024-11-11,2024-11-11 06:05:45,2024-11-11 15:07:05,175
9659,2024-11-11,2024-11-11 06:07:03,2024-11-11 15:07:23,151
9660,2024-11-11,2024-11-11 06:08:29,2024-11-11 15:02:51,159
9661,2024-11-11,2024-11-11 06:13:09,2024-11-11 15:02:07,144
9662,2024-11-12,2024-11-12 05:39:39,2024-11-12 15:01:51,177
9663,2024-11-12,2024-11-12 05:41:29,,169
9667,2024-11-12,2024-11-12 05:47:48,2024-11-12 15:01:12,165
9668,2024-11-12,2024-11-12 05:47:53,2024-11-12 15:00:05,148
9670,2024-11-12,2024-11-12 05:49:02,2024-11-12 15:06:08,160
9671,2024-11-12,2024-11-12 05:50:07,2024-11-12 15:02:14,146
9676,2024-11-12,2024-11-12 05:59:06,2024-11-12 15:06:21,189
9678,2024-11-12,2024-11-12 06:02:01,2024-11-12 15:01:56,174
9679,2024-11-12,2024-11-12 06:02:16,2024-11-12 15:03:21,170
9680,2024-11-12,2024-11-12 06:02:25,2024-11-12 15:03:56,142
9681,2024-11-12,2024-11-12 06:02:53,2024-11-12 10:02:05,164
9682,2024-11-12,2024-11-12 06:03:25,2024-11-12 15:05:37,154
9683,2024-11-12,2024-11-12 06:04:58,2024-11-12 15:05:00,151
9684,2024-11-12,2024-11-12 06:05:03,2024-11-12 15:02:43,167
9685,2024-11-12,2024-11-12 06:05:44,2024-11-12 15:01:29,183
9687,2024-11-12,2024-11-12 06:06:11,,156
9688,2024-11-12,2024-11-12 06:06:58,2024-11-12 15:04:56,178
9690,2024-11-12,2024-11-12 06:11:28,2024-11-12 15:04:36,147
9691,2024-11-12,2024-11-12 06:13:41,2024-11-12 15:02:26,187
9692,2024-11-12,2024-11-12 06:13:45,2024-11-12 15:02:21,144
9693,2024-11-12,2024-11-12 07:21:43,2024-11-12 15:01:44,159
9694,2024-11-12,2024-11-12 15:05:51,,175
9695,2024-11-13,2024-11-13 05:36:05,2024-11-13 15:00:22,177
9696,2024-11-13,2024-11-13 05:41:48,2024-11-13 15:11:55,169
9698,2024-11-13,2024-11-13 05:42:06,,148
9699,2024-11-13,2024-11-13 05:42:13,2024-11-13 15:01:53,165
9700,2024-11-13,2024-11-13 05:47:38,2024-11-13 15:05:00,160
9701,2024-11-13,2024-11-13 05:50:00,2024-11-13 15:01:37,146
9705,2024-11-13,2024-11-13 05:55:14,2024-11-13 15:00:41,164
9706,2024-11-13,2024-11-13 05:55:18,2024-11-13 15:00:29,174
9707,2024-11-13,2024-11-13 05:57:25,2024-11-13 15:02:07,189
9709,2024-11-13,2024-11-13 05:58:55,2024-11-13 15:03:20,156
9710,2024-11-13,2024-11-13 05:59:22,2024-11-13 15:02:01,142
9712,2024-11-13,2024-11-13 06:00:31,2024-11-13 15:01:19,154
9714,2024-11-13,2024-11-13 06:00:38,2024-11-13 15:00:38,187
9715,2024-11-13,2024-11-13 06:01:38,2024-11-13 15:01:48,170
9716,2024-11-13,2024-11-13 06:02:37,2024-11-13 15:02:44,178
9717,2024-11-13,2024-11-13 06:04:43,2024-11-13 15:01:26,183
9718,2024-11-13,2024-11-13 06:05:42,2024-11-13 15:07:32,175
9721,2024-11-13,2024-11-13 06:07:19,,159
9722,2024-11-13,2024-11-13 06:10:54,2024-11-13 15:02:18,147
9723,2024-11-13,2024-11-13 06:16:15,2024-11-13 15:01:30,151
9725,2024-11-13,2024-11-13 07:41:26,2024-11-13 15:01:40,144
9727,2024-11-14,2024-11-14 05:37:58,2024-11-14 15:05:10,160
9728,2024-11-14,2024-11-14 05:39:04,2024-11-14 15:03:13,165
9729,2024-11-14,2024-11-14 05:39:17,2024-11-14 15:01:04,177
9730,2024-11-14,2024-11-14 05:39:44,2024-11-14 15:03:32,148
9732,2024-11-14,2024-11-14 05:51:16,,169
9734,2024-11-14,2024-11-14 05:52:22,2024-11-14 15:02:09,146
9735,2024-11-14,2024-11-14 05:56:28,2024-11-14 15:12:25,189
9738,2024-11-14,2024-11-14 05:59:57,2024-11-14 15:04:42,164
9739,2024-11-14,2024-11-14 06:00:06,2024-11-14 15:08:36,167
9740,2024-11-14,2024-11-14 06:00:14,2024-11-14 15:00:39,154
9741,2024-11-14,2024-11-14 06:00:17,2024-11-14 15:02:23,174
9742,2024-11-14,2024-11-14 06:03:25,2024-11-14 15:02:16,183
9743,2024-11-14,2024-11-14 06:03:29,2024-11-14 15:05:52,187
9744,2024-11-14,2024-11-14 06:03:42,2024-11-14 15:04:48,156
9746,2024-11-14,2024-11-14 06:04:21,2024-11-14 15:00:44,142
9748,2024-11-14,2024-11-14 06:07:03,2024-11-14 15:08:41,151
9751,2024-11-14,2024-11-14 06:10:14,2024-11-14 15:11:23,175
9752,2024-11-14,2024-11-14 06:10:36,2024-11-14 15:01:14,147
9753,2024-11-14,2024-11-14 06:11:30,2024-11-14 15:01:07,144
9755,2024-11-14,2024-11-14 06:49:24,2024-11-14 15:08:26,178
9756,2024-11-14,2024-11-14 08:33:55,2024-11-14 15:06:25,159
9757,2024-11-14,2024-11-14 15:04:55,,170
9758,2024-11-16,2024-11-16 05:43:06,,169
9759,2024-11-16,2024-11-16 05:44:02,2024-11-16 15:05:07,160
9760,2024-11-16,2024-11-16 05:44:13,2024-11-16 15:03:40,177
9762,2024-11-16,2024-11-16 05:45:52,,148
9764,2024-11-16,2024-11-16 05:59:16,2024-11-16 15:03:45,189
9766,2024-11-16,2024-11-16 06:00:33,2024-11-16 15:02:05,170
9767,2024-11-16,2024-11-16 06:01:42,2024-11-16 15:02:40,142
9768,2024-11-16,2024-11-16 06:03:16,2024-11-16 15:01:00,183
9772,2024-11-16,2024-11-16 06:04:49,2024-11-16 15:04:23,187
9776,2024-11-16,2024-11-16 06:05:22,2024-11-16 15:04:52,146
9777,2024-11-16,2024-11-16 06:05:27,2024-11-16 15:03:22,165
9778,2024-11-16,2024-11-16 06:05:32,2024-11-16 15:07:53,156
9779,2024-11-16,2024-11-16 06:06:38,2024-11-16 15:06:40,147
9780,2024-11-16,2024-11-16 06:08:18,2024-11-16 15:14:51,178
9781,2024-11-16,2024-11-16 06:08:23,,144
9782,2024-11-16,2024-11-16 06:18:04,2024-11-16 15:02:28,154
9783,2024-11-16,2024-11-16 06:18:16,2024-11-16 15:06:45,167
9784,2024-11-16,2024-11-16 06:20:32,2024-11-16 15:07:32,175
9785,2024-11-16,2024-11-16 08:56:11,2024-11-16 15:03:05,159
9786,2024-11-17,2024-11-17 05:45:47,2024-11-17 15:15:36,169
9790,2024-11-17,2024-11-17 05:53:30,2024-11-17 15:13:56,189
9791,2024-11-17,2024-11-17 05:53:36,2024-11-17 15:05:02,154
9794,2024-11-17,2024-11-17 05:59:33,2024-11-17 15:01:50,164
9795,2024-11-17,2024-11-17 05:59:48,2024-11-17 15:02:36,174
9796,2024-11-17,2024-11-17 05:59:56,2024-11-17 15:02:44,146
9797,2024-11-17,2024-11-17 06:00:12,2024-11-17 15:09:16,148
9798,2024-11-17,2024-11-17 06:00:25,2024-11-17 15:01:07,170
9799,2024-11-17,2024-11-17 06:00:53,2024-11-17 15:02:14,177
9800,2024-11-17,2024-11-17 06:01:25,2024-11-17 15:04:29,156
9801,2024-11-17,2024-11-17 06:02:43,2024-11-17 15:02:01,183
9802,2024-11-17,2024-11-17 06:03:36,2024-11-17 15:04:19,142
9804,2024-11-17,2024-11-17 06:07:41,2024-11-17 15:01:44,187
9808,2024-11-17,2024-11-17 06:08:14,2024-11-17 15:09:07,175
9809,2024-11-17,2024-11-17 06:13:06,2024-11-17 15:11:02,178
9810,2024-11-17,2024-11-17 06:13:19,2024-11-17 15:04:34,144
9811,2024-11-17,2024-11-17 06:14:15,,159
9813,2024-11-17,2024-11-17 06:16:58,,151
9814,2024-11-17,2024-11-17 06:18:31,2024-11-17 15:09:21,147
9815,2024-11-17,2024-11-17 07:19:36,2024-11-17 15:08:21,165
9819,2024-11-18,2024-11-18 05:49:20,2024-11-18 15:07:57,160
9821,2024-11-18,2024-11-18 05:56:00,2024-11-18 15:10:36,169
9822,2024-11-18,2024-11-18 05:56:21,2024-11-18 15:01:13,164
9823,2024-11-18,2024-11-18 05:56:27,2024-11-18 15:05:08,148
9824,2024-11-18,2024-11-18 05:56:33,2024-11-18 15:01:51,165
9825,2024-11-18,2024-11-18 05:56:44,2024-11-18 15:01:04,174
9826,2024-11-18,2024-11-18 05:56:56,2024-11-18 15:05:29,146
9827,2024-11-18,2024-11-18 05:57:01,2024-11-18 15:04:04,177
9828,2024-11-18,2024-11-18 06:00:40,2024-11-18 15:00:39,183
9829,2024-11-18,2024-11-18 06:00:59,2024-11-18 15:10:08,151
9830,2024-11-18,2024-11-18 06:02:32,2024-11-18 15:02:49,156
9832,2024-11-18,2024-11-18 06:03:37,2024-11-18 15:02:35,189
9833,2024-11-18,2024-11-18 06:03:44,2024-11-18 15:00:58,154
9834,2024-11-18,2024-11-18 06:05:48,2024-11-18 12:43:23,170
9835,2024-11-18,2024-11-18 06:05:53,2024-11-18 15:01:24,142
9836,2024-11-18,2024-11-18 06:07:12,2024-11-18 15:07:44,175
9841,2024-11-18,2024-11-18 06:10:34,2024-11-18 15:01:39,159
9842,2024-11-18,2024-11-18 06:10:55,2024-11-18 15:06:54,147
9844,2024-11-18,2024-11-18 06:16:08,2024-11-18 15:09:52,178
9845,2024-11-18,2024-11-18 06:18:29,2024-11-18 15:06:58,144
9847,2024-11-19,2024-11-19 05:42:58,2024-11-19 15:04:11,160
9848,2024-11-19,2024-11-19 05:43:08,,169
9853,2024-11-19,2024-11-19 05:55:30,2024-11-19 15:01:28,189
9855,2024-11-19,2024-11-19 05:58:09,2024-11-19 15:01:54,165
9856,2024-11-19,2024-11-19 05:59:14,2024-11-19 15:00:05,148
9857,2024-11-19,2024-11-19 05:59:24,2024-11-19 15:01:50,146
9858,2024-11-19,2024-11-19 05:59:29,2024-11-19 15:00:44,177
9861,2024-11-19,2024-11-19 06:02:10,2024-11-19 15:01:43,183
9862,2024-11-19,2024-11-19 06:02:30,2024-11-19 15:00:56,170
9863,2024-11-19,2024-11-19 06:02:33,2024-11-19 15:01:57,154
9865,2024-11-19,2024-11-19 06:05:07,2024-11-19 15:00:48,174
9866,2024-11-19,2024-11-19 06:05:18,,164
9867,2024-11-19,2024-11-19 06:05:48,2024-11-19 15:03:52,156
9868,2024-11-19,2024-11-19 06:05:54,2024-11-19 15:01:21,142
9870,2024-11-19,2024-11-19 06:07:27,2024-11-19 15:06:47,175
9871,2024-11-19,2024-11-19 06:08:00,2024-11-19 15:02:12,159
9872,2024-11-19,2024-11-19 06:11:23,2024-11-19 15:02:03,151
9873,2024-11-19,2024-11-19 06:11:50,2024-11-19 15:01:16,147
9874,2024-11-19,2024-11-19 06:13:00,2024-11-19 15:02:19,178
9875,2024-11-19,2024-11-19 06:13:13,2024-11-19 15:03:21,187
9876,2024-11-19,2024-11-19 06:13:17,2024-11-19 15:03:13,144
9881,2024-11-20,2024-11-20 05:46:15,2024-11-20 15:06:52,169
9884,2024-11-20,2024-11-20 05:56:30,2024-11-20 15:03:23,189
9886,2024-11-20,2024-11-20 05:58:14,2024-11-20 15:07:03,160
9887,2024-11-20,2024-11-20 06:00:44,2024-11-20 15:01:22,164
9888,2024-11-20,2024-11-20 06:00:50,2024-11-20 15:03:18,156
9889,2024-11-20,2024-11-20 06:00:57,2024-11-20 15:01:17,174
9890,2024-11-20,2024-11-20 06:01:00,2024-11-20 15:03:42,148
9891,2024-11-20,2024-11-20 06:01:04,2024-11-20 15:02:40,165
9892,2024-11-20,2024-11-20 06:01:13,2024-11-20 15:02:55,170
9893,2024-11-20,2024-11-20 06:01:52,2024-11-20 15:02:48,146
9894,2024-11-20,2024-11-20 06:01:57,2024-11-20 15:06:12,177
9895,2024-11-20,2024-11-20 06:03:59,2024-11-20 15:02:10,154
9896,2024-11-20,2024-11-20 06:04:28,2024-11-20 15:02:04,167
9902,2024-11-20,2024-11-20 06:05:48,2024-11-20 15:03:29,142
9903,2024-11-20,2024-11-20 06:08:01,2024-11-20 15:03:10,183
9904,2024-11-20,2024-11-20 06:09:43,2024-11-20 15:08:21,175
9905,2024-11-20,2024-11-20 06:09:50,,151
9906,2024-11-20,2024-11-20 06:10:54,2024-11-20 15:02:21,144
9907,2024-11-20,2024-11-20 06:12:12,2024-11-20 15:01:46,187
9909,2024-11-20,2024-11-20 06:14:03,2024-11-20 15:01:33,147
9912,2024-11-21,2024-11-21 05:44:51,2024-11-21 15:10:36,160
9913,2024-11-21,2024-11-21 05:51:59,2024-11-21 15:24:48,169
9914,2024-11-21,2024-11-21 05:54:55,2024-11-21 15:12:17,189
9916,2024-11-21,2024-11-21 05:56:30,2024-11-21 15:02:50,165
9917,2024-11-21,2024-11-21 05:56:34,2024-11-21 09:28:14,174
9918,2024-11-21,2024-11-21 05:56:45,,164
9919,2024-11-21,2024-11-21 05:56:50,2024-11-21 15:01:35,148
9920,2024-11-21,2024-11-21 05:57:46,2024-11-21 15:03:37,146
9921,2024-11-21,2024-11-21 05:57:55,2024-11-21 15:03:26,177
9923,2024-11-21,2024-11-21 06:00:10,2024-11-21 15:04:04,183
9925,2024-11-21,2024-11-21 06:03:06,2024-11-21 15:04:13,170
9926,2024-11-21,2024-11-21 06:04:48,2024-11-21 15:04:29,156
9927,2024-11-21,2024-11-21 06:04:54,2024-11-21 15:07:15,142
9929,2024-11-21,2024-11-21 06:06:12,2024-11-21 15:16:19,151
9930,2024-11-21,2024-11-21 06:06:36,2024-11-21 15:03:17,167
9931,2024-11-21,2024-11-21 06:06:38,2024-11-21 15:04:54,154
9932,2024-11-21,2024-11-21 06:07:22,2024-11-21 15:11:26,178
9933,2024-11-21,2024-11-21 06:07:43,2024-11-21 15:15:00,175
9934,2024-11-21,2024-11-21 06:09:33,2024-11-21 15:03:42,144
9935,2024-11-21,2024-11-21 06:10:39,2024-11-21 15:06:28,147
9941,2024-11-21,2024-11-21 06:14:30,,187
9943,2024-11-21,2024-11-21 08:31:32,2024-11-21 15:10:11,159
9944,2024-11-22,2024-11-22 06:19:39,,147
9946,2024-11-23,2024-11-23 05:50:20,2024-11-23 15:18:48,169
9948,2024-11-23,2024-11-23 05:51:08,2024-11-23 15:12:09,160
9950,2024-11-23,2024-11-23 05:56:53,2024-11-23 15:13:22,189
9953,2024-11-23,2024-11-23 06:00:08,2024-11-23 15:03:49,165
9954,2024-11-23,2024-11-23 06:00:17,2024-11-23 15:03:11,146
9955,2024-11-23,2024-11-23 06:00:24,2024-11-23 15:01:40,164
9956,2024-11-23,2024-11-23 06:00:27,2024-11-23 15:00:59,154
9957,2024-11-23,2024-11-23 06:00:29,2024-11-23 15:04:21,167
9958,2024-11-23,2024-11-23 06:00:41,2024-11-23 15:01:27,177
9959,2024-11-23,2024-11-23 06:01:42,2024-11-23 15:01:24,183
9960,2024-11-23,2024-11-23 06:01:48,2024-11-23 15:01:53,142
9962,2024-11-23,2024-11-23 06:04:27,2024-11-23 15:07:59,178
9963,2024-11-23,2024-11-23 06:06:24,2024-11-23 15:03:52,187
9965,2024-11-23,2024-11-23 06:06:57,2024-11-23 15:01:09,170
9966,2024-11-23,2024-11-23 06:08:39,2024-11-23 15:02:48,147
9967,2024-11-23,2024-11-23 06:08:53,2024-11-23 15:07:45,175
9968,2024-11-23,2024-11-23 06:08:58,2024-11-23 15:01:14,148
9970,2024-11-23,2024-11-23 06:09:24,,151
9972,2024-11-23,2024-11-23 06:10:23,2024-11-23 15:04:17,159
9976,2024-11-23,2024-11-23 06:13:08,2024-11-23 15:01:58,144
9979,2024-11-24,2024-11-24 05:53:17,2024-11-24 15:09:31,160
9981,2024-11-24,2024-11-24 05:56:29,2024-11-24 15:11:49,189
9983,2024-11-24,2024-11-24 06:01:06,2024-11-24 15:00:02,148
9984,2024-11-24,2024-11-24 06:01:18,2024-11-24 15:03:24,165
9985,2024-11-24,2024-11-24 06:01:26,2024-11-24 13:10:42,146
9986,2024-11-24,2024-11-24 06:01:30,2024-11-24 15:02:11,164
9988,2024-11-24,2024-11-24 06:01:37,2024-11-24 15:02:41,167
9989,2024-11-24,2024-11-24 06:01:39,2024-11-24 15:01:28,154
9990,2024-11-24,2024-11-24 06:01:56,2024-11-24 15:01:19,177
9991,2024-11-24,2024-11-24 06:02:35,2024-11-24 15:02:04,170
9993,2024-11-24,2024-11-24 06:05:46,,151
9994,2024-11-24,2024-11-24 06:05:52,2024-11-24 15:01:37,142
9995,2024-11-24,2024-11-24 06:06:01,2024-11-24 15:01:11,183
9996,2024-11-24,2024-11-24 06:06:17,2024-11-24 15:00:39,187
9998,2024-11-24,2024-11-24 06:06:59,2024-11-24 15:02:23,156
10000,2024-11-24,2024-11-24 06:07:49,2024-11-24 15:05:23,147
10001,2024-11-24,2024-11-24 06:08:55,2024-11-24 15:01:23,144
10002,2024-11-24,2024-11-24 06:09:10,2024-11-24 15:08:06,178
10003,2024-11-24,2024-11-24 06:11:35,2024-11-24 15:06:04,175
10004,2024-11-24,2024-11-24 06:12:12,2024-11-24 15:02:58,159
10009,2024-11-24,2024-11-24 06:40:59,2024-11-24 15:07:51,169
10010,2024-11-24,2024-11-24 08:49:42,2024-11-24 15:02:15,157
10013,2024-11-25,2024-11-25 05:43:04,2024-11-25 15:11:10,169
10016,2024-11-25,2024-11-25 05:58:26,2024-11-25 15:13:07,189
10019,2024-11-25,2024-11-25 05:59:30,2024-11-25 15:02:56,154
10020,2024-11-25,2024-11-25 06:01:16,2024-11-25 15:03:51,170
10021,2024-11-25,2024-11-25 06:03:46,2024-11-25 15:03:13,142
10022,2024-11-25,2024-11-25 06:04:59,2024-11-25 15:11:37,175
10023,2024-11-25,2024-11-25 06:05:10,2024-11-25 15:00:34,148
10024,2024-11-25,2024-11-25 06:05:18,2024-11-25 15:01:12,165
10025,2024-11-25,2024-11-25 06:05:22,2024-11-25 15:00:38,164
10027,2024-11-25,2024-11-25 06:05:35,2024-11-25 15:02:15,146
10028,2024-11-25,2024-11-25 06:05:42,2024-11-25 15:01:47,177
10029,2024-11-25,2024-11-25 06:06:54,2024-11-25 15:02:12,183
10031,2024-11-25,2024-11-25 06:07:33,2024-11-25 15:00:26,157
10033,2024-11-25,2024-11-25 06:08:36,2024-11-25 15:03:42,187
10034,2024-11-25,2024-11-25 06:08:45,2024-11-25 15:06:33,156
10035,2024-11-25,2024-11-25 06:10:55,2024-11-25 15:02:06,147
10039,2024-11-25,2024-11-25 06:11:36,2024-11-25 15:01:58,144
10040,2024-11-25,2024-11-25 06:15:15,2024-11-25 15:04:11,178
10041,2024-11-25,2024-11-25 06:15:26,2024-11-25 15:07:11,159
10043,2024-11-25,2024-11-25 06:17:22,2024-11-25 15:06:27,167
10045,2024-11-26,2024-11-26 05:39:01,2024-11-26 15:08:21,160
10047,2024-11-26,2024-11-26 05:39:31,,169
10051,2024-11-26,2024-11-26 06:00:20,2024-11-26 15:10:36,189
10054,2024-11-26,2024-11-26 06:02:44,2024-11-26 15:06:16,165
10055,2024-11-26,2024-11-26 06:02:50,2024-11-26 15:02:57,146
10056,2024-11-26,2024-11-26 06:02:52,2024-11-26 15:01:32,164
10058,2024-11-26,2024-11-26 06:03:10,2024-11-26 15:01:54,177
10059,2024-11-26,2024-11-26 06:03:29,2024-11-26 15:02:43,154
10060,2024-11-26,2024-11-26 06:03:41,2024-11-26 15:03:04,183
10061,2024-11-26,2024-11-26 06:03:51,2024-11-26 15:02:03,156
10062,2024-11-26,2024-11-26 06:04:41,2024-11-26 15:03:17,142
10063,2024-11-26,2024-11-26 06:04:53,2024-11-26 15:01:13,148
10064,2024-11-26,2024-11-26 06:07:57,2024-11-26 15:13:23,178
10066,2024-11-26,2024-11-26 06:08:43,2024-11-26 15:03:31,187
10068,2024-11-26,2024-11-26 06:08:52,2024-11-26 15:02:16,170
10069,2024-11-26,2024-11-26 06:09:12,2024-11-26 15:02:37,159
10070,2024-11-26,2024-11-26 06:09:50,2024-11-26 15:06:09,175
10071,2024-11-26,2024-11-26 06:10:11,2024-11-26 15:02:41,144
10072,2024-11-26,2024-11-26 06:10:43,,151
10074,2024-11-26,2024-11-26 06:14:20,2024-11-26 15:08:50,147
10076,2024-11-27,2024-11-27 05:42:30,2024-11-27 15:16:59,169
10079,2024-11-27,2024-11-27 05:45:47,2024-11-27 15:06:37,160
10080,2024-11-27,2024-11-27 05:55:46,2024-11-27 15:08:45,167
10081,2024-11-27,2024-11-27 05:59:27,2024-11-27 15:04:37,189
10082,2024-11-27,2024-11-27 05:59:31,2024-11-27 15:08:40,154
10084,2024-11-27,2024-11-27 06:01:23,2024-11-27 15:01:42,170
10085,2024-11-27,2024-11-27 06:02:50,2024-11-27 15:02:41,164
10086,2024-11-27,2024-11-27 06:03:03,2024-11-27 15:03:29,165
10087,2024-11-27,2024-11-27 06:03:07,2024-11-27 15:01:58,148
10089,2024-11-27,2024-11-27 06:03:15,,151
10090,2024-11-27,2024-11-27 06:03:43,2024-11-27 15:02:36,146
10093,2024-11-27,2024-11-27 06:04:44,2024-11-27 15:02:07,177
10094,2024-11-27,2024-11-27 06:05:45,2024-11-27 15:02:14,142
10096,2024-11-27,2024-11-27 06:06:07,2024-11-27 15:07:56,156
10097,2024-11-27,2024-11-27 06:07:05,2024-11-27 15:02:48,183
10098,2024-11-27,2024-11-27 06:08:17,2024-11-27 15:04:45,187
10101,2024-11-27,2024-11-27 06:09:25,2024-11-27 15:05:14,147
10102,2024-11-27,2024-11-27 06:09:31,2024-11-27 15:00:47,144
10103,2024-11-27,2024-11-27 06:10:49,2024-11-27 15:07:41,175
10104,2024-11-27,2024-11-27 06:13:57,2024-11-27 15:07:10,159
10105,2024-11-27,2024-11-27 06:14:07,2024-11-27 15:04:21,178
10108,2024-11-28,2024-11-28 05:40:03,2024-11-28 15:19:13,169
10112,2024-11-28,2024-11-28 05:52:17,2024-11-28 15:10:16,160
10115,2024-11-28,2024-11-28 05:58:48,2024-11-28 15:02:00,148
10116,2024-11-28,2024-11-28 05:59:26,2024-11-28 15:17:18,189
10117,2024-11-28,2024-11-28 05:59:31,2024-11-28 15:10:28,165
10118,2024-11-28,2024-11-28 05:59:34,2024-11-28 15:04:04,154
10121,2024-11-28,2024-11-28 05:59:58,2024-11-28 15:09:56,164
10122,2024-11-28,2024-11-28 06:00:34,2024-11-28 15:03:05,146
10123,2024-11-28,2024-11-28 06:00:39,2024-11-28 15:03:01,177
10124,2024-11-28,2024-11-28 06:02:26,2024-11-28 15:08:41,170
10126,2024-11-28,2024-11-28 06:06:39,2024-11-28 15:07:05,187
10127,2024-11-28,2024-11-28 06:06:42,2024-11-28 15:05:03,183
10130,2024-11-28,2024-11-28 06:07:27,2024-11-28 15:11:45,142
10131,2024-11-28,2024-11-28 06:08:22,2024-11-28 15:06:22,175
10132,2024-11-28,2024-11-28 06:09:58,2024-11-28 15:17:33,178
10133,2024-11-28,2024-11-28 06:10:19,2024-11-28 15:02:17,144
10134,2024-11-28,2024-11-28 06:11:19,2024-11-28 15:10:48,156
10137,2024-11-28,2024-11-28 06:15:27,2024-11-28 15:02:52,147
10138,2024-11-28,2024-11-28 06:18:59,2024-11-28 15:04:49,167
10139,2024-11-28,2024-11-28 06:19:19,2024-11-28 15:11:22,159
10142,2024-11-28,2024-11-28 06:41:02,,151
10144,2024-11-30,2024-11-30 05:41:41,2024-11-30 15:04:52,169
10145,2024-11-30,2024-11-30 05:41:49,2024-11-30 15:15:29,160
10150,2024-11-30,2024-11-30 05:59:36,2024-11-30 15:14:02,189
10152,2024-11-30,2024-11-30 06:00:28,2024-11-30 15:02:45,165
10153,2024-11-30,2024-11-30 06:02:25,2024-11-30 15:02:32,142
10154,2024-11-30,2024-11-30 06:02:32,2024-11-30 15:01:20,183
10155,2024-11-30,2024-11-30 06:02:38,2024-11-30 15:00:44,164
10157,2024-11-30,2024-11-30 06:03:04,2024-11-30 15:01:36,146
10158,2024-11-30,2024-11-30 06:03:10,2024-11-30 15:00:34,177
10159,2024-11-30,2024-11-30 06:04:31,2024-11-30 15:02:41,170
10161,2024-11-30,2024-11-30 06:05:29,2024-11-30 15:04:41,187
10162,2024-11-30,2024-11-30 06:06:10,2024-11-30 15:02:26,167
10163,2024-11-30,2024-11-30 06:06:14,2024-11-30 15:02:10,154
10164,2024-11-30,2024-11-30 06:06:25,2024-11-30 15:00:08,148
10166,2024-11-30,2024-11-30 06:08:50,2024-11-30 15:15:15,151
10167,2024-11-30,2024-11-30 06:09:14,2024-11-30 15:06:59,175
10171,2024-11-30,2024-11-30 06:13:16,2024-11-30 15:03:26,159
10172,2024-11-30,2024-11-30 06:14:49,2024-11-30 15:01:47,144
10173,2024-11-30,2024-11-30 06:15:59,2024-11-30 15:02:35,147
10175,2024-11-30,2024-11-30 15:03:19,,153
10177,2024-12-01,2024-12-01 05:43:20,2024-12-01 15:11:20,169
10178,2024-12-01,2024-12-01 05:47:19,2024-12-01 15:10:35,160
10182,2024-12-01,2024-12-01 06:00:05,2024-12-01 15:03:47,164
10183,2024-12-01,2024-12-01 06:00:09,2024-12-01 15:03:22,165
10184,2024-12-01,2024-12-01 06:00:13,2024-12-01 15:10:26,148
10185,2024-12-01,2024-12-01 06:00:30,2024-12-01 15:03:37,170
10186,2024-12-01,2024-12-01 06:00:38,2024-12-01 15:08:57,146
10187,2024-12-01,2024-12-01 06:00:42,2024-12-01 15:08:42,177
10188,2024-12-01,2024-12-01 06:02:03,2024-12-01 15:03:28,183
10189,2024-12-01,2024-12-01 06:02:27,2024-12-01 15:08:45,189
10192,2024-12-01,2024-12-01 06:04:06,2024-12-01 15:05:30,154
10193,2024-12-01,2024-12-01 06:04:12,2024-12-01 15:03:55,167
10194,2024-12-01,2024-12-01 06:05:43,2024-12-01 15:05:55,142
10196,2024-12-01,2024-12-01 06:06:18,2024-12-01 15:04:32,187
10199,2024-12-01,2024-12-01 06:08:37,2024-12-01 15:11:30,151
10201,2024-12-01,2024-12-01 06:09:41,2024-12-01 15:05:23,147
10202,2024-12-01,2024-12-01 06:10:52,2024-12-01 15:12:44,175
10203,2024-12-01,2024-12-01 06:11:29,2024-12-01 15:05:38,153
10206,2024-12-01,2024-12-01 06:16:03,2024-12-01 15:05:17,159
10211,2024-12-02,2024-12-02 05:44:27,2024-12-02 15:18:21,169
10213,2024-12-02,2024-12-02 05:57:14,2024-12-02 15:03:39,165
10214,2024-12-02,2024-12-02 05:57:19,2024-12-02 15:02:51,148
10216,2024-12-02,2024-12-02 05:57:41,2024-12-02 15:03:00,164
10217,2024-12-02,2024-12-02 05:57:46,2024-12-02 15:04:20,146
10218,2024-12-02,2024-12-02 05:57:50,2024-12-02 15:02:06,177
10219,2024-12-02,2024-12-02 06:01:52,2024-12-02 15:01:58,170
10220,2024-12-02,2024-12-02 06:04:17,2024-12-02 15:02:40,183
10222,2024-12-02,2024-12-02 06:04:54,2024-12-02 15:02:22,154
10223,2024-12-02,2024-12-02 06:04:59,2024-12-02 15:03:29,147
10224,2024-12-02,2024-12-02 06:05:03,2024-12-02 15:02:12,189
10227,2024-12-02,2024-12-02 06:06:57,2024-12-02 15:05:40,142
10228,2024-12-02,2024-12-02 06:08:49,2024-12-02 15:14:08,175
10229,2024-12-02,2024-12-02 06:09:42,2024-12-02 15:03:15,144
10232,2024-12-02,2024-12-02 06:11:57,2024-12-02 15:06:39,187
10236,2024-12-02,2024-12-02 06:14:51,2024-12-02 15:08:44,159
10237,2024-12-02,2024-12-02 06:25:34,2024-12-02 15:18:35,151
10239,2024-12-03,2024-12-03 05:43:13,2024-12-03 15:06:46,160
10241,2024-12-03,2024-12-03 05:44:30,2024-12-03 15:17:49,169
10247,2024-12-03,2024-12-03 05:58:21,2024-12-03 15:02:34,165
10248,2024-12-03,2024-12-03 05:58:56,2024-12-03 15:05:14,189
10250,2024-12-03,2024-12-03 05:59:50,2024-12-03 15:03:09,164
10251,2024-12-03,2024-12-03 05:59:55,2024-12-03 15:02:19,146
10252,2024-12-03,2024-12-03 06:00:00,2024-12-03 15:02:02,177
10253,2024-12-03,2024-12-03 06:00:07,2024-12-03 15:02:39,148
10254,2024-12-03,2024-12-03 06:00:14,2024-12-03 15:07:12,154
10255,2024-12-03,2024-12-03 06:05:22,2024-12-03 15:01:41,170
10256,2024-12-03,2024-12-03 06:06:26,2024-12-03 15:04:22,142
10257,2024-12-03,2024-12-03 06:06:57,2024-12-03 15:02:47,183
10259,2024-12-03,2024-12-03 06:08:07,2024-12-03 15:06:53,187
10261,2024-12-03,2024-12-03 06:08:35,2024-12-03 15:03:20,147
10263,2024-12-03,2024-12-03 06:10:55,2024-12-03 15:18:01,151
10264,2024-12-03,2024-12-03 06:12:35,2024-12-03 15:04:35,159
10267,2024-12-03,2024-12-03 06:17:31,2024-12-03 15:11:10,175
10269,2024-12-03,2024-12-03 15:03:15,,144
10272,2024-12-04,2024-12-04 05:44:35,2024-12-04 15:10:17,169
10273,2024-12-04,2024-12-04 05:44:43,2024-12-04 15:07:30,160
10274,2024-12-04,2024-12-04 05:53:11,2024-12-04 15:02:24,187
10278,2024-12-04,2024-12-04 05:59:56,2024-12-04 15:03:58,189
10281,2024-12-04,2024-12-04 06:00:55,2024-12-04 15:05:13,148
10282,2024-12-04,2024-12-04 06:01:08,2024-12-04 15:02:47,165
10283,2024-12-04,2024-12-04 06:01:49,2024-12-04 15:03:22,170
10284,2024-12-04,2024-12-04 06:02:10,2024-12-04 15:05:34,164
10285,2024-12-04,2024-12-04 06:02:16,2024-12-04 15:02:18,146
10286,2024-12-04,2024-12-04 06:02:20,2024-12-04 15:07:03,154
10288,2024-12-04,2024-12-04 06:05:19,2024-12-04 15:03:07,142
10290,2024-12-04,2024-12-04 06:07:18,2024-12-04 15:03:46,183
10292,2024-12-04,2024-12-04 06:07:30,2024-12-04 15:03:12,147
10293,2024-12-04,2024-12-04 06:10:04,2024-12-04 15:12:04,175
10294,2024-12-04,2024-12-04 06:10:50,2024-12-04 15:05:20,159
10297,2024-12-04,2024-12-04 06:14:04,2024-12-04 15:14:57,151
10298,2024-12-04,2024-12-04 06:15:45,2024-12-04 15:02:56,144
10301,2024-12-05,2024-12-05 05:45:17,,169
10304,2024-12-05,2024-12-05 05:50:53,2024-12-05 15:06:50,160
10307,2024-12-05,2024-12-05 06:01:35,2024-12-05 15:01:40,165
10308,2024-12-05,2024-12-05 06:01:40,2024-12-05 15:02:51,148
10309,2024-12-05,2024-12-05 06:02:00,2024-12-05 15:04:13,146
10310,2024-12-05,2024-12-05 06:02:02,,164
10312,2024-12-05,2024-12-05 06:04:00,2024-12-05 15:07:47,189
10313,2024-12-05,2024-12-05 06:04:04,2024-12-05 15:02:54,154
10315,2024-12-05,2024-12-05 06:04:17,2024-12-05 15:08:50,187
10316,2024-12-05,2024-12-05 06:06:52,2024-12-05 15:12:06,175
10317,2024-12-05,2024-12-05 06:07:27,2024-12-05 15:03:10,170
10318,2024-12-05,2024-12-05 06:07:43,2024-12-05 15:04:24,142
10319,2024-12-05,2024-12-05 06:08:23,2024-12-05 15:00:51,183
10321,2024-12-05,2024-12-05 06:09:18,2024-12-05 15:02:13,147
10322,2024-12-05,2024-12-05 06:10:26,2024-12-05 15:06:34,159
10323,2024-12-05,2024-12-05 06:12:05,2024-12-05 15:08:37,151
10324,2024-12-05,2024-12-05 06:15:21,2024-12-05 15:00:36,144
10329,2024-12-07,2024-12-07 05:42:13,2024-12-07 15:07:37,160
10330,2024-12-07,2024-12-07 05:51:41,2024-12-07 15:06:29,169
10333,2024-12-07,2024-12-07 06:02:34,2024-12-07 15:01:34,146
10334,2024-12-07,2024-12-07 06:02:39,2024-12-07 15:03:26,165
10335,2024-12-07,2024-12-07 06:02:44,2024-12-07 15:01:13,177
10336,2024-12-07,2024-12-07 06:02:54,2024-12-07 15:02:56,164
10338,2024-12-07,2024-12-07 06:03:09,2024-12-07 15:01:38,154
10339,2024-12-07,2024-12-07 06:03:12,2024-12-07 15:17:53,189
10341,2024-12-07,2024-12-07 06:03:26,2024-12-07 15:01:01,148
10342,2024-12-07,2024-12-07 06:04:17,2024-12-07 15:01:45,170
10343,2024-12-07,2024-12-07 06:06:42,2024-12-07 15:03:53,142
10344,2024-12-07,2024-12-07 06:09:31,2024-12-07 15:03:48,187
10349,2024-12-07,2024-12-07 06:11:37,2024-12-07 15:02:48,183
10350,2024-12-07,2024-12-07 06:11:53,2024-12-07 15:15:46,151
10351,2024-12-07,2024-12-07 06:12:36,2024-12-07 15:04:17,147
10354,2024-12-07,2024-12-07 06:15:18,2024-12-07 15:11:19,175
10355,2024-12-07,2024-12-07 06:16:04,2024-12-07 15:03:02,144
10357,2024-12-07,2024-12-07 06:17:47,2024-12-07 15:06:20,159
10361,2024-12-08,2024-12-08 05:50:23,2024-12-08 15:16:44,169
10362,2024-12-08,2024-12-08 05:52:33,2024-12-08 15:10:13,160
10365,2024-12-08,2024-12-08 05:57:01,,187
10367,2024-12-08,2024-12-08 06:00:17,2024-12-08 15:03:00,189
10369,2024-12-08,2024-12-08 06:01:24,2024-12-08 15:01:56,170
10370,2024-12-08,2024-12-08 06:02:01,2024-12-08 15:05:00,148
10371,2024-12-08,2024-12-08 06:02:06,2024-12-08 15:03:55,165
10372,2024-12-08,2024-12-08 06:04:40,2024-12-08 15:02:51,146
10373,2024-12-08,2024-12-08 06:04:45,2024-12-08 15:02:03,177
10374,2024-12-08,2024-12-08 06:05:51,2024-12-08 15:02:20,142
10375,2024-12-08,2024-12-08 06:06:01,2024-12-08 15:02:35,159
10376,2024-12-08,2024-12-08 06:06:37,2024-12-08 15:09:20,175
10377,2024-12-08,2024-12-08 06:07:41,2024-12-08 15:01:49,183
10379,2024-12-08,2024-12-08 06:08:13,2024-12-08 06:38:56,151
10380,2024-12-08,2024-12-08 06:09:41,2024-12-08 15:02:09,164
10381,2024-12-08,2024-12-08 06:09:45,2024-12-08 15:05:37,154
10382,2024-12-08,2024-12-08 06:11:24,2024-12-08 15:02:27,144
10385,2024-12-08,2024-12-08 06:12:08,2024-12-08 15:03:07,147
10391,2024-12-09,2024-12-09 05:54:11,2024-12-09 15:17:55,169
10394,2024-12-09,2024-12-09 05:58:11,2024-12-09 15:02:56,170
10395,2024-12-09,2024-12-09 05:58:23,2024-12-09 15:03:57,165
10396,2024-12-09,2024-12-09 05:59:16,2024-12-09 15:07:43,166
10397,2024-12-09,2024-12-09 05:59:26,2024-12-09 15:06:00,189
10398,2024-12-09,2024-12-09 05:59:30,2024-12-09 15:05:01,187
10401,2024-12-09,2024-12-09 05:59:59,2024-12-09 15:04:20,154
10402,2024-12-09,2024-12-09 06:00:20,2024-12-09 15:04:42,148
10403,2024-12-09,2024-12-09 06:00:28,2024-12-09 15:02:52,146
10404,2024-12-09,2024-12-09 06:00:42,2024-12-09 15:02:45,177
10405,2024-12-09,2024-12-09 06:02:46,2024-12-09 15:07:10,160
10406,2024-12-09,2024-12-09 06:03:03,2024-12-09 15:08:29,175
10407,2024-12-09,2024-12-09 06:05:53,2024-12-09 11:28:40,142
10409,2024-12-09,2024-12-09 06:07:28,2024-12-09 15:02:30,183
10412,2024-12-09,2024-12-09 06:08:36,2024-12-09 15:05:44,156
10414,2024-12-09,2024-12-09 06:09:33,2024-12-09 15:03:04,159
10415,2024-12-09,2024-12-09 06:11:01,2024-12-09 15:04:53,144
10416,2024-12-09,2024-12-09 06:11:23,2024-12-09 15:06:45,147
10419,2024-12-09,2024-12-09 07:33:46,2024-12-09 15:17:22,151
10421,2024-12-10,2024-12-10 05:42:50,,179
10423,2024-12-10,2024-12-10 05:53:38,2024-12-10 15:21:58,166
10428,2024-12-10,2024-12-10 06:00:50,2024-12-10 15:04:13,156
10429,2024-12-10,2024-12-10 06:00:57,2024-12-10 15:03:29,165
10430,2024-12-10,2024-12-10 06:01:45,2024-12-10 15:04:33,189
10431,2024-12-10,2024-12-10 06:01:52,2024-12-10 15:03:16,183
10433,2024-12-10,2024-12-10 06:02:04,2024-12-10 15:03:41,146
10434,2024-12-10,2024-12-10 06:02:07,2024-12-10 15:02:02,177
10436,2024-12-10,2024-12-10 06:02:39,2024-12-10 15:01:55,170
10437,2024-12-10,2024-12-10 06:02:44,2024-12-10 15:02:07,148
10438,2024-12-10,2024-12-10 06:02:49,2024-12-10 15:09:52,154
10439,2024-12-10,2024-12-10 06:04:05,2024-12-10 15:05:10,167
10441,2024-12-10,2024-12-10 06:04:40,2024-12-10 15:02:12,164
10442,2024-12-10,2024-12-10 06:07:35,2024-12-10 15:05:28,187
10444,2024-12-10,2024-12-10 06:09:13,2024-12-10 15:07:25,159
10446,2024-12-10,2024-12-10 06:09:53,,175
10451,2024-12-10,2024-12-10 06:12:51,2024-12-10 15:21:54,151
10452,2024-12-10,2024-12-10 06:15:37,2024-12-10 15:02:54,147
10454,2024-12-10,2024-12-10 09:21:43,2024-12-10 15:02:31,144
10455,2024-12-10,2024-12-10 15:04:46,,169
10458,2024-12-11,2024-12-11 05:42:46,2024-12-11 15:11:03,160
10459,2024-12-11,2024-12-11 05:55:07,2024-12-11 15:10:54,166
10461,2024-12-11,2024-12-11 05:56:37,2024-12-11 15:06:47,189
10465,2024-12-11,2024-12-11 06:01:03,2024-12-11 15:04:38,148
10466,2024-12-11,2024-12-11 06:01:08,2024-12-11 15:07:00,165
10467,2024-12-11,2024-12-11 06:01:26,2024-12-11 15:04:16,164
10468,2024-12-11,2024-12-11 06:01:30,2024-12-11 15:05:32,154
10470,2024-12-11,2024-12-11 06:01:53,2024-12-11 15:04:42,146
10471,2024-12-11,2024-12-11 06:02:20,2024-12-11 15:04:25,177
10472,2024-12-11,2024-12-11 06:03:36,2024-12-11 15:02:33,142
10473,2024-12-11,2024-12-11 06:03:46,2024-12-11 15:03:19,170
10474,2024-12-11,2024-12-11 06:04:08,,183
10479,2024-12-11,2024-12-11 06:05:49,2024-12-11 15:02:59,187
10481,2024-12-11,2024-12-11 06:05:59,2024-12-11 15:06:35,156
10482,2024-12-11,2024-12-11 06:06:27,2024-12-11 15:15:12,169
10484,2024-12-11,2024-12-11 06:10:41,2024-12-11 15:04:32,159
10485,2024-12-11,2024-12-11 06:11:00,2024-12-11 15:09:20,175
10486,2024-12-11,2024-12-11 06:14:00,2024-12-11 15:04:02,144
10487,2024-12-11,2024-12-11 06:14:04,2024-12-11 15:23:59,147
10488,2024-12-11,2024-12-11 06:15:19,2024-12-11 15:09:09,167
10491,2024-12-11,2024-12-11 06:40:07,2024-12-11 15:24:05,151
10494,2024-12-12,2024-12-12 05:45:20,2024-12-12 15:14:43,160
10497,2024-12-12,2024-12-12 05:57:34,2024-12-12 15:02:32,170
10498,2024-12-12,2024-12-12 05:57:39,2024-12-12 15:01:12,148
10499,2024-12-12,2024-12-12 05:57:44,,165
10500,2024-12-12,2024-12-12 05:57:49,2024-12-12 15:11:07,166
10501,2024-12-12,2024-12-12 05:59:16,2024-12-12 15:14:14,189
10503,2024-12-12,2024-12-12 05:59:37,2024-12-12 15:04:23,146
10504,2024-12-12,2024-12-12 05:59:40,2024-12-12 15:04:34,177
10506,2024-12-12,2024-12-12 05:59:47,2024-12-12 15:03:55,167
10507,2024-12-12,2024-12-12 05:59:51,2024-12-12 15:07:44,164
10508,2024-12-12,2024-12-12 05:59:55,2024-12-12 15:09:06,154
10509,2024-12-12,2024-12-12 06:02:48,2024-12-12 15:05:52,183
10511,2024-12-12,2024-12-12 06:03:04,2024-12-12 15:16:57,175
10513,2024-12-12,2024-12-12 06:03:45,2024-12-12 15:07:34,159
10514,2024-12-12,2024-12-12 06:03:53,,169
10516,2024-12-12,2024-12-12 06:04:04,2024-12-12 15:07:56,187
10517,2024-12-12,2024-12-12 06:04:28,2024-12-12 12:11:00,156
10518,2024-12-12,2024-12-12 06:05:49,2024-12-12 15:05:15,142
10519,2024-12-12,2024-12-12 06:07:39,2024-12-12 15:09:15,147
10521,2024-12-12,2024-12-12 06:13:28,2024-12-12 15:03:52,144
10526,2024-12-12,2024-12-12 15:14:11,,151
10528,2024-12-14,2024-12-14 05:48:26,2024-12-14 15:07:33,160
10530,2024-12-14,2024-12-14 05:55:47,2024-12-14 15:02:02,177
10531,2024-12-14,2024-12-14 05:56:12,2024-12-14 15:05:00,165
10532,2024-12-14,2024-12-14 05:56:15,2024-12-14 15:02:21,164
10536,2024-12-14,2024-12-14 06:00:02,2024-12-14 15:12:12,166
10537,2024-12-14,2024-12-14 06:01:46,2024-12-14 15:05:24,148
10538,2024-12-14,2024-12-14 06:02:45,2024-12-14 15:02:35,142
10539,2024-12-14,2024-12-14 06:03:25,2024-12-14 15:05:08,156
10540,2024-12-14,2024-12-14 06:05:02,2024-12-14 15:03:50,183
10542,2024-12-14,2024-12-14 06:06:55,2024-12-14 15:02:14,187
10544,2024-12-14,2024-12-14 06:07:38,2024-12-14 15:02:43,189
10545,2024-12-14,2024-12-14 06:07:43,2024-12-14 15:02:04,154
10546,2024-12-14,2024-12-14 06:07:46,2024-12-14 15:02:55,167
10548,2024-12-14,2024-12-14 06:08:33,2024-12-14 15:07:43,175
10552,2024-12-14,2024-12-14 06:09:35,2024-12-14 15:03:29,159
10553,2024-12-14,2024-12-14 06:15:07,2024-12-14 15:13:15,147
10555,2024-12-14,2024-12-14 06:37:31,2024-12-14 15:03:57,144
10556,2024-12-14,2024-12-14 15:13:43,,151
10559,2024-12-15,2024-12-15 05:45:34,2024-12-15 15:10:43,169
10560,2024-12-15,2024-12-15 05:45:54,2024-12-15 15:11:06,160
10563,2024-12-15,2024-12-15 05:57:10,2024-12-15 15:04:48,189
10565,2024-12-15,2024-12-15 05:57:33,,166
10566,2024-12-15,2024-12-15 05:59:05,2024-12-15 15:02:41,170
10567,2024-12-15,2024-12-15 05:59:09,2024-12-15 09:11:27,187
10570,2024-12-15,2024-12-15 06:00:33,2024-12-15 15:05:03,148
10571,2024-12-15,2024-12-15 06:00:39,2024-12-15 15:03:28,165
10572,2024-12-15,2024-12-15 06:01:40,2024-12-15 15:02:56,183
10574,2024-12-15,2024-12-15 06:02:06,2024-12-15 15:06:26,156
10575,2024-12-15,2024-12-15 06:02:16,2024-12-15 15:07:45,177
10576,2024-12-15,2024-12-15 06:02:20,2024-12-15 15:07:37,146
10579,2024-12-15,2024-12-15 06:04:21,2024-12-15 15:06:32,142
10580,2024-12-15,2024-12-15 06:05:13,2024-12-15 15:06:50,159
10581,2024-12-15,2024-12-15 06:07:31,2024-12-15 15:07:20,147
10582,2024-12-15,2024-12-15 06:08:33,,151
10583,2024-12-15,2024-12-15 06:10:43,2024-12-15 15:03:01,144
10586,2024-12-15,2024-12-15 09:11:18,,256
10587,2024-12-15,2024-12-15 10:43:18,,158
10589,2024-12-16,2024-12-16 05:42:53,2024-12-16 15:02:47,160
10595,2024-12-16,2024-12-16 05:58:54,2024-12-16 15:06:06,166
10596,2024-12-16,2024-12-16 06:00:37,2024-12-16 15:02:21,148
10597,2024-12-16,2024-12-16 06:00:48,2024-12-16 15:02:04,170
10599,2024-12-16,2024-12-16 06:01:09,2024-12-16 15:04:42,187
10600,2024-12-16,2024-12-16 06:01:19,2024-12-16 15:04:37,256
10602,2024-12-16,2024-12-16 06:01:26,2024-12-16 15:02:33,183
10603,2024-12-16,2024-12-16 06:01:29,2024-12-16 15:02:14,164
10604,2024-12-16,2024-12-16 06:01:34,2024-12-16 15:03:24,165
10605,2024-12-16,2024-12-16 06:01:58,2024-12-16 15:02:17,167
10606,2024-12-16,2024-12-16 06:02:15,2024-12-16 15:03:15,146
10607,2024-12-16,2024-12-16 06:02:22,2024-12-16 15:01:58,177
10609,2024-12-16,2024-12-16 06:05:00,2024-12-16 15:02:52,142
10610,2024-12-16,2024-12-16 06:06:18,2024-12-16 15:04:23,189
10612,2024-12-16,2024-12-16 06:08:19,2024-12-16 15:07:09,151
10613,2024-12-16,2024-12-16 06:09:04,2024-12-16 15:05:16,156
10614,2024-12-16,2024-12-16 06:09:22,2024-12-16 15:07:37,175
10615,2024-12-16,2024-12-16 06:11:14,,169
10616,2024-12-16,2024-12-16 06:12:29,2024-12-16 15:04:47,159
10620,2024-12-16,2024-12-16 06:30:56,2024-12-16 15:12:17,174
10621,2024-12-17,2024-12-17 05:40:43,2024-12-17 15:10:04,169
10627,2024-12-17,2024-12-17 05:56:11,2024-12-17 15:08:16,160
10628,2024-12-17,2024-12-17 05:56:16,2024-12-17 15:06:15,165
10629,2024-12-17,2024-12-17 05:58:48,2024-12-17 15:03:43,146
10630,2024-12-17,2024-12-17 05:58:51,2024-12-17 15:01:39,177
10631,2024-12-17,2024-12-17 05:59:02,2024-12-17 15:04:44,174
10633,2024-12-17,2024-12-17 05:59:21,2024-12-17 15:06:06,164
10634,2024-12-17,2024-12-17 05:59:55,2024-12-17 15:04:14,187
10636,2024-12-17,2024-12-17 06:00:02,2024-12-17 15:01:59,256
10637,2024-12-17,2024-12-17 06:00:08,2024-12-17 15:03:37,156
10638,2024-12-17,2024-12-17 06:00:14,2024-12-17 15:01:44,170
10639,2024-12-17,2024-12-17 06:00:19,2024-12-17 15:00:37,148
10640,2024-12-17,2024-12-17 06:02:33,2024-12-17 15:05:09,189
10642,2024-12-17,2024-12-17 06:02:46,2024-12-17 15:07:17,166
10643,2024-12-17,2024-12-17 06:07:16,2024-12-17 15:05:33,159
10645,2024-12-17,2024-12-17 06:07:40,2024-12-17 15:03:16,183
10646,2024-12-17,2024-12-17 06:08:00,2024-12-17 15:06:59,151
10648,2024-12-17,2024-12-17 06:09:02,2024-12-17 15:02:52,142
10649,2024-12-17,2024-12-17 06:10:47,2024-12-17 15:06:04,167
10650,2024-12-17,2024-12-17 06:11:01,2024-12-17 15:05:38,144
10652,2024-12-17,2024-12-17 06:13:20,2024-12-17 15:09:14,175
10654,2024-12-17,2024-12-17 06:13:40,2024-12-17 15:08:02,147
10659,2024-12-18,2024-12-18 05:48:21,2024-12-18 15:04:19,160
10660,2024-12-18,2024-12-18 05:50:50,2024-12-18 15:10:08,169
10665,2024-12-18,2024-12-18 06:02:38,2024-12-18 15:06:10,256
10667,2024-12-18,2024-12-18 06:02:59,2024-12-18 15:06:07,189
10668,2024-12-18,2024-12-18 06:03:03,2024-12-18 15:05:07,187
10670,2024-12-18,2024-12-18 06:03:51,2024-12-18 15:03:15,165
10671,2024-12-18,2024-12-18 06:03:57,2024-12-18 15:06:57,166
10672,2024-12-18,2024-12-18 06:04:00,2024-12-18 15:01:16,148
10674,2024-12-18,2024-12-18 06:04:45,2024-12-18 15:02:58,164
10675,2024-12-18,2024-12-18 06:04:56,2024-12-18 15:03:34,146
10676,2024-12-18,2024-12-18 06:04:59,2024-12-18 15:01:56,177
10677,2024-12-18,2024-12-18 06:05:39,2024-12-18 15:01:40,183
10679,2024-12-18,2024-12-18 06:06:32,2024-12-18 15:02:08,170
10680,2024-12-18,2024-12-18 06:06:37,2024-12-18 15:05:04,142
10681,2024-12-18,2024-12-18 06:07:52,2024-12-18 15:10:25,159
10682,2024-12-18,2024-12-18 06:08:32,2024-12-18 15:12:33,175
10684,2024-12-18,2024-12-18 06:09:04,2024-12-18 15:05:53,144
10685,2024-12-18,2024-12-18 06:11:20,,151
10686,2024-12-18,2024-12-18 06:13:23,2024-12-18 15:05:41,147
10687,2024-12-18,2024-12-18 06:15:19,2024-12-18 15:07:05,156
10688,2024-12-18,2024-12-18 06:15:59,2024-12-18 15:04:38,167
10696,2024-12-19,2024-12-19 05:39:40,2024-12-19 15:04:19,160
10697,2024-12-19,2024-12-19 05:40:05,2024-12-19 15:14:35,169
10701,2024-12-19,2024-12-19 05:56:25,2024-12-19 15:10:00,165
10702,2024-12-19,2024-12-19 05:59:14,2024-12-19 15:02:06,148
10703,2024-12-19,2024-12-19 05:59:18,2024-12-19 15:12:00,174
10704,2024-12-19,2024-12-19 05:59:52,2024-12-19 15:09:00,146
10705,2024-12-19,2024-12-19 05:59:55,2024-12-19 15:08:56,177
10707,2024-12-19,2024-12-19 06:00:05,2024-12-19 15:09:10,164
10708,2024-12-19,2024-12-19 06:01:13,2024-12-19 15:14:51,189
10712,2024-12-19,2024-12-19 06:02:32,2024-12-19 15:03:20,183
10714,2024-12-19,2024-12-19 06:03:09,2024-12-19 15:03:28,170
10715,2024-12-19,2024-12-19 06:05:01,2024-12-19 15:08:49,187
10717,2024-12-19,2024-12-19 06:05:10,2024-12-19 15:07:37,256
10718,2024-12-19,2024-12-19 06:05:30,2024-12-19 15:17:28,175
10719,2024-12-19,2024-12-19 06:06:09,2024-12-19 15:08:30,167
10720,2024-12-19,2024-12-19 06:06:31,2024-12-19 15:14:46,151
10721,2024-12-19,2024-12-19 06:07:40,2024-12-19 15:10:20,159
10722,2024-12-19,2024-12-19 06:07:44,2024-12-19 15:15:55,166
10728,2024-12-19,2024-12-19 06:11:40,2024-12-19 15:10:11,147
10729,2024-12-19,2024-12-19 06:12:29,2024-12-19 15:08:02,156
10731,2024-12-19,2024-12-19 06:14:29,2024-12-19 15:10:14,144
10733,2024-12-19,2024-12-19 06:25:34,2024-12-19 15:10:31,142
10735,2024-12-21,2024-12-21 05:44:10,2024-12-21 15:09:55,160
10737,2024-12-21,2024-12-21 05:46:27,,169
10738,2024-12-21,2024-12-21 05:51:36,2024-12-21 15:09:45,166
10739,2024-12-21,2024-12-21 05:58:18,2024-12-21 15:02:16,170
10740,2024-12-21,2024-12-21 05:58:43,2024-12-21 15:02:23,148
10741,2024-12-21,2024-12-21 05:58:48,2024-12-21 15:05:51,165
10742,2024-12-21,2024-12-21 05:58:51,2024-12-21 15:20:49,174
10743,2024-12-21,2024-12-21 05:59:06,2024-12-21 15:06:25,146
10744,2024-12-21,2024-12-21 05:59:10,,177
10745,2024-12-21,2024-12-21 06:01:46,2024-12-21 16:39:00,189
10748,2024-12-21,2024-12-21 06:02:29,2024-12-21 15:03:55,164
10749,2024-12-21,2024-12-21 06:03:07,2024-12-21 15:03:26,187
10751,2024-12-21,2024-12-21 06:03:14,2024-12-21 15:04:10,256
10752,2024-12-21,2024-12-21 06:04:47,2024-12-21 15:05:22,142
10754,2024-12-21,2024-12-21 06:07:01,2024-12-21 16:39:12,151
10755,2024-12-21,2024-12-21 06:08:11,2024-12-21 15:03:38,159
10760,2024-12-21,2024-12-21 06:09:35,2024-12-21 15:06:17,156
10761,2024-12-21,2024-12-21 06:11:22,2024-12-21 15:07:03,175
10762,2024-12-21,2024-12-21 06:12:33,2024-12-21 15:04:03,144
10763,2024-12-21,2024-12-21 06:13:35,2024-12-21 15:03:32,183
10765,2024-12-21,2024-12-21 06:14:51,,147
10768,2024-12-22,2024-12-22 05:40:20,2024-12-22 15:04:17,160
10769,2024-12-22,2024-12-22 05:45:15,,169
10770,2024-12-22,2024-12-22 05:54:09,2024-12-22 15:07:29,166
10773,2024-12-22,2024-12-22 05:59:15,2024-12-22 15:02:23,148
10774,2024-12-22,2024-12-22 05:59:24,2024-12-22 15:06:52,165
10775,2024-12-22,2024-12-22 05:59:27,2024-12-22 15:06:58,174
10777,2024-12-22,2024-12-22 05:59:41,2024-12-22 15:01:59,170
10778,2024-12-22,2024-12-22 06:00:39,2024-12-22 15:03:55,146
10779,2024-12-22,2024-12-22 06:00:43,2024-12-22 15:02:19,177
10780,2024-12-22,2024-12-22 06:00:48,2024-12-22 15:04:52,164
10781,2024-12-22,2024-12-22 06:01:56,2024-12-22 15:12:10,189
10784,2024-12-22,2024-12-22 06:05:44,2024-12-22 15:02:14,167
10785,2024-12-22,2024-12-22 06:06:00,2024-12-22 15:03:31,142
10787,2024-12-22,2024-12-22 06:07:44,2024-12-22 15:07:16,175
10788,2024-12-22,2024-12-22 06:08:54,2024-12-22 15:09:50,147
10789,2024-12-22,2024-12-22 06:09:25,2024-12-22 15:03:50,159
10791,2024-12-22,2024-12-22 06:10:32,2024-12-22 15:06:16,256
10792,2024-12-22,2024-12-22 06:10:37,2024-12-22 15:04:55,187
10793,2024-12-22,2024-12-22 06:13:10,2024-12-22 15:03:16,144
10794,2024-12-22,2024-12-22 06:13:34,,151
10796,2024-12-22,2024-12-22 06:15:30,2024-12-22 15:05:53,156
10800,2024-12-22,2024-12-22 06:30:09,2024-12-22 15:09:57,252
10802,2024-12-22,2024-12-22 07:12:55,2024-12-22 15:03:20,255
10804,2024-12-23,2024-12-23 05:36:50,2024-12-23 15:09:22,160
10806,2024-12-23,2024-12-23 05:50:13,2024-12-23 15:09:48,166
10807,2024-12-23,2024-12-23 05:51:20,2024-12-23 15:15:22,169
10809,2024-12-23,2024-12-23 06:00:32,2024-12-23 15:11:04,189
10810,2024-12-23,2024-12-23 06:00:38,2024-12-23 15:05:51,165
10812,2024-12-23,2024-12-23 06:00:52,2024-12-23 15:12:01,148
10813,2024-12-23,2024-12-23 06:00:56,2024-12-23 15:11:12,174
10814,2024-12-23,2024-12-23 06:01:01,2024-12-23 15:06:51,177
10815,2024-12-23,2024-12-23 06:01:26,2024-12-23 15:04:53,170
10816,2024-12-23,2024-12-23 06:01:52,2024-12-23 15:02:22,164
10817,2024-12-23,2024-12-23 06:01:55,2024-12-23 15:02:32,255
10819,2024-12-23,2024-12-23 06:02:07,2024-12-23 15:04:02,256
10820,2024-12-23,2024-12-23 06:02:10,2024-12-23 15:08:50,187
10822,2024-12-23,2024-12-23 06:04:49,2024-12-23 15:12:43,252
10823,2024-12-23,2024-12-23 06:04:55,2024-12-23 15:05:17,142
10824,2024-12-23,2024-12-23 06:05:17,2024-12-23 15:03:37,167
10826,2024-12-23,2024-12-23 06:06:30,2024-12-23 15:14:09,175
10828,2024-12-23,2024-12-23 06:07:42,2024-12-23 15:06:41,159
10829,2024-12-23,2024-12-23 06:09:00,,151
10830,2024-12-23,2024-12-23 06:09:36,2024-12-23 15:03:18,144
10836,2024-12-23,2024-12-23 06:11:22,2024-12-23 15:12:39,147
10842,2024-12-24,2024-12-24 05:52:10,2024-12-24 15:11:45,166
10843,2024-12-24,2024-12-24 05:55:23,2024-12-24 15:03:50,170
10845,2024-12-24,2024-12-24 05:56:34,2024-12-24 15:06:08,165
10846,2024-12-24,2024-12-24 05:58:13,2024-12-24 15:03:55,148
10847,2024-12-24,2024-12-24 05:58:20,,169
10849,2024-12-24,2024-12-24 05:59:36,2024-12-24 15:09:58,256
10850,2024-12-24,2024-12-24 06:00:19,2024-12-24 15:02:58,146
10851,2024-12-24,2024-12-24 06:00:27,2024-12-24 15:23:46,177
10852,2024-12-24,2024-12-24 06:00:31,,164
10853,2024-12-24,2024-12-24 06:00:34,,151
10854,2024-12-24,2024-12-24 06:00:47,2024-12-24 15:06:20,174
10856,2024-12-24,2024-12-24 06:01:52,2024-12-24 15:03:35,183
10857,2024-12-24,2024-12-24 06:02:13,2024-12-24 15:08:46,189
10859,2024-12-24,2024-12-24 06:04:24,2024-12-24 15:10:10,187
10861,2024-12-24,2024-12-24 06:04:58,2024-12-24 15:06:27,156
10862,2024-12-24,2024-12-24 06:05:57,2024-12-24 15:03:27,142
10864,2024-12-24,2024-12-24 06:06:35,2024-12-24 15:07:20,252
10866,2024-12-24,2024-12-24 06:07:38,2024-12-24 15:03:19,144
10868,2024-12-24,2024-12-24 06:10:13,2024-12-24 15:04:51,159
10869,2024-12-24,2024-12-24 06:11:15,2024-12-24 15:09:44,147
10870,2024-12-24,2024-12-24 06:18:30,2024-12-24 15:14:49,175
10876,2024-12-24,2024-12-24 06:21:11,2024-12-24 15:03:05,167
10882,2024-12-25,2024-12-25 05:43:06,2024-12-25 15:11:51,169
10883,2024-12-25,2024-12-25 05:43:56,2024-12-25 15:07:33,160
10885,2024-12-25,2024-12-25 05:54:32,2024-12-25 15:09:24,166
10887,2024-12-25,2024-12-25 05:58:07,2024-12-25 15:04:15,189
10889,2024-12-25,2024-12-25 06:01:08,2024-12-25 15:04:07,187
10892,2024-12-25,2024-12-25 06:01:52,2024-12-25 15:03:53,183
10893,2024-12-25,2024-12-25 06:02:09,2024-12-25 15:01:45,148
10894,2024-12-25,2024-12-25 06:02:19,2024-12-25 15:03:41,165
10895,2024-12-25,2024-12-25 06:02:23,2024-12-25 15:05:52,174
10896,2024-12-25,2024-12-25 06:02:41,2024-12-25 15:05:49,177
10897,2024-12-25,2024-12-25 06:02:46,2024-12-25 15:03:44,146
10898,2024-12-25,2024-12-25 06:02:54,2024-12-25 15:02:35,164
10899,2024-12-25,2024-12-25 06:02:57,2024-12-25 15:02:37,255
10901,2024-12-25,2024-12-25 06:05:31,2024-12-25 15:02:24,142
10902,2024-12-25,2024-12-25 06:05:36,2024-12-25 15:14:36,151
10903,2024-12-25,2024-12-25 06:06:06,2024-12-25 15:04:27,159
10904,2024-12-25,2024-12-25 06:06:27,2024-12-25 15:05:14,144
10905,2024-12-25,2024-12-25 06:06:59,2024-12-25 15:05:39,147
10906,2024-12-25,2024-12-25 06:07:28,2024-12-25 15:05:59,156
10911,2024-12-25,2024-12-25 06:12:21,2024-12-25 15:05:42,252
10912,2024-12-25,2024-12-25 06:12:57,2024-12-25 15:09:50,175
10913,2024-12-25,2024-12-25 06:13:10,2024-12-25 15:02:43,170
10919,2024-12-25,2024-12-25 06:18:15,2024-12-25 15:04:44,167
10924,2024-12-26,2024-12-26 05:50:04,2024-12-26 15:31:46,169
10925,2024-12-26,2024-12-26 05:51:40,2024-12-26 15:25:30,160
10927,2024-12-26,2024-12-26 05:56:21,2024-12-26 15:05:05,189
10930,2024-12-26,2024-12-26 06:00:42,2024-12-26 15:17:39,148
10931,2024-12-26,2024-12-26 06:01:06,2024-12-26 15:08:02,174
10932,2024-12-26,2024-12-26 06:01:28,2024-12-26 15:05:52,170
10933,2024-12-26,2024-12-26 06:01:50,2024-12-26 15:07:53,165
10934,2024-12-26,2024-12-26 06:01:55,2024-12-26 15:15:18,187
10935,2024-12-26,2024-12-26 06:01:59,2024-12-26 15:09:47,166
10936,2024-12-26,2024-12-26 06:02:04,2024-12-26 15:07:11,164
10937,2024-12-26,2024-12-26 06:02:06,2024-12-26 15:07:26,255
10938,2024-12-26,2024-12-26 06:02:09,2024-12-26 15:08:05,167
10939,2024-12-26,2024-12-26 06:02:14,2024-12-26 15:14:44,146
10940,2024-12-26,2024-12-26 06:02:18,2024-12-26 15:07:00,177
10943,2024-12-26,2024-12-26 06:03:02,2024-12-26 15:13:30,183
10944,2024-12-26,2024-12-26 06:03:17,2024-12-26 15:24:58,175
10946,2024-12-26,2024-12-26 06:03:55,2024-12-26 15:25:04,151
10947,2024-12-26,2024-12-26 06:06:07,2024-12-26 15:22:53,147
10948,2024-12-26,2024-12-26 06:07:03,2024-12-26 15:16:31,142
10949,2024-12-26,2024-12-26 06:08:58,2024-12-26 15:09:04,156
10950,2024-12-26,2024-12-26 06:09:34,2024-12-26 15:25:11,252
10951,2024-12-26,2024-12-26 06:09:43,2024-12-26 15:16:00,159
10952,2024-12-26,2024-12-26 06:12:08,2024-12-26 15:20:34,144
10957,2024-12-26,2024-12-26 06:15:12,2024-12-26 15:14:50,256
10964,2024-12-28,2024-12-28 05:43:00,2024-12-28 15:10:10,169
10965,2024-12-28,2024-12-28 05:43:59,2024-12-28 15:08:20,160
10967,2024-12-28,2024-12-28 05:54:28,2024-12-28 15:08:05,166
10968,2024-12-28,2024-12-28 05:54:33,2024-12-28 15:07:10,256
10970,2024-12-28,2024-12-28 05:58:33,2024-12-28 15:05:44,154
10971,2024-12-28,2024-12-28 05:58:39,2024-12-28 15:06:26,189
10972,2024-12-28,2024-12-28 05:58:56,2024-12-28 15:01:39,148
10975,2024-12-28,2024-12-28 05:59:23,2024-12-28 15:05:02,165
10976,2024-12-28,2024-12-28 06:01:09,2024-12-28 15:03:55,174
10977,2024-12-28,2024-12-28 06:01:52,2024-12-28 15:03:27,255
10978,2024-12-28,2024-12-28 06:02:08,2024-12-28 15:03:14,170
10979,2024-12-28,2024-12-28 06:02:18,,164
10980,2024-12-28,2024-12-28 06:03:02,2024-12-28 15:04:44,146
10981,2024-12-28,2024-12-28 06:03:05,2024-12-28 15:02:16,177
10982,2024-12-28,2024-12-28 06:03:18,2024-12-28 15:02:33,183
10983,2024-12-28,2024-12-28 06:06:22,2024-12-28 15:02:45,142
10985,2024-12-28,2024-12-28 06:06:45,2024-12-28 15:04:37,159
10986,2024-12-28,2024-12-28 06:08:59,2024-12-28 15:09:02,187
10987,2024-12-28,2024-12-28 06:09:28,2024-12-28 15:07:17,156
10989,2024-12-28,2024-12-28 06:09:46,2024-12-28 15:08:52,252
10990,2024-12-28,2024-12-28 06:10:04,2024-12-28 15:10:02,175
10991,2024-12-28,2024-12-28 06:11:30,2024-12-28 15:06:00,147
10992,2024-12-28,2024-12-28 06:11:39,2024-12-28 15:06:35,144
10995,2024-12-28,2024-12-28 06:21:40,2024-12-28 15:05:46,167
10996,2024-12-28,2024-12-28 06:21:51,2024-12-28 14:19:27,151
11000,2024-12-29,2024-12-29 05:44:21,2024-12-29 15:23:21,160
11001,2024-12-29,2024-12-29 05:49:16,2024-12-29 15:15:40,166
11002,2024-12-29,2024-12-29 05:49:33,2024-12-29 15:24:27,169
11005,2024-12-29,2024-12-29 05:59:08,2024-12-29 15:02:22,148
11006,2024-12-29,2024-12-29 05:59:15,2024-12-29 15:03:23,170
11007,2024-12-29,2024-12-29 05:59:51,,174
11008,2024-12-29,2024-12-29 06:00:01,2024-12-29 15:04:48,165
11009,2024-12-29,2024-12-29 06:00:05,2024-12-29 15:04:13,142
11010,2024-12-29,2024-12-29 06:00:33,2024-12-29 15:16:46,167
11011,2024-12-29,2024-12-29 06:00:40,2024-12-29 15:03:50,154
11012,2024-12-29,2024-12-29 06:00:44,2024-12-29 15:04:07,146
11013,2024-12-29,2024-12-29 06:00:49,2024-12-29 15:03:02,177
11014,2024-12-29,2024-12-29 06:00:52,2024-12-29 15:04:34,255
11015,2024-12-29,2024-12-29 06:00:56,,164
11018,2024-12-29,2024-12-29 06:03:49,2024-12-29 15:11:14,175
11019,2024-12-29,2024-12-29 06:04:46,2024-12-29 15:06:56,183
11021,2024-12-29,2024-12-29 06:07:37,2024-12-29 15:11:27,156
11022,2024-12-29,2024-12-29 06:09:05,2024-12-29 15:03:57,159
11023,2024-12-29,2024-12-29 06:12:50,2024-12-29 15:19:24,144
11024,2024-12-29,2024-12-29 06:13:28,2024-12-29 15:20:18,147
11028,2024-12-29,2024-12-29 06:17:26,2024-12-29 15:20:23,252
11030,2024-12-29,2024-12-29 08:34:22,2024-12-29 15:24:13,189
11032,2024-12-30,2024-12-30 05:39:20,2024-12-30 15:08:49,160
11033,2024-12-30,2024-12-30 05:41:26,,169
11035,2024-12-30,2024-12-30 05:57:04,2024-12-30 15:01:38,170
11036,2024-12-30,2024-12-30 05:58:05,,166
11037,2024-12-30,2024-12-30 05:58:21,2024-12-30 15:03:25,142
11038,2024-12-30,2024-12-30 05:59:46,2024-12-30 15:10:51,189
11040,2024-12-30,2024-12-30 05:59:59,2024-12-30 15:10:02,154
11042,2024-12-30,2024-12-30 06:03:54,2024-12-30 15:03:55,159
11043,2024-12-30,2024-12-30 06:04:10,2024-12-30 15:01:45,148
11044,2024-12-30,2024-12-30 06:04:16,2024-12-30 15:03:35,165
11046,2024-12-30,2024-12-30 06:04:54,2024-12-30 15:02:29,187
11047,2024-12-30,2024-12-30 06:04:58,2024-12-30 15:02:33,256
11048,2024-12-30,2024-12-30 06:05:05,2024-12-30 15:09:52,147
11049,2024-12-30,2024-12-30 06:05:15,2024-12-30 15:03:29,183
11050,2024-12-30,2024-12-30 06:06:16,,174
11051,2024-12-30,2024-12-30 06:07:21,2024-12-30 15:04:08,164
11053,2024-12-30,2024-12-30 06:07:31,2024-12-30 15:04:16,146
11054,2024-12-30,2024-12-30 06:07:34,2024-12-30 15:02:22,177
11055,2024-12-30,2024-12-30 06:07:37,2024-12-30 15:04:04,255
11056,2024-12-30,2024-12-30 06:10:01,2024-12-30 15:10:04,167
11057,2024-12-30,2024-12-30 06:10:20,2024-12-30 15:06:40,175
11063,2024-12-30,2024-12-30 06:14:04,2024-12-30 15:02:13,252
11065,2024-12-30,2024-12-30 06:21:42,,151
11066,2024-12-30,2024-12-30 06:21:47,2024-12-30 15:12:02,144
11068,2024-12-31,2024-12-31 05:43:34,2024-12-31 15:15:35,169
11069,2024-12-31,2024-12-31 05:44:19,2024-12-31 15:09:48,160
11072,2024-12-31,2024-12-31 06:00:10,2024-12-31 15:10:01,166
11073,2024-12-31,2024-12-31 06:02:00,2024-12-31 15:04:40,183
11074,2024-12-31,2024-12-31 06:02:23,2024-12-31 15:09:17,189
11075,2024-12-31,2024-12-31 06:02:26,2024-12-31 15:07:41,154
11077,2024-12-31,2024-12-31 06:02:43,2024-12-31 15:03:18,170
11078,2024-12-31,2024-12-31 06:03:19,2024-12-31 15:07:57,147
11080,2024-12-31,2024-12-31 06:03:46,2024-12-31 15:04:57,142
11081,2024-12-31,2024-12-31 06:04:29,2024-12-31 15:03:28,148
11082,2024-12-31,2024-12-31 06:04:42,2024-12-31 15:04:49,165
11083,2024-12-31,2024-12-31 06:04:50,2024-12-31 15:08:17,156
11084,2024-12-31,2024-12-31 06:05:44,2024-12-31 15:14:41,151
11085,2024-12-31,2024-12-31 06:06:49,2024-12-31 15:03:35,146
11086,2024-12-31,2024-12-31 06:07:00,2024-12-31 15:03:13,177
11087,2024-12-31,2024-12-31 06:07:35,2024-12-31 15:10:35,187
11088,2024-12-31,2024-12-31 06:07:50,2024-12-31 15:10:40,256
11090,2024-12-31,2024-12-31 06:08:01,2024-12-31 15:05:08,255
11091,2024-12-31,2024-12-31 06:08:05,,174
11092,2024-12-31,2024-12-31 06:08:16,2024-12-31 15:06:27,164
11093,2024-12-31,2024-12-31 06:10:07,2024-12-31 15:05:36,159
11094,2024-12-31,2024-12-31 06:12:50,2024-12-31 15:09:26,175
11095,2024-12-31,2024-12-31 06:13:59,2024-12-31 15:10:45,252
11103,2025-01-01,2025-01-01 05:43:55,2025-01-01 15:11:30,169
11108,2025-01-01,2025-01-01 05:56:47,2025-01-01 15:10:57,160
11109,2025-01-01,2025-01-01 05:58:21,2025-01-01 15:04:36,167
11110,2025-01-01,2025-01-01 05:58:42,2025-01-01 15:04:42,187
11111,2025-01-01,2025-01-01 05:58:48,2025-01-01 15:04:46,256
11112,2025-01-01,2025-01-01 05:59:30,2025-01-01 15:10:31,165
11113,2025-01-01,2025-01-01 05:59:51,2025-01-01 15:03:20,148
11114,2025-01-01,2025-01-01 06:00:06,2025-01-01 15:03:23,255
11115,2025-01-01,2025-01-01 06:00:22,2025-01-01 15:11:55,166
11117,2025-01-01,2025-01-01 06:02:05,2025-01-01 15:04:20,156
11118,2025-01-01,2025-01-01 06:02:33,2025-01-01 15:10:03,146
11119,2025-01-01,2025-01-01 06:02:36,2025-01-01 15:04:03,177
11120,2025-01-01,2025-01-01 06:02:53,,174
11121,2025-01-01,2025-01-01 06:03:02,2025-01-01 15:03:41,142
11122,2025-01-01,2025-01-01 06:04:07,2025-01-01 15:07:08,147
11123,2025-01-01,2025-01-01 06:05:33,2025-01-01 15:03:06,170
11125,2025-01-01,2025-01-01 06:08:07,2025-01-01 15:06:36,183
11127,2025-01-01,2025-01-01 06:08:18,2025-01-01 15:09:00,252
11128,2025-01-01,2025-01-01 06:08:21,2025-01-01 15:05:12,154
11129,2025-01-01,2025-01-01 06:08:25,2025-01-01 15:08:43,189
11133,2025-01-01,2025-01-01 06:10:28,,151
11135,2025-01-01,2025-01-01 06:11:17,2025-01-01 15:07:12,144
11136,2025-01-01,2025-01-01 06:14:51,2025-01-01 15:05:48,159
11137,2025-01-01,2025-01-01 06:18:23,2025-01-01 15:08:32,175
11139,2025-01-02,2025-01-02 05:42:22,,169
11141,2025-01-02,2025-01-02 05:45:41,2025-01-02 15:06:03,160
11146,2025-01-02,2025-01-02 06:01:34,2025-01-02 15:26:54,189
11148,2025-01-02,2025-01-02 06:03:09,2025-01-02 15:01:31,148
11149,2025-01-02,2025-01-02 06:03:36,2025-01-02 15:11:06,156
11150,2025-01-02,2025-01-02 06:03:45,2025-01-02 15:09:47,183
11152,2025-01-02,2025-01-02 06:04:55,2025-01-02 15:05:28,142
11153,2025-01-02,2025-01-02 06:05:17,2025-01-02 15:23:54,159
11154,2025-01-02,2025-01-02 06:05:24,2025-01-02 15:28:26,147
11155,2025-01-02,2025-01-02 06:05:38,2025-01-02 15:11:55,165
11156,2025-01-02,2025-01-02 06:05:41,2025-01-02 15:07:14,164
11157,2025-01-02,2025-01-02 06:05:46,,174
11158,2025-01-02,2025-01-02 06:05:52,2025-01-02 15:06:48,146
11159,2025-01-02,2025-01-02 06:05:54,2025-01-02 15:06:07,255
11160,2025-01-02,2025-01-02 06:06:17,2025-01-02 15:11:38,170
11161,2025-01-02,2025-01-02 06:06:23,2025-01-02 15:06:20,177
11163,2025-01-02,2025-01-02 06:07:32,2025-01-02 15:28:36,252
11165,2025-01-02,2025-01-02 06:08:06,2025-01-02 15:29:23,175
11166,2025-01-02,2025-01-02 06:08:12,2025-01-02 15:24:51,187
11167,2025-01-02,2025-01-02 06:08:20,,151
11168,2025-01-02,2025-01-02 06:13:25,2025-01-02 15:11:57,167
11169,2025-01-02,2025-01-02 06:14:17,2025-01-02 15:24:45,144
11173,2025-01-02,2025-01-02 07:02:59,,166
11174,2025-01-02,2025-01-02 09:49:50,2025-01-02 15:07:20,154
11176,2025-01-04,2025-01-04 05:41:33,2025-01-04 15:20:47,169
11178,2025-01-04,2025-01-04 05:46:51,2025-01-04 15:06:51,160
11181,2025-01-04,2025-01-04 05:58:38,2025-01-04 15:06:46,166
11183,2025-01-04,2025-01-04 06:00:50,2025-01-04 15:03:45,148
11184,2025-01-04,2025-01-04 06:00:56,2025-01-04 15:04:01,165
11185,2025-01-04,2025-01-04 06:01:50,2025-01-04 15:03:05,170
11186,2025-01-04,2025-01-04 06:02:39,,174
11187,2025-01-04,2025-01-04 06:03:16,2025-01-04 15:08:05,189
11189,2025-01-04,2025-01-04 06:03:40,2025-01-04 15:03:39,154
11190,2025-01-04,2025-01-04 06:03:46,2025-01-04 15:03:13,255
11191,2025-01-04,2025-01-04 06:03:52,2025-01-04 15:03:33,164
11192,2025-01-04,2025-01-04 06:03:59,2025-01-04 15:02:23,142
11193,2025-01-04,2025-01-04 06:04:32,2025-01-04 15:03:18,146
11194,2025-01-04,2025-01-04 06:04:36,2025-01-04 15:02:18,177
11195,2025-01-04,2025-01-04 06:04:59,2025-01-04 15:03:25,183
11197,2025-01-04,2025-01-04 06:11:30,2025-01-04 15:06:24,175
11198,2025-01-04,2025-01-04 06:11:45,2025-01-04 15:03:31,159
11199,2025-01-04,2025-01-04 06:12:39,2025-01-04 15:08:12,156
11201,2025-01-04,2025-01-04 06:12:52,2025-01-04 15:10:20,187
11202,2025-01-04,2025-01-04 06:12:56,2025-01-04 15:10:22,256
11208,2025-01-04,2025-01-04 06:13:47,2025-01-04 15:08:57,252
11209,2025-01-04,2025-01-04 06:15:44,2025-01-04 15:08:53,147
11210,2025-01-04,2025-01-04 06:17:59,2025-01-04 15:19:44,151
11211,2025-01-05,2025-01-05 05:41:21,2025-01-05 15:25:40,169
11212,2025-01-05,2025-01-05 05:51:59,,151
11214,2025-01-05,2025-01-05 05:57:28,2025-01-05 15:23:48,189
11216,2025-01-05,2025-01-05 05:57:36,2025-01-05 15:01:42,148
11217,2025-01-05,2025-01-05 05:57:42,2025-01-05 15:05:28,165
11218,2025-01-05,2025-01-05 05:57:49,,174
11220,2025-01-05,2025-01-05 05:59:57,2025-01-05 15:03:27,164
11221,2025-01-05,2025-01-05 06:00:01,2025-01-05 15:03:50,146
11222,2025-01-05,2025-01-05 06:00:04,2025-01-05 15:02:04,255
11223,2025-01-05,2025-01-05 06:00:07,2025-01-05 15:02:41,177
11224,2025-01-05,2025-01-05 06:00:13,2025-01-05 15:11:05,166
11225,2025-01-05,2025-01-05 06:00:27,2025-01-05 15:03:20,183
11227,2025-01-05,2025-01-05 06:02:53,2025-01-05 15:02:46,142
11228,2025-01-05,2025-01-05 06:04:56,2025-01-05 15:05:34,156
11229,2025-01-05,2025-01-05 06:05:06,2025-01-05 15:02:36,170
11230,2025-01-05,2025-01-05 06:07:20,2025-01-05 15:06:32,144
11231,2025-01-05,2025-01-05 06:09:13,2025-01-05 15:09:59,175
11234,2025-01-05,2025-01-05 06:11:42,2025-01-05 15:08:39,252
11235,2025-01-05,2025-01-05 06:11:45,2025-01-05 15:07:44,147
11237,2025-01-05,2025-01-05 06:16:38,2025-01-05 15:07:37,159
11239,2025-01-05,2025-01-05 06:59:29,2025-01-05 15:26:50,160
11241,2025-01-05,2025-01-05 07:59:42,2025-01-05 15:13:46,152
11242,2025-01-05,2025-01-05 11:42:44,2025-01-05 15:03:43,154
11245,2025-01-06,2025-01-06 05:43:52,2025-01-06 15:08:51,160
11246,2025-01-06,2025-01-06 05:44:09,2025-01-06 15:14:14,169
11249,2025-01-06,2025-01-06 05:55:47,2025-01-06 15:05:00,165
11250,2025-01-06,2025-01-06 05:57:22,2025-01-06 15:07:23,166
11251,2025-01-06,2025-01-06 05:57:26,2025-01-06 15:04:48,148
11252,2025-01-06,2025-01-06 05:57:29,,151
11253,2025-01-06,2025-01-06 05:58:12,,183
11254,2025-01-06,2025-01-06 05:58:56,,174
11255,2025-01-06,2025-01-06 05:59:13,2025-01-06 15:05:47,146
11257,2025-01-06,2025-01-06 05:59:22,2025-01-06 15:03:12,177
11258,2025-01-06,2025-01-06 05:59:27,2025-01-06 15:03:01,255
11259,2025-01-06,2025-01-06 05:59:32,2025-01-06 15:03:05,164
11260,2025-01-06,2025-01-06 06:01:52,2025-01-06 15:02:58,154
11261,2025-01-06,2025-01-06 06:01:59,2025-01-06 15:12:54,189
11263,2025-01-06,2025-01-06 06:02:49,2025-01-06 15:02:44,170
11264,2025-01-06,2025-01-06 06:02:57,2025-01-06 15:04:13,142
11265,2025-01-06,2025-01-06 06:06:25,2025-01-06 15:05:07,187
11266,2025-01-06,2025-01-06 06:06:28,2025-01-06 15:05:15,256
11268,2025-01-06,2025-01-06 06:06:33,2025-01-06 15:04:51,152
11269,2025-01-06,2025-01-06 06:09:27,2025-01-06 15:05:37,159
11270,2025-01-06,2025-01-06 06:12:32,2025-01-06 15:06:33,252
11272,2025-01-06,2025-01-06 06:12:50,2025-01-06 15:04:55,144
11273,2025-01-06,2025-01-06 06:13:07,2025-01-06 15:06:25,147
11274,2025-01-06,2025-01-06 06:15:40,2025-01-06 15:07:51,175
11278,2025-01-06,2025-01-06 06:21:40,2025-01-06 15:06:54,156
11281,2025-01-07,2025-01-07 05:45:40,2025-01-07 15:22:23,169
11282,2025-01-07,2025-01-07 05:50:04,2025-01-07 15:22:43,160
11285,2025-01-07,2025-01-07 05:57:32,2025-01-07 15:22:31,189
11287,2025-01-07,2025-01-07 05:59:01,,151
11288,2025-01-07,2025-01-07 06:01:35,2025-01-07 15:03:31,164
11289,2025-01-07,2025-01-07 06:01:38,,154
11290,2025-01-07,2025-01-07 06:01:42,2025-01-07 12:05:11,146
11291,2025-01-07,2025-01-07 06:01:46,2025-01-07 15:03:11,148
11292,2025-01-07,2025-01-07 06:02:07,2025-01-07 15:03:26,255
11293,2025-01-07,2025-01-07 06:02:11,2025-01-07 15:19:20,177
11294,2025-01-07,2025-01-07 06:02:16,,174
11295,2025-01-07,2025-01-07 06:03:16,2025-01-07 15:08:35,166
11296,2025-01-07,2025-01-07 06:03:24,2025-01-07 15:03:45,142
11297,2025-01-07,2025-01-07 06:03:50,2025-01-07 15:05:27,147
11298,2025-01-07,2025-01-07 06:06:22,2025-01-07 15:02:01,170
11299,2025-01-07,2025-01-07 06:06:38,2025-01-07 15:06:17,156
11300,2025-01-07,2025-01-07 06:07:50,2025-01-07 15:05:50,187
11301,2025-01-07,2025-01-07 06:07:54,2025-01-07 15:06:50,256
11302,2025-01-07,2025-01-07 06:07:58,2025-01-07 15:04:51,152
11305,2025-01-07,2025-01-07 06:09:51,2025-01-07 15:05:58,252
11306,2025-01-07,2025-01-07 06:11:21,2025-01-07 15:06:27,159
11311,2025-01-07,2025-01-07 06:14:31,2025-01-07 15:05:35,144
11312,2025-01-07,2025-01-07 06:16:15,2025-01-07 15:13:40,175
11314,2025-01-08,2025-01-08 05:43:12,2025-01-08 15:13:18,169
11316,2025-01-08,2025-01-08 05:47:44,2025-01-08 15:13:08,160
11320,2025-01-08,2025-01-08 05:56:29,,151
11321,2025-01-08,2025-01-08 05:56:45,2025-01-08 15:23:42,189
11323,2025-01-08,2025-01-08 05:59:08,2025-01-08 15:08:24,166
11324,2025-01-08,2025-01-08 05:59:27,2025-01-08 15:05:18,148
11325,2025-01-08,2025-01-08 06:00:00,2025-01-08 15:03:06,165
11326,2025-01-08,2025-01-08 06:01:14,2025-01-08 15:03:26,164
11327,2025-01-08,2025-01-08 06:01:19,2025-01-08 15:10:34,146
11328,2025-01-08,2025-01-08 06:01:31,2025-01-08 15:05:24,183
11329,2025-01-08,2025-01-08 06:02:13,,174
11331,2025-01-08,2025-01-08 06:04:56,2025-01-08 15:03:30,170
11332,2025-01-08,2025-01-08 06:05:02,2025-01-08 15:04:43,167
11333,2025-01-08,2025-01-08 06:06:15,2025-01-08 15:03:47,142
11334,2025-01-08,2025-01-08 06:09:11,2025-01-08 15:06:55,152
11336,2025-01-08,2025-01-08 06:09:18,2025-01-08 15:07:32,256
11337,2025-01-08,2025-01-08 06:09:25,2025-01-08 15:05:44,159
11338,2025-01-08,2025-01-08 06:09:41,2025-01-08 15:06:15,156
11340,2025-01-08,2025-01-08 06:12:28,2025-01-08 15:05:55,144
11341,2025-01-08,2025-01-08 06:13:18,2025-01-08 15:05:51,147
11346,2025-01-08,2025-01-08 06:16:36,2025-01-08 15:06:02,252
11347,2025-01-08,2025-01-08 06:30:57,2025-01-08 15:11:44,175
11348,2025-01-08,2025-01-08 06:58:58,2025-01-08 15:03:54,187
11352,2025-01-09,2025-01-09 05:53:12,2025-01-09 15:25:14,160
11353,2025-01-09,2025-01-09 05:54:07,2025-01-09 15:45:53,151
11354,2025-01-09,2025-01-09 05:56:15,2025-01-09 15:15:37,154
11355,2025-01-09,2025-01-09 05:57:33,2025-01-09 15:15:00,166
11358,2025-01-09,2025-01-09 06:01:21,2025-01-09 15:29:07,189
11359,2025-01-09,2025-01-09 06:01:28,2025-01-09 15:09:49,165
11361,2025-01-09,2025-01-09 06:01:37,2025-01-09 15:03:47,148
11362,2025-01-09,2025-01-09 06:01:46,,174
11363,2025-01-09,2025-01-09 06:02:05,2025-01-09 15:04:59,175
11364,2025-01-09,2025-01-09 06:02:22,2025-01-09 15:09:03,146
11365,2025-01-09,2025-01-09 06:02:26,2025-01-09 15:05:06,177
11367,2025-01-09,2025-01-09 06:02:49,2025-01-09 15:13:06,152
11368,2025-01-09,2025-01-09 06:02:54,2025-01-09 15:04:32,170
11369,2025-01-09,2025-01-09 06:03:14,2025-01-09 15:15:59,159
11370,2025-01-09,2025-01-09 06:03:42,2025-01-09 15:03:28,156
11371,2025-01-09,2025-01-09 06:04:01,2025-01-09 15:13:32,142
11372,2025-01-09,2025-01-09 06:05:37,2025-01-09 15:07:09,183
11374,2025-01-09,2025-01-09 06:07:39,,167
11375,2025-01-09,2025-01-09 06:08:25,2025-01-09 15:10:07,147
11376,2025-01-09,2025-01-09 06:11:15,2025-01-09 15:12:57,144
11378,2025-01-09,2025-01-09 06:14:44,2025-01-09 15:20:31,252
11383,2025-01-09,2025-01-09 15:12:59,,164
11385,2025-01-11,2025-01-11 05:41:34,2025-01-11 15:10:42,169
11387,2025-01-11,2025-01-11 05:47:36,,151
11388,2025-01-11,2025-01-11 05:49:29,2025-01-11 15:00:41,148
11389,2025-01-11,2025-01-11 05:50:52,2025-01-11 15:03:55,165
11390,2025-01-11,2025-01-11 05:53:38,2025-01-11 15:05:29,164
11391,2025-01-11,2025-01-11 05:53:52,,174
11392,2025-01-11,2025-01-11 05:54:00,2025-01-11 15:03:18,255
11393,2025-01-11,2025-01-11 05:54:07,2025-01-11 15:03:43,146
11394,2025-01-11,2025-01-11 05:54:31,2025-01-11 15:02:26,177
11395,2025-01-11,2025-01-11 05:56:01,2025-01-11 15:10:05,160
11396,2025-01-11,2025-01-11 05:57:48,2025-01-11 15:02:48,183
11397,2025-01-11,2025-01-11 05:58:37,2025-01-11 15:06:22,152
11399,2025-01-11,2025-01-11 05:58:44,2025-01-11 15:04:16,154
11400,2025-01-11,2025-01-11 05:58:52,2025-01-11 15:15:10,189
11404,2025-01-11,2025-01-11 06:02:29,2025-01-11 15:02:29,142
11405,2025-01-11,2025-01-11 06:03:12,2025-01-11 15:12:47,166
11406,2025-01-11,2025-01-11 06:04:07,2025-01-11 15:02:16,170
11408,2025-01-11,2025-01-11 06:07:05,2025-01-11 15:06:45,187
11409,2025-01-11,2025-01-11 06:07:08,2025-01-11 15:09:42,256
11410,2025-01-11,2025-01-11 06:07:15,2025-01-11 15:06:19,252
11412,2025-01-11,2025-01-11 06:08:49,2025-01-11 15:09:35,175
11413,2025-01-11,2025-01-11 06:10:03,2025-01-11 15:04:11,156
11414,2025-01-11,2025-01-11 06:10:11,2025-01-11 15:05:17,159
11417,2025-01-11,2025-01-11 06:13:51,2025-01-11 15:04:07,144
11418,2025-01-12,2025-01-12 05:43:30,2025-01-12 15:51:10,160
11419,2025-01-12,2025-01-12 05:43:44,2025-01-12 15:22:13,165
11420,2025-01-12,2025-01-12 05:46:06,2025-01-12 15:48:44,169
11421,2025-01-12,2025-01-12 05:51:31,,151
11423,2025-01-12,2025-01-12 05:57:55,2025-01-12 15:05:50,154
11425,2025-01-12,2025-01-12 06:01:12,2025-01-12 15:16:37,170
11426,2025-01-12,2025-01-12 06:01:22,2025-01-12 15:14:10,166
11427,2025-01-12,2025-01-12 06:02:00,2025-01-12 15:06:26,183
11428,2025-01-12,2025-01-12 06:02:14,2025-01-12 15:21:33,148
11430,2025-01-12,2025-01-12 06:02:27,,174
11431,2025-01-12,2025-01-12 06:02:32,2025-01-12 15:03:54,146
11432,2025-01-12,2025-01-12 06:02:36,2025-01-12 15:04:11,177
11433,2025-01-12,2025-01-12 06:02:45,,164
11435,2025-01-12,2025-01-12 06:05:11,2025-01-12 15:04:09,142
11436,2025-01-12,2025-01-12 06:06:51,,256
11437,2025-01-12,2025-01-12 06:06:54,,187
11439,2025-01-12,2025-01-12 06:07:02,2025-01-12 15:32:21,152
11442,2025-01-12,2025-01-12 06:08:03,2025-01-12 15:32:00,252
11444,2025-01-12,2025-01-12 06:08:48,2025-01-12 15:31:40,144
11445,2025-01-12,2025-01-12 06:10:58,2025-01-12 15:06:11,159
11449,2025-01-12,2025-01-12 06:15:47,2025-01-12 15:34:11,157
11450,2025-01-12,2025-01-12 06:20:15,2025-01-12 15:12:06,175
11452,2025-01-12,2025-01-12 08:11:02,2025-01-12 15:48:52,189
11453,2025-01-13,2025-01-13 05:42:56,2025-01-13 15:22:38,169
11455,2025-01-13,2025-01-13 05:55:54,2025-01-13 15:22:07,151
11457,2025-01-13,2025-01-13 05:58:47,2025-01-13 15:03:48,154
11459,2025-01-13,2025-01-13 05:59:21,2025-01-13 15:25:02,160
11460,2025-01-13,2025-01-13 06:01:13,2025-01-13 15:06:27,165
11461,2025-01-13,2025-01-13 06:01:27,,174
11462,2025-01-13,2025-01-13 06:01:31,2025-01-13 15:03:22,148
11464,2025-01-13,2025-01-13 06:01:38,2025-01-13 15:05:52,256
11465,2025-01-13,2025-01-13 06:02:19,2025-01-13 15:03:01,164
11466,2025-01-13,2025-01-13 06:02:23,2025-01-13 15:04:53,146
11467,2025-01-13,2025-01-13 06:02:25,2025-01-13 15:05:23,255
11468,2025-01-13,2025-01-13 06:02:29,2025-01-13 15:14:16,177
11469,2025-01-13,2025-01-13 06:03:07,2025-01-13 15:22:05,189
11471,2025-01-13,2025-01-13 06:03:23,2025-01-13 15:07:47,166
11472,2025-01-13,2025-01-13 06:03:28,2025-01-13 15:03:34,142
11473,2025-01-13,2025-01-13 06:04:14,2025-01-13 15:05:09,183
11474,2025-01-13,2025-01-13 06:04:33,2025-01-13 15:05:16,156
11475,2025-01-13,2025-01-13 06:06:20,2025-01-13 15:02:46,170
11479,2025-01-13,2025-01-13 06:10:14,,159
11480,2025-01-13,2025-01-13 06:10:35,2025-01-13 15:12:56,175
11481,2025-01-13,2025-01-13 06:10:42,2025-01-13 15:08:43,152
11483,2025-01-13,2025-01-13 06:18:04,2025-01-13 15:23:03,157
11484,2025-01-13,2025-01-13 06:18:08,2025-01-13 15:20:31,187
11487,2025-01-13,2025-01-13 07:06:33,2025-01-13 15:21:46,144
11490,2025-01-14,2025-01-14 05:44:24,2025-01-14 15:28:55,169
11491,2025-01-14,2025-01-14 05:46:03,2025-01-14 15:30:00,160
11492,2025-01-14,2025-01-14 05:51:11,2025-01-14 15:29:37,151
11495,2025-01-14,2025-01-14 06:00:44,2025-01-14 15:28:29,189
11497,2025-01-14,2025-01-14 06:01:16,2025-01-14 15:04:48,165
11498,2025-01-14,2025-01-14 06:02:10,2025-01-14 15:03:22,170
11499,2025-01-14,2025-01-14 06:02:21,2025-01-14 15:04:00,142
11500,2025-01-14,2025-01-14 06:02:52,2025-01-14 15:03:37,183
11502,2025-01-14,2025-01-14 06:03:02,2025-01-14 15:07:52,166
11503,2025-01-14,2025-01-14 06:03:07,2025-01-14 15:06:26,148
11504,2025-01-14,2025-01-14 06:03:40,,164
11505,2025-01-14,2025-01-14 06:03:44,2025-01-14 15:04:25,146
11506,2025-01-14,2025-01-14 06:03:47,2025-01-14 15:20:54,177
11507,2025-01-14,2025-01-14 06:03:50,2025-01-14 15:21:46,154
11508,2025-01-14,2025-01-14 06:04:11,2025-01-14 15:04:09,156
11509,2025-01-14,2025-01-14 06:04:26,,174
11510,2025-01-14,2025-01-14 06:04:44,2025-01-14 15:03:48,159
11511,2025-01-14,2025-01-14 06:07:34,,187
11513,2025-01-14,2025-01-14 06:08:02,2025-01-14 15:03:42,152
11514,2025-01-14,2025-01-14 06:08:07,2025-01-14 15:04:53,252
11516,2025-01-14,2025-01-14 06:09:09,2025-01-14 15:04:21,144
11517,2025-01-14,2025-01-14 06:10:25,2025-01-14 15:11:32,175
11518,2025-01-14,2025-01-14 06:24:24,2025-01-14 15:27:20,157
11525,2025-01-15,2025-01-15 05:48:36,2025-01-15 15:24:30,169
11529,2025-01-15,2025-01-15 05:57:57,2025-01-15 15:07:46,256
11530,2025-01-15,2025-01-15 05:58:31,2025-01-15 15:22:56,160
11531,2025-01-15,2025-01-15 05:59:33,2025-01-15 15:20:04,189
11533,2025-01-15,2025-01-15 06:00:40,2025-01-15 15:03:05,170
11534,2025-01-15,2025-01-15 06:00:53,2025-01-15 15:03:30,165
11535,2025-01-15,2025-01-15 06:00:57,2025-01-15 15:06:16,148
11536,2025-01-15,2025-01-15 06:01:07,,174
11538,2025-01-15,2025-01-15 06:01:31,2025-01-15 15:03:41,183
11539,2025-01-15,2025-01-15 06:02:07,2025-01-15 15:16:52,142
11540,2025-01-15,2025-01-15 06:02:10,,164
11541,2025-01-15,2025-01-15 06:02:14,2025-01-15 15:03:50,146
11542,2025-01-15,2025-01-15 06:02:17,2025-01-15 15:14:34,154
11543,2025-01-15,2025-01-15 06:02:20,2025-01-15 15:04:25,255
11544,2025-01-15,2025-01-15 06:03:01,2025-01-15 15:03:15,177
11545,2025-01-15,2025-01-15 06:04:08,2025-01-15 15:05:53,156
11546,2025-01-15,2025-01-15 06:04:56,2025-01-15 15:20:18,166
11548,2025-01-15,2025-01-15 06:06:16,2025-01-15 15:05:21,252
11550,2025-01-15,2025-01-15 06:07:28,2025-01-15 15:08:18,187
11551,2025-01-15,2025-01-15 06:07:36,2025-01-15 15:07:58,152
11552,2025-01-15,2025-01-15 06:07:42,2025-01-15 15:19:48,159
11553,2025-01-15,2025-01-15 06:08:50,2025-01-15 15:23:03,175
11554,2025-01-15,2025-01-15 06:10:16,2025-01-15 15:10:15,144
11555,2025-01-15,2025-01-15 06:12:09,,151
11556,2025-01-15,2025-01-15 06:18:30,2025-01-15 15:18:15,157
11559,2025-01-16,2025-01-16 05:43:34,2025-01-16 15:09:35,169
11561,2025-01-16,2025-01-16 05:50:43,,151
11562,2025-01-16,2025-01-16 05:57:03,2025-01-16 15:07:41,160
11564,2025-01-16,2025-01-16 05:57:32,2025-01-16 15:05:30,152
11565,2025-01-16,2025-01-16 05:59:56,,166
11566,2025-01-16,2025-01-16 06:00:21,2025-01-16 15:03:17,156
11567,2025-01-16,2025-01-16 06:01:21,2025-01-16 15:04:05,183
11569,2025-01-16,2025-01-16 06:01:44,2025-01-16 15:05:24,165
11570,2025-01-16,2025-01-16 06:01:49,2025-01-16 15:06:03,148
11571,2025-01-16,2025-01-16 06:02:42,2025-01-16 15:06:09,142
11572,2025-01-16,2025-01-16 06:02:50,2025-01-16 15:09:39,146
11573,2025-01-16,2025-01-16 06:02:55,,174
11574,2025-01-16,2025-01-16 06:03:00,,164
11575,2025-01-16,2025-01-16 06:03:06,2025-01-16 15:04:32,177
11576,2025-01-16,2025-01-16 06:03:10,2025-01-16 15:06:00,154
11577,2025-01-16,2025-01-16 06:03:16,2025-01-16 15:09:54,189
11578,2025-01-16,2025-01-16 06:03:22,2025-01-16 15:04:16,170
11581,2025-01-16,2025-01-16 06:05:50,2025-01-16 15:05:57,252
11584,2025-01-16,2025-01-16 06:09:43,2025-01-16 15:20:49,175
11585,2025-01-16,2025-01-16 06:10:10,2025-01-16 15:09:03,159
11587,2025-01-16,2025-01-16 06:13:00,2025-01-16 15:04:08,144
11588,2025-01-16,2025-01-16 06:14:41,,187
11589,2025-01-16,2025-01-16 06:14:43,2025-01-16 15:08:43,157
11594,2025-01-17,2025-01-17 06:06:03,,151
11595,2025-01-18,2025-01-18 05:41:28,2025-01-18 15:24:52,169
11597,2025-01-18,2025-01-18 05:49:18,2025-01-18 15:19:58,160
11599,2025-01-18,2025-01-18 05:58:43,,166
11601,2025-01-18,2025-01-18 06:00:48,2025-01-18 15:04:52,156
11602,2025-01-18,2025-01-18 06:00:55,2025-01-18 15:04:19,183
11603,2025-01-18,2025-01-18 06:01:28,2025-01-18 15:17:15,189
11605,2025-01-18,2025-01-18 06:02:32,2025-01-18 15:02:47,142
11607,2025-01-18,2025-01-18 06:04:53,2025-01-18 15:04:12,165
11608,2025-01-18,2025-01-18 06:05:25,2025-01-18 15:10:28,148
11609,2025-01-18,2025-01-18 06:05:31,,174
11610,2025-01-18,2025-01-18 06:05:36,2025-01-18 15:08:13,147
11611,2025-01-18,2025-01-18 06:05:43,2025-01-18 15:16:05,187
11614,2025-01-18,2025-01-18 06:05:59,2025-01-18 15:04:04,158
11615,2025-01-18,2025-01-18 06:06:19,2025-01-18 15:09:00,256
11617,2025-01-18,2025-01-18 06:06:35,2025-01-18 14:35:05,252
11619,2025-01-18,2025-01-18 06:06:48,2025-01-18 15:05:33,146
11620,2025-01-18,2025-01-18 06:06:51,2025-01-18 15:05:26,177
11621,2025-01-18,2025-01-18 06:06:55,2025-01-18 15:04:25,255
11622,2025-01-18,2025-01-18 06:07:00,2025-01-18 15:13:16,159
11623,2025-01-18,2025-01-18 06:07:11,,152
11625,2025-01-18,2025-01-18 06:11:09,2025-01-18 15:05:04,170
11626,2025-01-18,2025-01-18 06:11:53,2025-01-18 15:18:38,175
11627,2025-01-18,2025-01-18 06:12:06,2025-01-18 15:07:53,144
11628,2025-01-18,2025-01-18 06:14:03,,151
11630,2025-01-18,2025-01-18 12:17:29,2025-01-18 15:05:47,154
11631,2025-01-18,2025-01-18 15:12:52,,167
11633,2025-01-19,2025-01-19 05:48:39,2025-01-19 15:16:32,187
11634,2025-01-19,2025-01-19 05:49:05,2025-01-19 15:17:58,256
11637,2025-01-19,2025-01-19 05:49:51,2025-01-19 15:16:06,152
11638,2025-01-19,2025-01-19 05:53:09,2025-01-19 15:19:58,160
11640,2025-01-19,2025-01-19 05:55:07,,151
11642,2025-01-19,2025-01-19 05:56:34,2025-01-19 15:07:10,147
11644,2025-01-19,2025-01-19 05:58:44,2025-01-19 15:03:35,170
11645,2025-01-19,2025-01-19 06:01:28,2025-01-19 15:03:08,142
11646,2025-01-19,2025-01-19 06:02:11,2025-01-19 15:17:16,189
11648,2025-01-19,2025-01-19 06:02:54,,158
11649,2025-01-19,2025-01-19 06:03:26,2025-01-19 15:14:51,175
11650,2025-01-19,2025-01-19 06:03:37,,156
11651,2025-01-19,2025-01-19 06:03:48,2025-01-19 15:07:00,159
11652,2025-01-19,2025-01-19 06:04:41,2025-01-19 15:05:48,154
11653,2025-01-19,2025-01-19 06:05:28,2025-01-19 15:08:32,165
11654,2025-01-19,2025-01-19 06:05:50,,174
11655,2025-01-19,2025-01-19 06:05:57,2025-01-19 15:15:09,166
11658,2025-01-19,2025-01-19 06:06:35,2025-01-19 15:05:42,183
11659,2025-01-19,2025-01-19 06:07:11,2025-01-19 15:04:05,255
11660,2025-01-19,2025-01-19 06:07:14,2025-01-19 15:16:01,146
11661,2025-01-19,2025-01-19 06:07:21,2025-01-19 15:04:00,177
11662,2025-01-19,2025-01-19 06:07:44,2025-01-19 15:07:20,252
11663,2025-01-19,2025-01-19 06:08:21,2025-01-19 15:20:32,169
11664,2025-01-19,2025-01-19 06:09:05,2025-01-19 15:05:52,167
11666,2025-01-19,2025-01-19 06:13:28,2025-01-19 15:04:10,144
11667,2025-01-19,2025-01-19 07:44:26,2025-01-19 15:08:35,148
11669,2025-01-20,2025-01-20 05:45:53,2025-01-20 15:29:34,160
11670,2025-01-20,2025-01-20 05:46:07,2025-01-20 15:18:25,151
11671,2025-01-20,2025-01-20 05:53:27,2025-01-20 15:04:22,165
11672,2025-01-20,2025-01-20 05:55:41,2025-01-20 09:04:05,256
11674,2025-01-20,2025-01-20 05:55:50,,187
11678,2025-01-20,2025-01-20 05:56:33,,174
11679,2025-01-20,2025-01-20 05:56:51,2025-01-20 15:05:03,148
11680,2025-01-20,2025-01-20 05:58:06,2025-01-20 15:18:10,146
11682,2025-01-20,2025-01-20 05:58:15,2025-01-20 15:18:07,177
11683,2025-01-20,2025-01-20 05:58:53,2025-01-20 15:21:43,169
11684,2025-01-20,2025-01-20 05:59:47,2025-01-20 15:02:20,170
11685,2025-01-20,2025-01-20 06:02:11,2025-01-20 15:16:09,166
11686,2025-01-20,2025-01-20 06:02:38,2025-01-20 15:30:26,189
11688,2025-01-20,2025-01-20 06:04:05,2025-01-20 15:03:30,183
11689,2025-01-20,2025-01-20 06:04:11,2025-01-20 15:04:42,142
11690,2025-01-20,2025-01-20 06:04:30,2025-01-20 15:10:56,175
11692,2025-01-20,2025-01-20 06:06:44,,252
11694,2025-01-20,2025-01-20 06:07:03,2025-01-20 15:12:47,159
11695,2025-01-20,2025-01-20 06:07:06,2025-01-20 15:12:53,158
11696,2025-01-20,2025-01-20 06:09:15,2025-01-20 15:05:12,156
11697,2025-01-20,2025-01-20 06:09:19,2025-01-20 15:14:31,147
11699,2025-01-20,2025-01-20 06:58:47,2025-01-20 15:08:27,167
11701,2025-01-20,2025-01-20 12:04:01,2025-01-20 15:09:26,154
11703,2025-01-21,2025-01-21 05:46:26,2025-01-21 15:20:54,189
11704,2025-01-21,2025-01-21 05:47:29,2025-01-21 15:23:20,169
11707,2025-01-21,2025-01-21 05:50:21,2025-01-21 15:20:45,160
11709,2025-01-21,2025-01-21 05:55:50,2025-01-21 15:12:30,166
11710,2025-01-21,2025-01-21 05:56:12,2025-01-21 15:02:38,165
11711,2025-01-21,2025-01-21 05:56:20,2025-01-21 15:18:43,256
11712,2025-01-21,2025-01-21 05:56:23,2025-01-21 15:17:04,187
11715,2025-01-21,2025-01-21 05:56:39,2025-01-21 15:19:27,152
11717,2025-01-21,2025-01-21 06:00:56,2025-01-21 15:03:28,177
11718,2025-01-21,2025-01-21 06:01:04,2025-01-21 15:05:09,146
11720,2025-01-21,2025-01-21 06:01:08,2025-01-21 15:04:01,255
11721,2025-01-21,2025-01-21 06:01:19,,174
11722,2025-01-21,2025-01-21 06:01:43,,156
11723,2025-01-21,2025-01-21 06:01:52,2025-01-21 15:03:44,170
11724,2025-01-21,2025-01-21 06:02:11,2025-01-21 15:06:17,142
11725,2025-01-21,2025-01-21 06:02:26,2025-01-21 15:12:40,148
11727,2025-01-21,2025-01-21 06:04:03,2025-01-21 15:05:04,183
11728,2025-01-21,2025-01-21 06:04:07,2025-01-21 15:11:45,175
11729,2025-01-21,2025-01-21 06:06:18,2025-01-21 15:08:54,159
11730,2025-01-21,2025-01-21 06:06:28,2025-01-21 15:07:02,158
11733,2025-01-21,2025-01-21 06:07:40,2025-01-21 15:05:17,252
11734,2025-01-21,2025-01-21 06:09:00,2025-01-21 15:05:54,144
11736,2025-01-21,2025-01-21 06:11:30,2025-01-21 15:06:51,147
11737,2025-01-21,2025-01-21 06:14:38,2025-01-21 14:01:09,167
11740,2025-01-21,2025-01-21 11:21:21,2025-01-21 15:05:59,154
11741,2025-01-22,2025-01-22 05:40:38,2025-01-22 15:20:21,189
11744,2025-01-22,2025-01-22 05:41:19,2025-01-22 15:16:50,169
11746,2025-01-22,2025-01-22 05:52:45,2025-01-22 15:21:36,160
11751,2025-01-22,2025-01-22 05:55:54,2025-01-22 09:02:33,187
11753,2025-01-22,2025-01-22 05:56:01,2025-01-22 09:02:38,256
11754,2025-01-22,2025-01-22 05:56:06,,151
11755,2025-01-22,2025-01-22 05:56:45,2025-01-22 15:10:44,166
11757,2025-01-22,2025-01-22 06:03:19,2025-01-22 15:04:35,170
11758,2025-01-22,2025-01-22 06:03:24,2025-01-22 15:04:53,148
11759,2025-01-22,2025-01-22 06:03:29,2025-01-22 15:07:02,165
11760,2025-01-22,2025-01-22 06:03:33,2025-01-22 15:06:07,142
11761,2025-01-22,2025-01-22 06:03:49,,174
11762,2025-01-22,2025-01-22 06:05:08,2025-01-22 15:07:14,183
11763,2025-01-22,2025-01-22 06:06:17,2025-01-22 15:05:40,146
11764,2025-01-22,2025-01-22 06:06:26,2025-01-22 15:04:46,177
11765,2025-01-22,2025-01-22 06:07:07,2025-01-22 15:07:31,158
11766,2025-01-22,2025-01-22 06:07:19,2025-01-22 15:07:37,159
11767,2025-01-22,2025-01-22 06:07:55,2025-01-22 15:12:07,175
11769,2025-01-22,2025-01-22 06:10:51,2025-01-22 15:09:49,252
11771,2025-01-22,2025-01-22 06:12:17,2025-01-22 15:10:18,147
11772,2025-01-22,2025-01-22 06:13:50,2025-01-22 15:11:58,156
11773,2025-01-22,2025-01-22 06:15:23,2025-01-22 15:12:59,144
11776,2025-01-22,2025-01-22 11:13:49,2025-01-22 15:07:08,154
11777,2025-01-23,2025-01-23 05:44:48,2025-01-23 18:00:10,151
11778,2025-01-23,2025-01-23 05:44:53,2025-01-23 15:26:27,189
11780,2025-01-23,2025-01-23 05:45:23,,169
11781,2025-01-23,2025-01-23 05:53:56,2025-01-23 15:18:31,166
11782,2025-01-23,2025-01-23 05:55:24,2025-01-23 09:02:26,187
11788,2025-01-23,2025-01-23 05:55:47,2025-01-23 09:03:03,256
11789,2025-01-23,2025-01-23 05:56:45,2025-01-23 15:04:27,165
11790,2025-01-23,2025-01-23 05:57:36,2025-01-23 15:06:34,148
11791,2025-01-23,2025-01-23 05:57:45,2025-01-23 15:26:21,160
11793,2025-01-23,2025-01-23 05:59:46,,156
11794,2025-01-23,2025-01-23 06:00:04,2025-01-23 15:15:45,146
11796,2025-01-23,2025-01-23 06:00:10,2025-01-23 15:15:49,177
11797,2025-01-23,2025-01-23 06:00:16,,174
11798,2025-01-23,2025-01-23 06:00:37,,170
11799,2025-01-23,2025-01-23 06:04:16,2025-01-23 15:04:33,142
11800,2025-01-23,2025-01-23 06:04:40,2025-01-23 15:16:27,159
11801,2025-01-23,2025-01-23 06:04:45,2025-01-23 15:08:00,183
11802,2025-01-23,2025-01-23 06:04:50,2025-01-23 15:16:32,158
11803,2025-01-23,2025-01-23 06:06:04,2025-01-23 15:19:09,175
11806,2025-01-23,2025-01-23 06:09:10,2025-01-23 15:24:10,252
11807,2025-01-23,2025-01-23 06:11:07,2025-01-23 15:18:36,144
11808,2025-01-23,2025-01-23 06:11:26,2025-01-23 15:24:03,147
11812,2025-01-23,2025-01-23 10:59:08,2025-01-23 15:18:08,154
11813,2025-01-23,2025-01-23 15:18:26,,167
11815,2025-01-25,2025-01-25 05:43:39,2025-01-25 15:35:49,169
11816,2025-01-25,2025-01-25 05:44:25,2025-01-25 15:22:09,189
11817,2025-01-25,2025-01-25 05:46:50,2025-01-25 15:30:59,160
11818,2025-01-25,2025-01-25 05:52:01,2025-01-25 15:15:03,166
11819,2025-01-25,2025-01-25 05:57:10,2025-01-25 15:06:16,165
11820,2025-01-25,2025-01-25 05:57:33,2025-01-25 15:03:37,148
11821,2025-01-25,2025-01-25 05:59:55,2025-01-25 15:10:38,142
11822,2025-01-25,2025-01-25 05:59:59,,255
11823,2025-01-25,2025-01-25 06:00:10,,174
11825,2025-01-25,2025-01-25 06:01:08,2025-01-25 15:17:32,187
11826,2025-01-25,2025-01-25 06:01:21,2025-01-25 15:16:36,152
11831,2025-01-25,2025-01-25 06:02:02,2025-01-25 15:21:06,256
11833,2025-01-25,2025-01-25 06:02:16,2025-01-25 15:03:46,170
11834,2025-01-25,2025-01-25 06:02:40,2025-01-25 15:12:43,147
11835,2025-01-25,2025-01-25 06:02:43,2025-01-25 15:08:27,154
11836,2025-01-25,2025-01-25 06:03:15,2025-01-25 15:05:25,183
11837,2025-01-25,2025-01-25 06:06:07,2025-01-25 15:14:32,158
11838,2025-01-25,2025-01-25 06:06:11,2025-01-25 15:15:27,159
11839,2025-01-25,2025-01-25 06:06:31,2025-01-25 15:05:14,167
11840,2025-01-25,2025-01-25 06:07:23,2025-01-25 15:18:50,146
11841,2025-01-25,2025-01-25 06:07:26,2025-01-25 15:19:29,177
11843,2025-01-25,2025-01-25 06:11:17,2025-01-25 15:14:23,252
11844,2025-01-25,2025-01-25 06:11:27,2025-01-25 15:30:45,175
11846,2025-01-25,2025-01-25 06:11:34,2025-01-25 15:11:23,144
11848,2025-01-25,2025-01-25 06:11:49,,151
11849,2025-01-25,2025-01-25 06:22:33,2025-01-25 15:17:57,156
11854,2025-01-25,2025-01-25 07:39:04,2025-01-25 15:04:07,164
11856,2025-01-26,2025-01-26 05:41:29,2025-01-26 15:21:13,189
11860,2025-01-26,2025-01-26 05:47:43,2025-01-26 15:06:21,154
11861,2025-01-26,2025-01-26 05:48:02,2025-01-26 15:27:08,169
11863,2025-01-26,2025-01-26 05:56:44,2025-01-26 15:23:47,166
11865,2025-01-26,2025-01-26 05:58:07,,151
11866,2025-01-26,2025-01-26 05:58:34,2025-01-26 15:04:16,170
11867,2025-01-26,2025-01-26 05:58:52,2025-01-26 15:19:49,187
11872,2025-01-26,2025-01-26 05:59:31,2025-01-26 15:20:48,256
11874,2025-01-26,2025-01-26 05:59:40,,152
11875,2025-01-26,2025-01-26 06:00:23,2025-01-26 15:07:05,165
11876,2025-01-26,2025-01-26 06:00:28,2025-01-26 15:01:39,148
11877,2025-01-26,2025-01-26 06:00:39,,174
11878,2025-01-26,2025-01-26 06:00:50,2025-01-26 15:27:22,160
11879,2025-01-26,2025-01-26 06:02:27,2025-01-26 15:33:24,146
11880,2025-01-26,2025-01-26 06:02:34,2025-01-26 15:31:19,177
11881,2025-01-26,2025-01-26 06:02:42,2025-01-26 15:02:54,255
11882,2025-01-26,2025-01-26 06:02:47,2025-01-26 15:10:55,142
11883,2025-01-26,2025-01-26 06:03:01,2025-01-26 15:06:52,252
11885,2025-01-26,2025-01-26 06:03:52,2025-01-26 15:06:28,183
11889,2025-01-26,2025-01-26 06:04:53,2025-01-26 15:12:37,159
11890,2025-01-26,2025-01-26 06:04:58,2025-01-26 15:12:31,158
11891,2025-01-26,2025-01-26 06:06:26,2025-01-26 15:09:04,147
11892,2025-01-26,2025-01-26 06:07:08,,156
11893,2025-01-26,2025-01-26 06:07:38,2025-01-26 15:34:02,175
11896,2025-01-27,2025-01-27 05:40:28,2025-01-27 15:43:56,189
11898,2025-01-27,2025-01-27 05:42:57,2025-01-27 15:47:51,169
11902,2025-01-27,2025-01-27 05:51:53,2025-01-27 15:44:53,151
11903,2025-01-27,2025-01-27 05:53:41,2025-01-27 15:41:26,160
11904,2025-01-27,2025-01-27 05:58:42,2025-01-27 15:03:35,170
11906,2025-01-27,2025-01-27 06:00:33,2025-01-27 15:18:21,187
11907,2025-01-27,2025-01-27 06:01:22,2025-01-27 15:08:07,142
11911,2025-01-27,2025-01-27 06:01:44,2025-01-27 15:20:11,256
11913,2025-01-27,2025-01-27 06:02:14,2025-01-27 15:06:03,183
11914,2025-01-27,2025-01-27 06:03:07,2025-01-27 15:15:47,175
11915,2025-01-27,2025-01-27 06:03:31,2025-01-27 15:23:05,166
11919,2025-01-27,2025-01-27 06:03:50,2025-01-27 15:10:06,154
11920,2025-01-27,2025-01-27 06:04:02,2025-01-27 15:05:38,167
11922,2025-01-27,2025-01-27 06:06:07,2025-01-27 15:10:51,158
11923,2025-01-27,2025-01-27 06:06:24,2025-01-27 15:11:06,159
11927,2025-01-27,2025-01-27 06:07:47,2025-01-27 15:09:55,252
11928,2025-01-27,2025-01-27 06:07:53,2025-01-27 15:10:16,147
11929,2025-01-27,2025-01-27 06:11:00,2025-01-27 15:08:55,144
11930,2025-01-27,2025-01-27 06:13:20,2025-01-27 15:22:27,148
11931,2025-01-27,2025-01-27 06:13:26,2025-01-27 15:15:55,165
11932,2025-01-27,2025-01-27 06:15:33,,174
11933,2025-01-27,2025-01-27 06:18:21,2025-01-27 15:09:17,146
11934,2025-01-27,2025-01-27 06:18:24,2025-01-27 15:12:22,255
11935,2025-01-27,2025-01-27 06:18:31,2025-01-27 15:08:29,177
11936,2025-01-27,2025-01-27 06:18:55,2025-01-27 15:12:26,164
11937,2025-01-27,2025-01-27 06:59:58,2025-01-27 15:18:14,152
11939,2025-01-27,2025-01-27 15:13:13,,156
11940,2025-01-28,2025-01-28 05:39:55,2025-01-28 15:19:39,189
11942,2025-01-28,2025-01-28 05:40:24,,169
11944,2025-01-28,2025-01-28 05:40:44,2025-01-28 15:21:21,160
11946,2025-01-28,2025-01-28 05:53:41,2025-01-28 15:11:05,165
11948,2025-01-28,2025-01-28 05:55:05,2025-01-28 15:03:31,170
11949,2025-01-28,2025-01-28 05:57:17,2025-01-28 15:21:14,148
11951,2025-01-28,2025-01-28 05:57:25,2025-01-28 15:07:22,255
11952,2025-01-28,2025-01-28 05:57:29,2025-01-28 15:07:28,164
11953,2025-01-28,2025-01-28 05:57:45,,174
11954,2025-01-28,2025-01-28 05:58:08,2025-01-28 15:16:43,154
11955,2025-01-28,2025-01-28 06:01:04,2025-01-28 15:07:09,142
11957,2025-01-28,2025-01-28 06:01:29,2025-01-28 15:19:09,152
11959,2025-01-28,2025-01-28 06:01:38,2025-01-28 15:18:35,187
11960,2025-01-28,2025-01-28 06:01:42,2025-01-28 15:20:47,256
11962,2025-01-28,2025-01-28 06:01:51,2025-01-28 15:04:53,146
11963,2025-01-28,2025-01-28 06:01:55,2025-01-28 15:03:22,177
11964,2025-01-28,2025-01-28 06:02:20,2025-01-28 15:18:30,151
11968,2025-01-28,2025-01-28 06:04:07,2025-01-28 15:08:45,156
11969,2025-01-28,2025-01-28 06:04:22,2025-01-28 15:13:30,175
11970,2025-01-28,2025-01-28 06:04:27,2025-01-28 15:11:52,252
11973,2025-01-28,2025-01-28 06:05:19,2025-01-28 15:14:55,158
11977,2025-01-28,2025-01-28 06:07:04,2025-01-28 15:15:37,159
11978,2025-01-28,2025-01-28 06:07:21,2025-01-28 15:20:55,166
11979,2025-01-28,2025-01-28 06:07:49,2025-01-28 15:12:24,183
11980,2025-01-28,2025-01-28 06:12:47,2025-01-28 15:12:18,147
11981,2025-01-28,2025-01-28 06:14:15,2025-01-28 15:13:36,144
11982,2025-01-28,2025-01-28 06:21:47,2025-01-28 15:16:41,167
11983,2025-01-29,2025-01-29 05:37:17,2025-01-29 15:22:23,189
11987,2025-01-29,2025-01-29 05:51:43,2025-01-29 15:24:12,160
11988,2025-01-29,2025-01-29 05:54:26,2025-01-29 15:13:55,151
11990,2025-01-29,2025-01-29 05:56:17,2025-01-29 15:05:08,165
11991,2025-01-29,2025-01-29 05:56:20,2025-01-29 15:02:56,148
11992,2025-01-29,2025-01-29 05:57:23,2025-01-29 15:03:59,154
11993,2025-01-29,2025-01-29 05:57:26,2025-01-29 15:03:58,255
11994,2025-01-29,2025-01-29 05:57:29,2025-01-29 15:03:49,164
11995,2025-01-29,2025-01-29 05:57:33,,174
11996,2025-01-29,2025-01-29 05:57:46,,146
11997,2025-01-29,2025-01-29 05:57:52,2025-01-29 15:02:51,177
11998,2025-01-29,2025-01-29 05:58:42,2025-01-29 15:03:12,170
11999,2025-01-29,2025-01-29 05:58:53,2025-01-29 15:03:51,183
12001,2025-01-29,2025-01-29 05:59:44,2025-01-29 15:04:49,147
12002,2025-01-29,2025-01-29 05:59:53,2025-01-29 15:03:41,142
12004,2025-01-29,2025-01-29 06:01:57,2025-01-29 15:21:05,166
12005,2025-01-29,2025-01-29 06:04:27,2025-01-29 15:16:07,152
12006,2025-01-29,2025-01-29 06:04:31,2025-01-29 15:16:00,187
12010,2025-01-29,2025-01-29 06:04:57,2025-01-29 15:19:53,256
12013,2025-01-29,2025-01-29 06:05:31,2025-01-29 15:05:13,252
12019,2025-01-29,2025-01-29 06:06:51,2025-01-29 15:04:33,144
12020,2025-01-29,2025-01-29 06:08:18,2025-01-29 15:06:20,167
12021,2025-01-29,2025-01-29 06:08:38,2025-01-29 15:21:37,169
12022,2025-01-29,2025-01-29 06:12:09,2025-01-29 15:09:52,156
12024,2025-01-29,2025-01-29 06:14:31,2025-01-29 15:12:35,175
12025,2025-01-29,2025-01-29 06:16:33,2025-01-29 15:06:14,158
12026,2025-01-29,2025-01-29 06:16:42,2025-01-29 15:15:04,159
12027,2025-01-29,2025-01-29 15:24:00,,141
12028,2025-01-30,2025-01-30 05:43:04,2025-01-30 15:32:29,189
12030,2025-01-30,2025-01-30 05:43:18,2025-01-30 15:26:53,166
12033,2025-01-30,2025-01-30 05:44:18,,169
12034,2025-01-30,2025-01-30 05:46:06,2025-01-30 15:33:51,160
12036,2025-01-30,2025-01-30 05:55:25,2025-01-30 15:29:50,151
12037,2025-01-30,2025-01-30 05:56:04,2025-01-30 15:15:33,165
12038,2025-01-30,2025-01-30 05:56:08,,148
12039,2025-01-30,2025-01-30 05:56:13,,174
12040,2025-01-30,2025-01-30 05:59:11,2025-01-30 15:18:37,164
12042,2025-01-30,2025-01-30 05:59:19,2025-01-30 15:14:57,146
12043,2025-01-30,2025-01-30 05:59:25,2025-01-30 15:15:02,177
12044,2025-01-30,2025-01-30 05:59:28,2025-01-30 15:21:52,255
12045,2025-01-30,2025-01-30 06:00:41,2025-01-30 15:03:04,170
12046,2025-01-30,2025-01-30 06:00:50,2025-01-30 15:14:42,142
12047,2025-01-30,2025-01-30 06:01:57,2025-01-30 15:20:01,183
12049,2025-01-30,2025-01-30 06:02:07,2025-01-30 15:19:08,167
12050,2025-01-30,2025-01-30 06:02:09,2025-01-30 15:19:50,154
12053,2025-01-30,2025-01-30 06:04:34,2025-01-30 15:21:49,147
12056,2025-01-30,2025-01-30 06:05:33,2025-01-30 15:18:59,187
12060,2025-01-30,2025-01-30 06:05:58,2025-01-30 15:19:15,256
12062,2025-01-30,2025-01-30 06:06:07,,252
12065,2025-01-30,2025-01-30 06:07:20,2025-01-30 15:26:39,175
12066,2025-01-30,2025-01-30 06:07:28,2025-01-30 15:17:49,152
12067,2025-01-30,2025-01-30 06:09:28,2025-01-30 15:19:56,156
12068,2025-01-30,2025-01-30 06:09:32,,159
12069,2025-01-30,2025-01-30 06:10:27,2025-01-30 15:19:05,158
12071,2025-01-30,2025-01-30 06:14:44,2025-01-30 15:15:23,144
12073,2025-01-31,2025-01-31 06:05:29,,165
12074,2025-01-31,2025-01-31 06:11:07,2025-01-31 14:09:55,187
12075,2025-02-01,2025-02-01 05:41:09,2025-02-01 15:21:38,189
12079,2025-02-01,2025-02-01 05:49:13,2025-02-01 15:22:43,160
12080,2025-02-01,2025-02-01 05:49:27,2025-02-01 15:24:20,169
12081,2025-02-01,2025-02-01 05:55:25,2025-02-01 15:16:26,187
12082,2025-02-01,2025-02-01 05:55:32,2025-02-01 07:38:41,152
12083,2025-02-01,2025-02-01 05:55:44,2025-02-01 15:18:58,256
12086,2025-02-01,2025-02-01 05:57:30,2025-02-01 15:07:39,165
12087,2025-02-01,2025-02-01 05:57:42,2025-02-01 15:15:56,166
12092,2025-02-01,2025-02-01 05:58:06,2025-02-01 15:10:01,148
12093,2025-02-01,2025-02-01 05:58:12,2025-02-01 15:09:43,142
12095,2025-02-01,2025-02-01 06:00:07,2025-02-01 15:07:27,164
12096,2025-02-01,2025-02-01 06:00:12,,174
12097,2025-02-01,2025-02-01 06:00:16,2025-02-01 15:07:43,255
12098,2025-02-01,2025-02-01 06:01:46,2025-02-01 15:04:21,170
12100,2025-02-01,2025-02-01 06:03:39,2025-02-01 15:23:06,146
12101,2025-02-01,2025-02-01 06:03:42,2025-02-01 15:19:37,177
12103,2025-02-01,2025-02-01 06:05:13,2025-02-01 15:05:57,183
12108,2025-02-01,2025-02-01 06:09:11,2025-02-01 15:16:50,156
12109,2025-02-01,2025-02-01 06:10:30,,252
12110,2025-02-01,2025-02-01 06:10:36,2025-02-01 15:09:38,144
12112,2025-02-01,2025-02-01 06:10:48,2025-02-01 15:12:01,147
12113,2025-02-01,2025-02-01 06:12:23,2025-02-01 15:18:51,175
12114,2025-02-01,2025-02-01 06:20:48,2025-02-01 15:23:02,151
12115,2025-02-01,2025-02-01 06:21:33,2025-02-01 15:22:17,159
12116,2025-02-02,2025-02-02 05:41:37,2025-02-02 15:20:58,189
12120,2025-02-02,2025-02-02 05:50:11,2025-02-02 15:25:57,169
12121,2025-02-02,2025-02-02 05:57:52,2025-02-02 15:06:50,165
12122,2025-02-02,2025-02-02 05:57:55,2025-02-02 15:07:53,148
12123,2025-02-02,2025-02-02 05:58:14,2025-02-02 15:03:25,170
12124,2025-02-02,2025-02-02 05:58:28,2025-02-02 15:14:31,166
12125,2025-02-02,2025-02-02 05:58:33,,174
12126,2025-02-02,2025-02-02 05:58:38,2025-02-02 15:22:00,151
12127,2025-02-02,2025-02-02 05:58:59,2025-02-02 15:05:49,255
12128,2025-02-02,2025-02-02 05:59:02,2025-02-02 15:10:18,154
12129,2025-02-02,2025-02-02 05:59:07,2025-02-02 15:08:04,164
12130,2025-02-02,2025-02-02 05:59:18,2025-02-02 15:05:12,183
12131,2025-02-02,2025-02-02 05:59:26,2025-02-02 15:05:28,146
12132,2025-02-02,2025-02-02 05:59:32,2025-02-02 15:09:25,177
12135,2025-02-02,2025-02-02 05:59:53,2025-02-02 15:10:27,147
12137,2025-02-02,2025-02-02 06:00:24,2025-02-02 15:20:07,256
12138,2025-02-02,2025-02-02 06:00:27,2025-02-02 15:19:27,187
12141,2025-02-02,2025-02-02 06:01:31,2025-02-02 15:09:48,252
12142,2025-02-02,2025-02-02 06:01:38,2025-02-02 15:22:04,152
12143,2025-02-02,2025-02-02 06:01:58,2025-02-02 15:08:44,142
12147,2025-02-02,2025-02-02 06:06:50,2025-02-02 15:19:59,175
12148,2025-02-02,2025-02-02 06:10:36,2025-02-02 15:09:20,144
12150,2025-02-02,2025-02-02 06:15:24,2025-02-02 15:23:39,159
12152,2025-02-03,2025-02-03 05:40:02,2025-02-03 15:23:17,189
12155,2025-02-03,2025-02-03 05:41:45,2025-02-03 15:23:44,169
12157,2025-02-03,2025-02-03 05:45:39,2025-02-03 15:24:58,160
12159,2025-02-03,2025-02-03 05:53:56,,151
12161,2025-02-03,2025-02-03 05:56:39,2025-02-03 15:08:27,165
12162,2025-02-03,2025-02-03 05:56:41,2025-02-03 15:10:12,148
12163,2025-02-03,2025-02-03 05:56:59,,174
12164,2025-02-03,2025-02-03 05:57:32,2025-02-03 15:13:51,146
12165,2025-02-03,2025-02-03 05:57:35,2025-02-03 15:11:27,177
12166,2025-02-03,2025-02-03 05:57:42,,164
12167,2025-02-03,2025-02-03 05:57:45,2025-02-03 15:07:58,255
12171,2025-02-03,2025-02-03 06:01:54,2025-02-03 15:03:53,170
12172,2025-02-03,2025-02-03 06:03:13,2025-02-03 15:14:07,166
12175,2025-02-03,2025-02-03 06:04:03,2025-02-03 15:20:08,256
12176,2025-02-03,2025-02-03 06:04:07,2025-02-03 15:17:22,187
12177,2025-02-03,2025-02-03 06:04:11,2025-02-03 15:08:12,142
12178,2025-02-03,2025-02-03 06:04:27,2025-02-03 15:16:26,152
12180,2025-02-03,2025-02-03 06:04:33,2025-02-03 15:06:11,154
12181,2025-02-03,2025-02-03 06:04:40,2025-02-03 15:06:07,167
12188,2025-02-03,2025-02-03 06:06:45,2025-02-03 15:17:34,175
12189,2025-02-03,2025-02-03 06:06:52,2025-02-03 15:10:48,252
12190,2025-02-03,2025-02-03 06:06:58,2025-02-03 15:06:32,144
12191,2025-02-03,2025-02-03 06:09:02,2025-02-03 15:15:11,183
12192,2025-02-03,2025-02-03 06:11:37,2025-02-03 15:18:19,159
12193,2025-02-03,2025-02-03 06:15:36,2025-02-03 15:18:00,147
12194,2025-02-03,2025-02-03 06:21:58,2025-02-03 15:18:57,156
12195,2025-02-04,2025-02-04 05:44:14,2025-02-04 15:28:34,189
12198,2025-02-04,2025-02-04 05:44:40,2025-02-04 15:28:11,160
12199,2025-02-04,2025-02-04 05:45:34,2025-02-04 15:28:18,169
12200,2025-02-04,2025-02-04 05:55:06,,151
12201,2025-02-04,2025-02-04 05:56:19,2025-02-04 15:23:03,165
12202,2025-02-04,2025-02-04 05:58:03,2025-02-04 15:17:10,187
12205,2025-02-04,2025-02-04 05:58:24,,166
12206,2025-02-04,2025-02-04 05:58:30,2025-02-04 15:24:22,152
12207,2025-02-04,2025-02-04 05:59:35,2025-02-04 15:23:32,148
12208,2025-02-04,2025-02-04 05:59:55,2025-02-04 15:08:45,164
12210,2025-02-04,2025-02-04 06:00:00,2025-02-04 15:08:40,255
12211,2025-02-04,2025-02-04 06:00:02,2025-02-04 15:09:40,154
12212,2025-02-04,2025-02-04 06:00:11,2025-02-04 15:05:27,183
12213,2025-02-04,2025-02-04 06:00:18,,174
12214,2025-02-04,2025-02-04 06:00:24,2025-02-04 15:03:27,170
12221,2025-02-04,2025-02-04 06:02:38,2025-02-04 15:06:32,142
12224,2025-02-04,2025-02-04 06:04:27,2025-02-04 15:02:59,146
12225,2025-02-04,2025-02-04 06:04:31,2025-02-04 15:03:11,177
12226,2025-02-04,2025-02-04 06:06:46,2025-02-04 15:22:13,144
12227,2025-02-04,2025-02-04 06:06:53,2025-02-04 15:23:27,252
12228,2025-02-04,2025-02-04 06:07:34,2025-02-04 15:23:56,156
12229,2025-02-04,2025-02-04 06:07:42,2025-02-04 15:23:50,147
12230,2025-02-04,2025-02-04 06:09:17,2025-02-04 15:09:33,167
12231,2025-02-04,2025-02-04 06:15:54,2025-02-04 15:24:15,159
12232,2025-02-04,2025-02-04 06:17:06,2025-02-04 15:29:10,175
12236,2025-02-05,2025-02-05 05:40:55,2025-02-05 15:20:31,189
12238,2025-02-05,2025-02-05 05:41:17,2025-02-05 15:23:59,169
12241,2025-02-05,2025-02-05 05:55:31,2025-02-05 15:23:12,160
12244,2025-02-05,2025-02-05 05:58:33,2025-02-05 15:03:43,165
12245,2025-02-05,2025-02-05 05:58:37,2025-02-05 15:01:10,148
12246,2025-02-05,2025-02-05 05:58:54,,174
12247,2025-02-05,2025-02-05 05:59:23,2025-02-05 15:16:07,187
12249,2025-02-05,2025-02-05 05:59:32,2025-02-05 15:18:05,256
12251,2025-02-05,2025-02-05 05:59:41,2025-02-05 15:16:51,151
12252,2025-02-05,2025-02-05 06:00:19,2025-02-05 15:03:25,170
12253,2025-02-05,2025-02-05 06:00:24,2025-02-05 15:03:16,146
12254,2025-02-05,2025-02-05 06:00:30,2025-02-05 15:03:12,177
12255,2025-02-05,2025-02-05 06:00:32,2025-02-05 15:04:50,164
12256,2025-02-05,2025-02-05 06:00:34,2025-02-05 15:04:55,255
12262,2025-02-05,2025-02-05 06:02:48,2025-02-05 15:06:55,142
12264,2025-02-05,2025-02-05 06:06:43,2025-02-05 15:16:00,183
12267,2025-02-05,2025-02-05 06:09:23,2025-02-05 15:12:15,175
12268,2025-02-05,2025-02-05 06:09:30,2025-02-05 15:07:50,147
12269,2025-02-05,2025-02-05 06:10:38,2025-02-05 15:13:19,167
12270,2025-02-05,2025-02-05 06:10:41,2025-02-05 15:13:26,154
12271,2025-02-05,2025-02-05 06:10:49,2025-02-05 15:07:44,252
12273,2025-02-05,2025-02-05 06:13:28,2025-02-05 15:24:06,159
12274,2025-02-05,2025-02-05 06:14:34,2025-02-05 15:11:46,156
12275,2025-02-05,2025-02-05 06:14:45,2025-02-05 15:14:14,144
12276,2025-02-05,2025-02-05 06:18:46,,152
12278,2025-02-06,2025-02-06 05:42:37,2025-02-06 15:29:13,189
12282,2025-02-06,2025-02-06 05:47:02,2025-02-06 15:31:15,160
12283,2025-02-06,2025-02-06 05:47:19,2025-02-06 15:31:50,169
12285,2025-02-06,2025-02-06 05:58:12,,174
12286,2025-02-06,2025-02-06 05:58:40,2025-02-06 15:15:16,165
12287,2025-02-06,2025-02-06 05:58:49,2025-02-06 15:03:41,148
12290,2025-02-06,2025-02-06 05:59:43,2025-02-06 15:22:26,164
12291,2025-02-06,2025-02-06 05:59:45,2025-02-06 15:15:30,146
12292,2025-02-06,2025-02-06 05:59:48,2025-02-06 15:15:27,177
12293,2025-02-06,2025-02-06 05:59:52,2025-02-06 15:03:45,255
12294,2025-02-06,2025-02-06 06:00:05,2025-02-06 15:24:26,175
12295,2025-02-06,2025-02-06 06:00:39,2025-02-06 15:29:38,151
12296,2025-02-06,2025-02-06 06:01:29,2025-02-06 15:19:03,170
12297,2025-02-06,2025-02-06 06:01:37,2025-02-06 15:27:37,166
12298,2025-02-06,2025-02-06 06:01:41,2025-02-06 15:21:16,154
12299,2025-02-06,2025-02-06 06:02:32,2025-02-06 15:17:23,142
12300,2025-02-06,2025-02-06 06:02:38,2025-02-06 15:11:24,183
12301,2025-02-06,2025-02-06 06:02:46,2025-02-06 15:24:13,187
12304,2025-02-06,2025-02-06 06:03:09,2025-02-06 15:21:19,256
12305,2025-02-06,2025-02-06 06:03:46,,152
12313,2025-02-06,2025-02-06 06:08:30,2025-02-06 15:22:36,167
12314,2025-02-06,2025-02-06 06:08:48,2025-02-06 15:21:13,252
12316,2025-02-06,2025-02-06 06:09:33,,156
12317,2025-02-06,2025-02-06 06:09:50,2025-02-06 15:20:17,144
12318,2025-02-06,2025-02-06 06:11:29,2025-02-06 15:20:58,147
12319,2025-02-06,2025-02-06 06:12:44,2025-02-06 15:31:00,159
12323,2025-02-08,2025-02-08 05:44:38,2025-02-08 15:20:09,169
12324,2025-02-08,2025-02-08 05:46:37,2025-02-08 15:22:08,160
12325,2025-02-08,2025-02-08 05:46:44,2025-02-08 15:21:35,189
12327,2025-02-08,2025-02-08 05:49:19,2025-02-08 15:23:36,166
12328,2025-02-08,2025-02-08 05:55:58,2025-02-08 15:02:42,165
12329,2025-02-08,2025-02-08 06:00:10,2025-02-08 15:05:05,177
12330,2025-02-08,2025-02-08 06:00:18,,174
12331,2025-02-08,2025-02-08 06:00:25,2025-02-08 15:12:42,148
12332,2025-02-08,2025-02-08 06:00:34,2025-02-08 15:15:20,154
12333,2025-02-08,2025-02-08 06:00:37,2025-02-08 15:05:51,164
12334,2025-02-08,2025-02-08 06:00:40,2025-02-08 15:06:03,255
12335,2025-02-08,2025-02-08 06:01:33,2025-02-08 15:04:02,170
12336,2025-02-08,2025-02-08 06:01:41,2025-02-08 15:09:28,142
12339,2025-02-08,2025-02-08 06:05:07,2025-02-08 15:11:20,183
12340,2025-02-08,2025-02-08 06:05:13,2025-02-08 15:12:01,159
12343,2025-02-08,2025-02-08 06:05:44,2025-02-08 15:11:55,147
12344,2025-02-08,2025-02-08 06:06:37,2025-02-08 15:12:33,252
12346,2025-02-08,2025-02-08 06:08:10,2025-02-08 15:08:32,144
12348,2025-02-08,2025-02-08 06:10:06,2025-02-08 15:16:10,175
12349,2025-02-08,2025-02-08 06:10:14,,156
12352,2025-02-08,2025-02-08 06:18:27,2025-02-08 15:20:37,187
12354,2025-02-08,2025-02-08 06:18:33,2025-02-08 15:20:46,256
12356,2025-02-08,2025-02-08 06:18:49,2025-02-08 15:18:47,167
12358,2025-02-08,2025-02-08 07:48:54,2025-02-08 15:19:31,151
12362,2025-02-09,2025-02-09 05:47:43,2025-02-09 15:12:35,189
12364,2025-02-09,2025-02-09 05:52:16,2025-02-09 15:13:45,169
12366,2025-02-09,2025-02-09 05:55:55,2025-02-09 15:02:52,165
12367,2025-02-09,2025-02-09 05:57:34,2025-02-09 15:05:41,148
12368,2025-02-09,2025-02-09 05:58:36,2025-02-09 15:12:02,160
12369,2025-02-09,2025-02-09 05:59:30,2025-02-09 15:03:21,146
12370,2025-02-09,2025-02-09 05:59:34,2025-02-09 15:02:39,177
12371,2025-02-09,2025-02-09 05:59:37,2025-02-09 15:03:05,255
12372,2025-02-09,2025-02-09 05:59:56,2025-02-09 15:03:01,170
12373,2025-02-09,2025-02-09 06:01:11,2025-02-09 15:04:13,183
12375,2025-02-09,2025-02-09 06:02:23,2025-02-09 15:03:40,142
12376,2025-02-09,2025-02-09 06:02:54,2025-02-09 15:09:34,166
12377,2025-02-09,2025-02-09 06:03:24,2025-02-09 15:11:49,175
12378,2025-02-09,2025-02-09 06:03:58,2025-02-09 15:07:12,154
12379,2025-02-09,2025-02-09 06:04:28,,174
12380,2025-02-09,2025-02-09 06:06:00,2025-02-09 15:12:07,151
12381,2025-02-09,2025-02-09 06:06:04,2025-02-09 15:07:14,147
12386,2025-02-09,2025-02-09 06:08:06,2025-02-09 15:06:43,252
12390,2025-02-09,2025-02-09 06:16:44,2025-02-09 15:07:00,187
12391,2025-02-09,2025-02-09 06:16:49,,256
12392,2025-02-09,2025-02-09 06:18:28,2025-02-09 15:08:35,159
12393,2025-02-09,2025-02-09 06:25:34,,144
12396,2025-02-10,2025-02-10 05:42:22,2025-02-10 15:19:18,169
12397,2025-02-10,2025-02-10 05:42:57,2025-02-10 15:20:56,160
12398,2025-02-10,2025-02-10 05:50:09,2025-02-10 15:18:01,189
12400,2025-02-10,2025-02-10 05:55:25,2025-02-10 15:04:33,167
12401,2025-02-10,2025-02-10 06:00:01,2025-02-10 15:06:13,165
12402,2025-02-10,2025-02-10 06:00:05,2025-02-10 15:15:38,148
12403,2025-02-10,2025-02-10 06:00:17,,174
12404,2025-02-10,2025-02-10 06:01:07,2025-02-10 15:06:01,146
12405,2025-02-10,2025-02-10 06:01:12,2025-02-10 15:04:47,177
12406,2025-02-10,2025-02-10 06:01:20,2025-02-10 15:07:00,164
12407,2025-02-10,2025-02-10 06:01:22,2025-02-10 15:04:51,255
12408,2025-02-10,2025-02-10 06:01:28,2025-02-10 15:11:05,154
12409,2025-02-10,2025-02-10 06:01:32,2025-02-10 15:03:33,170
12410,2025-02-10,2025-02-10 06:04:37,2025-02-10 15:16:24,166
12413,2025-02-10,2025-02-10 06:06:44,2025-02-10 15:10:03,142
12414,2025-02-10,2025-02-10 06:07:21,2025-02-10 15:20:30,175
12416,2025-02-10,2025-02-10 06:07:56,2025-02-10 15:11:10,252
12421,2025-02-10,2025-02-10 06:10:30,,151
12422,2025-02-10,2025-02-10 06:10:42,,156
12423,2025-02-10,2025-02-10 06:12:53,2025-02-10 15:14:12,159
12427,2025-02-10,2025-02-10 06:21:28,2025-02-10 15:12:55,147
12428,2025-02-10,2025-02-10 07:23:37,2025-02-10 15:13:26,183
12429,2025-02-11,2025-02-11 05:41:42,2025-02-11 15:17:17,169
12432,2025-02-11,2025-02-11 05:47:55,2025-02-11 15:17:24,160
12433,2025-02-11,2025-02-11 05:49:40,2025-02-11 15:19:22,189
12435,2025-02-11,2025-02-11 05:50:03,2025-02-11 15:02:36,165
12437,2025-02-11,2025-02-11 05:55:11,2025-02-11 15:12:53,151
12438,2025-02-11,2025-02-11 05:56:23,2025-02-11 15:02:30,148
12439,2025-02-11,2025-02-11 05:58:02,,174
12440,2025-02-11,2025-02-11 05:59:20,,164
12441,2025-02-11,2025-02-11 05:59:24,2025-02-11 15:11:29,154
12442,2025-02-11,2025-02-11 05:59:26,2025-02-11 15:02:17,255
12443,2025-02-11,2025-02-11 05:59:40,2025-02-11 15:03:03,170
12444,2025-02-11,2025-02-11 06:00:04,2025-02-11 15:19:54,166
12445,2025-02-11,2025-02-11 06:00:16,2025-02-11 15:07:30,142
12446,2025-02-11,2025-02-11 06:03:14,2025-02-11 15:16:07,146
12447,2025-02-11,2025-02-11 06:03:18,2025-02-11 15:15:40,177
12448,2025-02-11,2025-02-11 06:04:51,2025-02-11 15:08:43,183
12452,2025-02-11,2025-02-11 06:05:23,2025-02-11 15:09:16,252
12455,2025-02-11,2025-02-11 06:06:40,2025-02-11 15:09:32,147
12457,2025-02-11,2025-02-11 06:10:05,2025-02-11 15:15:57,175
12458,2025-02-11,2025-02-11 06:12:04,2025-02-11 15:11:46,167
12459,2025-02-11,2025-02-11 06:13:09,2025-02-11 15:11:17,156
12460,2025-02-11,2025-02-11 06:17:25,2025-02-11 15:17:10,159
12462,2025-02-11,2025-02-11 06:19:48,2025-02-11 15:12:35,187
12468,2025-02-12,2025-02-12 05:40:38,2025-02-12 15:14:10,169
12469,2025-02-12,2025-02-12 05:49:03,2025-02-12 15:18:01,189
12471,2025-02-12,2025-02-12 05:56:10,2025-02-12 15:17:18,151
12472,2025-02-12,2025-02-12 05:56:59,2025-02-12 15:05:13,167
12473,2025-02-12,2025-02-12 06:00:26,2025-02-12 15:04:14,148
12474,2025-02-12,2025-02-12 06:00:30,2025-02-12 15:04:47,165
12475,2025-02-12,2025-02-12 06:00:49,2025-02-12 15:05:16,154
12476,2025-02-12,2025-02-12 06:00:55,2025-02-12 15:16:39,166
12477,2025-02-12,2025-02-12 06:01:46,,174
12479,2025-02-12,2025-02-12 06:02:40,2025-02-12 15:04:38,146
12480,2025-02-12,2025-02-12 06:02:44,2025-02-12 15:06:06,255
12481,2025-02-12,2025-02-12 06:02:46,2025-02-12 15:05:28,164
12482,2025-02-12,2025-02-12 06:02:50,2025-02-12 15:07:18,177
12483,2025-02-12,2025-02-12 06:03:08,2025-02-12 15:03:35,170
12485,2025-02-12,2025-02-12 06:04:09,2025-02-12 15:09:06,142
12490,2025-02-12,2025-02-12 06:05:33,2025-02-12 15:05:24,156
12491,2025-02-12,2025-02-12 06:07:10,2025-02-12 15:17:05,175
12492,2025-02-12,2025-02-12 06:07:16,2025-02-12 15:08:39,183
12493,2025-02-12,2025-02-12 06:08:30,2025-02-12 15:13:31,159
12494,2025-02-12,2025-02-12 06:09:30,2025-02-12 15:06:20,147
12499,2025-02-12,2025-02-12 06:26:38,2025-02-12 15:14:42,187
12501,2025-02-12,2025-02-12 06:26:47,2025-02-12 15:16:45,256
12502,2025-02-12,2025-02-12 09:48:20,2025-02-12 15:15:59,160
12506,2025-02-13,2025-02-13 05:40:42,2025-02-13 15:25:12,169
12507,2025-02-13,2025-02-13 05:41:21,2025-02-13 15:22:15,160
12508,2025-02-13,2025-02-13 05:47:28,2025-02-13 15:18:46,189
12510,2025-02-13,2025-02-13 05:55:36,2025-02-13 15:08:15,148
12511,2025-02-13,2025-02-13 05:56:12,2025-02-13 15:11:00,165
12512,2025-02-13,2025-02-13 05:56:58,2025-02-13 15:14:50,147
12513,2025-02-13,2025-02-13 05:57:13,,174
12514,2025-02-13,2025-02-13 05:58:36,2025-02-13 15:14:20,164
12515,2025-02-13,2025-02-13 05:58:39,2025-02-13 15:12:50,154
12516,2025-02-13,2025-02-13 05:58:42,2025-02-13 15:22:55,167
12518,2025-02-13,2025-02-13 05:59:34,2025-02-13 15:10:48,146
12519,2025-02-13,2025-02-13 05:59:37,2025-02-13 15:10:52,177
12520,2025-02-13,2025-02-13 05:59:41,2025-02-13 15:06:50,255
12521,2025-02-13,2025-02-13 06:00:03,2025-02-13 15:22:27,151
12522,2025-02-13,2025-02-13 06:00:11,,166
12523,2025-02-13,2025-02-13 06:03:05,2025-02-13 15:12:46,142
12524,2025-02-13,2025-02-13 06:03:44,2025-02-13 15:13:20,170
12525,2025-02-13,2025-02-13 06:04:55,2025-02-13 15:20:47,175
12527,2025-02-13,2025-02-13 06:06:40,2025-02-13 15:15:13,252
12529,2025-02-13,2025-02-13 06:06:58,,156
12530,2025-02-13,2025-02-13 06:07:03,2025-02-13 15:11:20,183
12532,2025-02-13,2025-02-13 06:11:13,2025-02-13 15:20:23,159
12536,2025-02-13,2025-02-13 06:28:14,2025-02-13 15:14:01,187
12540,2025-02-13,2025-02-13 06:28:33,2025-02-13 15:17:13,256
12542,2025-02-15,2025-02-15 05:33:53,2025-02-15 15:13:31,169
12545,2025-02-15,2025-02-15 05:43:49,2025-02-15 15:16:17,160
12547,2025-02-15,2025-02-15 05:50:05,2025-02-15 15:12:36,189
12549,2025-02-15,2025-02-15 05:51:19,2025-02-15 15:15:28,166
12550,2025-02-15,2025-02-15 05:53:36,2025-02-15 15:04:29,165
12551,2025-02-15,2025-02-15 05:56:55,2025-02-15 15:04:22,148
12552,2025-02-15,2025-02-15 05:58:53,2025-02-15 15:05:48,177
12553,2025-02-15,2025-02-15 05:59:39,,151
12554,2025-02-15,2025-02-15 05:59:48,2025-02-15 15:08:27,154
12556,2025-02-15,2025-02-15 06:01:43,2025-02-15 15:09:14,142
12557,2025-02-15,2025-02-15 06:02:54,2025-02-15 15:04:17,170
12558,2025-02-15,2025-02-15 06:03:24,,174
12559,2025-02-15,2025-02-15 06:03:33,2025-02-15 15:05:45,146
12560,2025-02-15,2025-02-15 06:03:36,2025-02-15 15:05:00,164
12561,2025-02-15,2025-02-15 06:03:39,2025-02-15 15:04:56,255
12564,2025-02-15,2025-02-15 06:05:09,2025-02-15 15:06:59,183
12565,2025-02-15,2025-02-15 06:07:03,2025-02-15 15:09:37,156
12566,2025-02-15,2025-02-15 06:07:39,2025-02-15 15:05:06,147
12567,2025-02-15,2025-02-15 06:10:30,2025-02-15 15:19:24,175
12568,2025-02-15,2025-02-15 06:11:57,2025-02-15 15:08:30,167
12569,2025-02-15,2025-02-15 06:12:01,2025-02-15 15:06:05,252
12571,2025-02-15,2025-02-15 06:17:05,2025-02-15 15:05:14,187
12576,2025-02-15,2025-02-15 07:35:49,2025-02-15 15:18:23,159
12580,2025-02-16,2025-02-16 05:42:30,2025-02-16 15:15:23,169
12581,2025-02-16,2025-02-16 05:50:29,2025-02-16 15:11:23,189
12584,2025-02-16,2025-02-16 05:56:54,2025-02-16 15:14:51,151
12585,2025-02-16,2025-02-16 05:57:21,2025-02-16 15:14:06,166
12586,2025-02-16,2025-02-16 05:57:25,2025-02-16 15:07:41,148
12587,2025-02-16,2025-02-16 05:57:29,2025-02-16 15:04:07,165
12588,2025-02-16,2025-02-16 05:58:10,,174
12589,2025-02-16,2025-02-16 05:59:44,,164
12590,2025-02-16,2025-02-16 05:59:48,2025-02-16 15:11:25,154
12591,2025-02-16,2025-02-16 06:00:56,2025-02-16 15:04:19,146
12592,2025-02-16,2025-02-16 06:00:58,2025-02-16 15:04:09,255
12593,2025-02-16,2025-02-16 06:01:02,2025-02-16 15:04:12,177
12594,2025-02-16,2025-02-16 06:01:08,2025-02-16 15:08:27,142
12595,2025-02-16,2025-02-16 06:01:27,2025-02-16 15:03:55,170
12596,2025-02-16,2025-02-16 06:02:22,2025-02-16 15:11:53,158
12597,2025-02-16,2025-02-16 06:02:26,2025-02-16 15:12:38,159
12598,2025-02-16,2025-02-16 06:03:13,2025-02-16 15:05:26,183
12600,2025-02-16,2025-02-16 06:05:36,2025-02-16 15:07:53,147
12601,2025-02-16,2025-02-16 06:07:12,,156
12602,2025-02-16,2025-02-16 06:09:16,2025-02-16 15:07:50,252
12603,2025-02-16,2025-02-16 06:09:48,2025-02-16 15:14:41,175
12605,2025-02-16,2025-02-16 06:15:02,2025-02-16 15:06:19,167
12606,2025-02-16,2025-02-16 06:24:14,2025-02-16 15:06:28,187
12607,2025-02-16,2025-02-16 06:42:49,2025-02-16 15:05:55,256
12609,2025-02-17,2025-02-17 05:42:31,2025-02-17 15:15:58,160
12612,2025-02-17,2025-02-17 05:45:08,2025-02-17 15:16:54,169
12615,2025-02-17,2025-02-17 05:55:59,2025-02-17 15:14:12,166
12616,2025-02-17,2025-02-17 05:56:13,2025-02-17 15:15:21,189
12617,2025-02-17,2025-02-17 05:59:09,2025-02-17 15:05:41,142
12618,2025-02-17,2025-02-17 05:59:14,2025-02-17 15:08:37,154
12620,2025-02-17,2025-02-17 06:01:02,2025-02-17 15:02:50,165
12621,2025-02-17,2025-02-17 06:01:05,2025-02-17 15:02:27,255
12622,2025-02-17,2025-02-17 06:01:08,2025-02-17 15:02:18,148
12623,2025-02-17,2025-02-17 06:02:12,,174
12624,2025-02-17,2025-02-17 06:02:34,2025-02-17 15:06:41,170
12625,2025-02-17,2025-02-17 06:03:07,2025-02-17 15:02:45,146
12626,2025-02-17,2025-02-17 06:03:16,2025-02-17 15:02:42,177
12628,2025-02-17,2025-02-17 06:05:06,2025-02-17 15:15:00,175
12629,2025-02-17,2025-02-17 06:05:09,2025-02-17 15:17:12,151
12632,2025-02-17,2025-02-17 06:06:14,2025-02-17 15:10:18,183
12633,2025-02-17,2025-02-17 06:07:42,,156
12634,2025-02-17,2025-02-17 06:09:28,,159
12635,2025-02-17,2025-02-17 06:09:40,2025-02-17 15:15:27,158
12636,2025-02-17,2025-02-17 06:11:14,2025-02-17 15:09:02,147
12637,2025-02-17,2025-02-17 06:11:19,2025-02-17 15:09:22,252
12638,2025-02-17,2025-02-17 06:24:27,2025-02-17 15:10:56,187
12641,2025-02-17,2025-02-17 06:24:37,2025-02-17 15:11:12,256
12645,2025-02-18,2025-02-18 05:46:53,2025-02-18 15:11:56,160
12646,2025-02-18,2025-02-18 05:47:22,2025-02-18 15:14:20,169
12647,2025-02-18,2025-02-18 05:48:34,2025-02-18 15:18:40,189
12650,2025-02-18,2025-02-18 05:53:52,2025-02-18 15:14:33,166
12651,2025-02-18,2025-02-18 05:56:19,2025-02-18 15:03:11,165
12652,2025-02-18,2025-02-18 05:57:04,2025-02-18 15:10:39,148
12653,2025-02-18,2025-02-18 06:00:58,2025-02-18 15:12:29,154
12654,2025-02-18,2025-02-18 06:01:41,2025-02-18 15:07:41,142
12656,2025-02-18,2025-02-18 06:02:59,2025-02-18 15:04:25,164
12657,2025-02-18,2025-02-18 06:03:02,2025-02-18 15:04:34,255
12658,2025-02-18,2025-02-18 06:03:28,2025-02-18 15:03:19,170
12659,2025-02-18,2025-02-18 06:03:37,2025-02-18 15:03:46,146
12660,2025-02-18,2025-02-18 06:03:40,2025-02-18 15:02:44,177
12661,2025-02-18,2025-02-18 06:03:58,2025-02-18 15:07:18,187
12665,2025-02-18,2025-02-18 06:04:16,2025-02-18 15:09:56,256
12667,2025-02-18,2025-02-18 06:04:26,2025-02-18 15:06:26,183
12668,2025-02-18,2025-02-18 06:05:15,2025-02-18 15:07:22,147
12671,2025-02-18,2025-02-18 06:07:12,2025-02-18 15:13:28,159
12672,2025-02-18,2025-02-18 06:07:24,2025-02-18 15:13:46,158
12674,2025-02-18,2025-02-18 06:09:55,2025-02-18 15:14:46,175
12675,2025-02-18,2025-02-18 06:11:15,,151
12676,2025-02-18,2025-02-18 06:12:45,2025-02-18 15:13:54,167
12677,2025-02-18,2025-02-18 06:20:31,2025-02-18 15:06:35,252
12679,2025-02-19,2025-02-19 05:39:11,2025-02-19 15:19:18,160
12680,2025-02-19,2025-02-19 05:42:57,2025-02-19 15:14:18,169
12682,2025-02-19,2025-02-19 05:49:20,2025-02-19 15:18:12,189
12684,2025-02-19,2025-02-19 05:50:34,2025-02-19 15:16:03,166
12686,2025-02-19,2025-02-19 05:59:55,2025-02-19 15:05:08,148
12687,2025-02-19,2025-02-19 06:00:15,2025-02-19 15:03:57,165
12688,2025-02-19,2025-02-19 06:01:08,2025-02-19 15:08:40,142
12689,2025-02-19,2025-02-19 06:01:52,2025-02-19 15:15:36,154
12690,2025-02-19,2025-02-19 06:01:54,2025-02-19 15:02:39,255
12691,2025-02-19,2025-02-19 06:01:58,,174
12692,2025-02-19,2025-02-19 06:02:02,2025-02-19 15:04:10,164
12693,2025-02-19,2025-02-19 06:02:05,2025-02-19 15:02:23,177
12694,2025-02-19,2025-02-19 06:02:08,2025-02-19 15:02:26,146
12695,2025-02-19,2025-02-19 06:02:44,2025-02-19 15:17:28,187
12699,2025-02-19,2025-02-19 06:03:02,2025-02-19 15:19:27,256
12702,2025-02-19,2025-02-19 06:03:41,2025-02-19 15:06:57,183
12703,2025-02-19,2025-02-19 06:03:51,,156
12704,2025-02-19,2025-02-19 06:04:11,2025-02-19 15:04:48,170
12706,2025-02-19,2025-02-19 06:04:21,2025-02-19 15:15:39,167
12708,2025-02-19,2025-02-19 06:07:18,2025-02-19 15:18:24,175
12709,2025-02-19,2025-02-19 06:07:22,2025-02-19 15:15:43,158
12710,2025-02-19,2025-02-19 06:07:27,2025-02-19 15:15:53,159
12711,2025-02-19,2025-02-19 06:10:22,2025-02-19 15:07:03,147
12712,2025-02-19,2025-02-19 06:10:26,2025-02-19 14:43:06,252
12716,2025-02-20,2025-02-20 05:44:08,2025-02-20 15:22:17,160
12718,2025-02-20,2025-02-20 05:48:17,,189
12720,2025-02-20,2025-02-20 05:55:36,,170
12721,2025-02-20,2025-02-20 05:57:36,2025-02-20 15:21:23,166
12722,2025-02-20,2025-02-20 05:57:42,2025-02-20 15:16:32,148
12723,2025-02-20,2025-02-20 05:57:49,2025-02-20 15:14:00,165
12724,2025-02-20,2025-02-20 05:58:04,2025-02-20 15:14:35,154
12725,2025-02-20,2025-02-20 05:58:41,2025-02-20 15:16:58,147
12726,2025-02-20,2025-02-20 05:58:52,,174
12727,2025-02-20,2025-02-20 05:59:32,2025-02-20 15:14:41,164
12728,2025-02-20,2025-02-20 05:59:37,2025-02-20 15:12:36,146
12729,2025-02-20,2025-02-20 05:59:40,2025-02-20 15:12:40,177
12730,2025-02-20,2025-02-20 06:00:18,2025-02-20 15:12:45,255
12731,2025-02-20,2025-02-20 06:01:10,2025-02-20 15:14:20,142
12732,2025-02-20,2025-02-20 06:02:20,,151
12733,2025-02-20,2025-02-20 06:02:28,2025-02-20 15:21:15,175
12734,2025-02-20,2025-02-20 06:03:05,2025-02-20 15:20:32,158
12735,2025-02-20,2025-02-20 06:03:55,2025-02-20 15:20:40,159
12736,2025-02-20,2025-02-20 06:04:06,2025-02-20 15:14:29,183
12738,2025-02-20,2025-02-20 06:04:29,2025-02-20 15:20:45,167
12739,2025-02-20,2025-02-20 06:05:12,2025-02-20 15:16:45,252
12742,2025-02-20,2025-02-20 06:06:16,2025-02-20 15:19:12,187
12748,2025-02-20,2025-02-20 06:06:49,2025-02-20 15:18:04,256
12749,2025-02-20,2025-02-20 06:06:57,,156
12750,2025-02-20,2025-02-20 06:43:09,2025-02-20 15:21:49,169
12751,2025-02-22,2025-02-22 05:44:35,2025-02-22 15:16:19,169
12752,2025-02-22,2025-02-22 05:44:56,2025-02-22 15:21:57,160
12755,2025-02-22,2025-02-22 05:47:21,2025-02-22 15:22:54,166
12756,2025-02-22,2025-02-22 05:49:05,2025-02-22 15:21:05,189
12759,2025-02-22,2025-02-22 05:56:39,2025-02-22 15:05:44,148
12760,2025-02-22,2025-02-22 05:59:14,2025-02-22 15:10:28,154
12761,2025-02-22,2025-02-22 06:01:33,2025-02-22 15:07:16,142
12762,2025-02-22,2025-02-22 06:02:50,2025-02-22 15:16:07,187
12766,2025-02-22,2025-02-22 06:03:24,2025-02-22 15:14:13,156
12769,2025-02-22,2025-02-22 06:03:54,2025-02-22 15:03:39,164
12770,2025-02-22,2025-02-22 06:03:58,2025-02-22 15:05:25,255
12771,2025-02-22,2025-02-22 06:04:02,,174
12772,2025-02-22,2025-02-22 06:04:21,2025-02-22 15:06:14,183
12774,2025-02-22,2025-02-22 06:04:36,2025-02-22 15:20:45,256
12776,2025-02-22,2025-02-22 06:05:01,2025-02-22 15:04:01,167
12778,2025-02-22,2025-02-22 06:07:31,2025-02-22 15:13:52,159
12779,2025-02-22,2025-02-22 06:07:46,2025-02-22 15:06:09,252
12780,2025-02-22,2025-02-22 06:07:50,2025-02-22 15:13:57,158
12781,2025-02-22,2025-02-22 06:08:53,2025-02-22 15:04:54,170
12782,2025-02-22,2025-02-22 06:12:26,2025-02-22 15:22:45,175
12783,2025-02-22,2025-02-22 06:15:30,2025-02-22 15:12:47,147
12785,2025-02-22,2025-02-22 15:19:25,,151
12788,2025-02-23,2025-02-23 05:40:04,2025-02-23 15:23:42,160
12789,2025-02-23,2025-02-23 05:47:23,2025-02-23 15:20:16,169
12790,2025-02-23,2025-02-23 05:49:55,2025-02-23 15:25:50,189
12792,2025-02-23,2025-02-23 05:50:34,2025-02-23 15:22:06,166
12794,2025-02-23,2025-02-23 05:58:25,2025-02-23 15:03:32,170
12796,2025-02-23,2025-02-23 05:58:38,2025-02-23 15:06:10,154
12797,2025-02-23,2025-02-23 06:01:50,,174
12798,2025-02-23,2025-02-23 06:02:42,2025-02-23 15:08:37,183
12799,2025-02-23,2025-02-23 06:02:53,,151
12800,2025-02-23,2025-02-23 06:02:58,2025-02-23 15:10:25,148
12801,2025-02-23,2025-02-23 06:03:02,2025-02-23 15:08:25,164
12802,2025-02-23,2025-02-23 06:03:06,2025-02-23 15:05:46,255
12803,2025-02-23,2025-02-23 06:03:20,2025-02-23 15:11:58,142
12804,2025-02-23,2025-02-23 06:03:30,2025-02-23 15:07:11,177
12806,2025-02-23,2025-02-23 06:05:19,2025-02-23 15:23:51,256
12807,2025-02-23,2025-02-23 06:05:24,2025-02-23 15:19:29,187
12813,2025-02-23,2025-02-23 06:06:58,2025-02-23 15:08:56,147
12816,2025-02-23,2025-02-23 06:07:48,2025-02-23 15:08:30,252
12817,2025-02-23,2025-02-23 06:08:38,2025-02-23 15:23:24,158
12818,2025-02-23,2025-02-23 06:08:44,2025-02-23 15:23:19,159
12819,2025-02-23,2025-02-23 06:15:02,,156
12820,2025-02-23,2025-02-23 06:23:18,2025-02-23 15:28:53,175
12821,2025-02-23,2025-02-23 15:06:27,,167
12823,2025-02-24,2025-02-24 05:47:23,2025-02-24 15:10:53,160
12825,2025-02-24,2025-02-24 05:47:34,2025-02-24 15:06:05,169
12826,2025-02-24,2025-02-24 05:48:05,2025-02-24 15:21:47,189
12829,2025-02-24,2025-02-24 05:53:17,2025-02-24 15:13:14,166
12830,2025-02-24,2025-02-24 05:56:58,2025-02-24 15:09:45,148
12831,2025-02-24,2025-02-24 05:57:03,2025-02-24 15:06:00,165
12832,2025-02-24,2025-02-24 05:57:09,,174
12833,2025-02-24,2025-02-24 05:58:41,2025-02-24 15:06:14,177
12834,2025-02-24,2025-02-24 05:59:02,2025-02-24 15:06:44,255
12835,2025-02-24,2025-02-24 05:59:06,2025-02-24 15:06:47,164
12836,2025-02-24,2025-02-24 05:59:14,2025-02-24 15:08:46,154
12837,2025-02-24,2025-02-24 06:02:07,2025-02-24 15:05:01,170
12841,2025-02-24,2025-02-24 06:04:16,2025-02-24 15:17:26,187
12845,2025-02-24,2025-02-24 06:04:42,2025-02-24 15:19:20,256
12846,2025-02-24,2025-02-24 06:04:59,2025-02-24 15:07:53,142
12847,2025-02-24,2025-02-24 06:08:27,2025-02-24 15:16:28,151
12848,2025-02-24,2025-02-24 06:09:06,2025-02-24 15:27:12,175
12849,2025-02-24,2025-02-24 06:09:21,2025-02-24 15:10:30,183
12850,2025-02-24,2025-02-24 06:11:43,2025-02-24 15:16:04,147
12851,2025-02-24,2025-02-24 06:13:37,2025-02-24 15:17:19,252
12853,2025-02-24,2025-02-24 06:14:11,2025-02-24 15:22:27,158
12854,2025-02-24,2025-02-24 06:14:16,2025-02-24 15:22:23,159
12858,2025-02-25,2025-02-25 05:45:49,2025-02-25 15:23:19,160
12859,2025-02-25,2025-02-25 05:46:16,2025-02-25 15:19:01,169
12860,2025-02-25,2025-02-25 05:49:00,2025-02-25 15:19:14,189
12862,2025-02-25,2025-02-25 05:56:30,2025-02-25 15:13:03,166
12865,2025-02-25,2025-02-25 05:59:47,2025-02-25 15:03:57,170
12866,2025-02-25,2025-02-25 06:00:27,2025-02-25 15:04:21,165
12867,2025-02-25,2025-02-25 06:01:16,2025-02-25 15:02:33,148
12868,2025-02-25,2025-02-25 06:01:42,2025-02-25 15:20:38,187
12870,2025-02-25,2025-02-25 06:02:16,2025-02-25 15:22:04,256
12872,2025-02-25,2025-02-25 06:03:04,2025-02-25 15:04:37,177
12873,2025-02-25,2025-02-25 06:03:09,2025-02-25 15:02:29,164
12874,2025-02-25,2025-02-25 06:03:15,2025-02-25 15:02:41,154
12875,2025-02-25,2025-02-25 06:03:19,,174
12876,2025-02-25,2025-02-25 06:03:53,2025-02-25 15:02:49,156
12877,2025-02-25,2025-02-25 06:05:25,2025-02-25 15:04:27,142
12878,2025-02-25,2025-02-25 06:05:47,2025-02-25 15:05:20,183
12880,2025-02-25,2025-02-25 06:08:57,,252
12882,2025-02-25,2025-02-25 06:15:11,2025-02-25 15:19:37,175
12883,2025-02-25,2025-02-25 06:15:17,2025-02-25 15:15:25,147
12884,2025-02-25,2025-02-25 06:17:05,2025-02-25 15:12:29,158
12885,2025-02-25,2025-02-25 06:17:11,2025-02-25 15:12:00,159
12889,2025-02-26,2025-02-26 05:45:48,2025-02-26 15:23:02,160
12890,2025-02-26,2025-02-26 05:48:10,2025-02-26 15:17:40,189
12892,2025-02-26,2025-02-26 05:49:52,2025-02-26 15:14:01,167
12893,2025-02-26,2025-02-26 05:57:54,2025-02-26 15:16:48,166
12894,2025-02-26,2025-02-26 05:59:54,2025-02-26 15:13:58,154
12895,2025-02-26,2025-02-26 06:00:10,2025-02-26 15:05:26,165
12896,2025-02-26,2025-02-26 06:00:32,2025-02-26 15:05:05,148
12897,2025-02-26,2025-02-26 06:01:27,,151
12898,2025-02-26,2025-02-26 06:02:56,2025-02-26 15:05:52,170
12899,2025-02-26,2025-02-26 06:03:01,2025-02-26 15:06:12,164
12900,2025-02-26,2025-02-26 06:03:04,2025-02-26 15:05:34,255
12901,2025-02-26,2025-02-26 06:03:08,2025-02-26 15:05:29,177
12902,2025-02-26,2025-02-26 06:03:12,,174
12904,2025-02-26,2025-02-26 06:05:02,2025-02-26 15:06:24,142
12905,2025-02-26,2025-02-26 06:06:57,2025-02-26 15:09:01,183
12906,2025-02-26,2025-02-26 06:07:10,2025-02-26 15:18:02,187
12910,2025-02-26,2025-02-26 06:07:46,2025-02-26 15:18:15,256
12913,2025-02-26,2025-02-26 06:09:37,2025-02-26 15:11:49,159
12914,2025-02-26,2025-02-26 06:13:00,2025-02-26 15:17:09,156
12915,2025-02-26,2025-02-26 06:20:25,2025-02-26 15:11:07,147
12916,2025-02-26,2025-02-26 06:24:11,2025-02-26 15:19:35,169
12917,2025-02-26,2025-02-26 06:25:52,2025-02-26 15:07:51,252
12918,2025-02-26,2025-02-26 06:26:07,2025-02-26 15:22:54,175
12921,2025-02-27,2025-02-27 05:40:45,2025-02-27 15:50:04,169
12922,2025-02-27,2025-02-27 05:42:04,2025-02-27 15:49:58,160
12924,2025-02-27,2025-02-27 05:50:11,2025-02-27 15:29:38,189
12926,2025-02-27,2025-02-27 05:59:27,2025-02-27 15:20:39,170
12927,2025-02-27,2025-02-27 05:59:53,2025-02-27 15:16:19,165
12928,2025-02-27,2025-02-27 06:00:34,2025-02-27 15:15:13,148
12929,2025-02-27,2025-02-27 06:02:50,2025-02-27 15:26:44,142
12932,2025-02-27,2025-02-27 06:04:51,2025-02-27 15:24:14,147
12933,2025-02-27,2025-02-27 06:04:54,2025-02-27 15:23:45,164
12934,2025-02-27,2025-02-27 06:04:57,,174
12935,2025-02-27,2025-02-27 06:05:01,2025-02-27 15:06:32,255
12936,2025-02-27,2025-02-27 06:05:05,2025-02-27 15:22:30,177
12937,2025-02-27,2025-02-27 06:05:10,2025-02-27 15:29:19,154
12939,2025-02-27,2025-02-27 06:07:17,,252
12940,2025-02-27,2025-02-27 06:07:21,,151
12941,2025-02-27,2025-02-27 06:07:26,2025-02-27 15:15:25,183
12944,2025-02-27,2025-02-27 06:09:22,2025-02-27 15:23:51,187
12948,2025-02-27,2025-02-27 06:09:46,2025-02-27 15:24:01,256
12949,2025-02-27,2025-02-27 06:16:10,,156
12950,2025-02-27,2025-02-27 06:17:50,2025-02-27 15:48:30,159
12951,2025-02-27,2025-02-27 06:18:04,2025-02-27 15:29:53,158
12952,2025-02-27,2025-02-27 06:40:56,2025-02-27 15:51:32,175
12953,2025-02-27,2025-02-27 06:59:38,2025-02-27 15:32:39,166
12954,2025-03-01,2025-03-01 05:47:42,2025-03-01 14:33:21,169
12956,2025-03-01,2025-03-01 05:51:38,2025-03-01 14:36:57,160
12957,2025-03-01,2025-03-01 05:55:40,2025-03-01 14:32:05,142
12960,2025-03-01,2025-03-01 05:58:20,2025-03-01 14:01:27,159
12961,2025-03-01,2025-03-01 05:58:26,2025-03-01 14:01:36,158
12962,2025-03-01,2025-03-01 05:59:20,2025-03-01 14:35:02,189
12964,2025-03-01,2025-03-01 05:59:47,2025-03-01 14:30:37,183
12965,2025-03-01,2025-03-01 06:00:30,2025-03-01 14:31:14,165
12966,2025-03-01,2025-03-01 06:01:58,,151
12967,2025-03-01,2025-03-01 06:02:12,2025-03-01 14:33:16,148
12968,2025-03-01,2025-03-01 06:02:44,2025-03-01 14:36:03,166
12970,2025-03-01,2025-03-01 06:04:27,2025-03-01 14:34:07,177
12971,2025-03-01,2025-03-01 06:04:39,2025-03-01 14:33:04,164
12974,2025-03-01,2025-03-01 06:04:54,2025-03-01 14:33:00,255
12975,2025-03-01,2025-03-01 06:05:10,,174
12976,2025-03-01,2025-03-01 06:05:40,2025-03-01 14:33:38,167
12977,2025-03-01,2025-03-01 06:05:46,2025-03-01 14:31:54,252
12978,2025-03-01,2025-03-01 06:07:32,2025-03-01 14:31:46,170
12979,2025-03-01,2025-03-01 06:08:19,2025-03-01 14:32:11,147
12980,2025-03-01,2025-03-01 06:09:42,2025-03-01 14:37:24,175
12981,2025-03-01,2025-03-01 06:12:08,,156
12982,2025-03-01,2025-03-01 06:17:45,2025-03-01 14:32:56,187
12988,2025-03-01,2025-03-01 06:18:24,2025-03-01 14:32:41,256
12989,2025-03-01,2025-03-01 06:38:18,2025-03-01 14:33:30,154
12991,2025-03-02,2025-03-02 05:44:40,2025-03-02 14:08:52,169
12993,2025-03-02,2025-03-02 05:52:46,,151
12994,2025-03-02,2025-03-02 05:54:55,2025-03-02 14:07:53,166
12995,2025-03-02,2025-03-02 05:55:00,,148
12996,2025-03-02,2025-03-02 05:55:05,2025-03-02 14:01:18,165
12997,2025-03-02,2025-03-02 05:56:01,2025-03-02 14:02:04,183
12998,2025-03-02,2025-03-02 05:57:28,2025-03-02 14:01:04,170
12999,2025-03-02,2025-03-02 05:59:16,2025-03-02 14:05:52,189
13001,2025-03-02,2025-03-02 05:59:28,2025-03-02 14:03:40,142
13002,2025-03-02,2025-03-02 05:59:37,2025-03-02 10:01:26,164
13003,2025-03-02,2025-03-02 05:59:40,2025-03-02 14:03:08,177
13004,2025-03-02,2025-03-02 05:59:43,2025-03-02 14:03:02,255
13005,2025-03-02,2025-03-02 05:59:46,,174
13006,2025-03-02,2025-03-02 06:03:30,2025-03-02 14:07:18,175
13008,2025-03-02,2025-03-02 06:05:34,2025-03-02 14:06:13,167
13009,2025-03-02,2025-03-02 06:05:36,2025-03-02 14:06:36,154
13010,2025-03-02,2025-03-02 06:05:39,2025-03-02 14:03:05,252
13012,2025-03-02,2025-03-02 06:06:32,2025-03-02 14:03:24,187
13014,2025-03-02,2025-03-02 06:06:40,2025-03-02 14:03:57,256
13017,2025-03-02,2025-03-02 06:07:14,,158
13018,2025-03-02,2025-03-02 06:07:22,2025-03-02 14:02:11,159
13020,2025-03-02,2025-03-02 06:09:06,2025-03-02 14:02:59,147
13021,2025-03-02,2025-03-02 06:18:23,2025-03-02 14:07:39,160
13023,2025-03-03,2025-03-03 05:40:19,2025-03-03 14:09:58,160
13025,2025-03-03,2025-03-03 05:41:22,2025-03-03 14:08:09,169
13027,2025-03-03,2025-03-03 05:56:46,2025-03-03 14:02:39,165
13028,2025-03-03,2025-03-03 05:57:04,2025-03-03 14:02:27,183
13029,2025-03-03,2025-03-03 05:58:12,2025-03-03 14:05:07,148
13031,2025-03-03,2025-03-03 06:00:52,2025-03-03 14:05:45,151
13032,2025-03-03,2025-03-03 06:01:49,2025-03-03 14:02:09,170
13033,2025-03-03,2025-03-03 06:02:49,2025-03-03 14:10:10,166
13034,2025-03-03,2025-03-03 06:02:55,2025-03-03 14:06:18,154
13035,2025-03-03,2025-03-03 06:03:14,2025-03-03 14:10:37,175
13036,2025-03-03,2025-03-03 06:03:28,2025-03-03 14:03:09,142
13039,2025-03-03,2025-03-03 06:04:08,2025-03-03 14:02:32,187
13040,2025-03-03,2025-03-03 06:04:23,2025-03-03 14:04:02,256
13041,2025-03-03,2025-03-03 06:05:20,2025-03-03 14:03:15,255
13042,2025-03-03,2025-03-03 06:05:23,,174
13043,2025-03-03,2025-03-03 06:05:27,2025-03-03 14:03:41,177
13044,2025-03-03,2025-03-03 06:05:51,2025-03-03 14:02:42,164
13046,2025-03-03,2025-03-03 06:08:19,2025-03-03 14:03:37,252
13048,2025-03-03,2025-03-03 06:08:40,2025-03-03 14:07:37,189
13050,2025-03-03,2025-03-03 06:13:14,2025-03-03 14:04:20,156
13051,2025-03-03,2025-03-03 06:16:45,2025-03-03 14:05:36,159
13052,2025-03-03,2025-03-03 06:17:28,2025-03-03 14:06:11,147
13053,2025-03-03,2025-03-03 06:19:03,,158
13054,2025-03-03,2025-03-03 06:20:00,2025-03-03 14:06:21,167
13057,2025-03-04,2025-03-04 05:46:20,2025-03-04 14:14:16,169
13058,2025-03-04,2025-03-04 05:46:46,2025-03-04 14:13:34,160
13059,2025-03-04,2025-03-04 05:50:59,2025-03-04 14:12:38,189
13061,2025-03-04,2025-03-04 05:57:17,2025-03-04 14:09:49,166
13062,2025-03-04,2025-03-04 06:00:25,2025-03-04 14:05:47,165
13063,2025-03-04,2025-03-04 06:00:38,2025-03-04 14:10:50,148
13064,2025-03-04,2025-03-04 06:00:42,,174
13065,2025-03-04,2025-03-04 06:01:02,2025-03-04 14:03:14,142
13067,2025-03-04,2025-03-04 06:01:32,2025-03-04 14:02:39,170
13068,2025-03-04,2025-03-04 06:01:36,2025-03-04 14:03:05,183
13069,2025-03-04,2025-03-04 06:01:52,2025-03-04 14:03:34,154
13070,2025-03-04,2025-03-04 06:03:53,,156
13071,2025-03-04,2025-03-04 06:04:14,2025-03-04 14:10:58,147
13073,2025-03-04,2025-03-04 06:04:24,2025-03-04 14:10:19,252
13074,2025-03-04,2025-03-04 06:04:28,2025-03-04 14:03:38,177
13075,2025-03-04,2025-03-04 06:04:34,2025-03-04 14:03:42,164
13076,2025-03-04,2025-03-04 06:04:37,2025-03-04 14:03:40,255
13078,2025-03-04,2025-03-04 06:05:00,2025-03-04 14:04:16,187
13081,2025-03-04,2025-03-04 06:05:45,2025-03-04 14:06:13,256
13082,2025-03-04,2025-03-04 06:08:56,2025-03-04 14:03:09,159
13083,2025-03-04,2025-03-04 06:10:23,2025-03-04 14:11:52,151
13084,2025-03-04,2025-03-04 06:13:27,,158
13085,2025-03-04,2025-03-04 06:18:16,2025-03-04 14:14:32,175
13087,2025-03-05,2025-03-05 05:44:52,2025-03-05 14:08:00,166
13090,2025-03-05,2025-03-05 05:58:41,2025-03-05 14:02:59,183
13091,2025-03-05,2025-03-05 05:59:39,2025-03-05 14:13:16,189
13093,2025-03-05,2025-03-05 06:01:34,2025-03-05 14:03:21,142
13094,2025-03-05,2025-03-05 06:02:24,2025-03-05 14:04:39,154
13095,2025-03-05,2025-03-05 06:03:24,2025-03-05 14:10:19,175
13096,2025-03-05,2025-03-05 06:04:01,,158
13097,2025-03-05,2025-03-05 06:04:06,2025-03-05 14:06:17,159
13098,2025-03-05,2025-03-05 06:04:15,2025-03-05 14:08:39,170
13099,2025-03-05,2025-03-05 06:05:40,2025-03-05 14:14:43,148
13100,2025-03-05,2025-03-05 06:07:06,2025-03-05 14:13:43,151
13101,2025-03-05,2025-03-05 06:07:32,2025-03-05 14:06:04,165
13102,2025-03-05,2025-03-05 06:09:40,2025-03-05 14:07:22,156
13103,2025-03-05,2025-03-05 06:09:46,2025-03-05 14:09:23,147
13104,2025-03-05,2025-03-05 06:10:09,2025-03-05 14:13:02,252
13106,2025-03-05,2025-03-05 06:11:09,2025-03-05 14:04:05,164
13108,2025-03-05,2025-03-05 06:11:41,2025-03-05 14:03:26,187
13109,2025-03-05,2025-03-05 06:11:47,2025-03-05 14:04:22,256
13110,2025-03-05,2025-03-05 06:11:56,2025-03-05 14:03:44,177
13112,2025-03-05,2025-03-05 06:12:07,2025-03-05 14:04:25,255
13113,2025-03-05,2025-03-05 06:12:12,,174
13115,2025-03-05,2025-03-05 06:19:11,2025-03-05 14:05:08,160
13116,2025-03-05,2025-03-05 07:03:10,2025-03-05 14:08:54,169
13117,2025-03-05,2025-03-05 14:04:42,,167
13119,2025-03-06,2025-03-06 05:42:43,2025-03-06 14:19:17,169
13121,2025-03-06,2025-03-06 05:49:04,2025-03-06 14:24:24,160
13122,2025-03-06,2025-03-06 05:50:03,2025-03-06 14:10:13,165
13123,2025-03-06,2025-03-06 05:50:08,2025-03-06 14:24:15,148
13125,2025-03-06,2025-03-06 05:57:50,2025-03-06 14:18:25,189
13127,2025-03-06,2025-03-06 06:00:38,2025-03-06 14:17:42,151
13128,2025-03-06,2025-03-06 06:00:52,2025-03-06 14:22:50,166
13129,2025-03-06,2025-03-06 06:00:57,2025-03-06 14:08:48,142
13130,2025-03-06,2025-03-06 06:02:38,,177
13131,2025-03-06,2025-03-06 06:03:10,2025-03-06 14:08:12,170
13134,2025-03-06,2025-03-06 06:03:45,2025-03-06 14:08:33,183
13135,2025-03-06,2025-03-06 06:03:50,2025-03-06 14:14:16,252
13137,2025-03-06,2025-03-06 06:04:01,2025-03-06 14:17:12,256
13139,2025-03-06,2025-03-06 06:04:13,2025-03-06 14:11:27,164
13140,2025-03-06,2025-03-06 06:04:16,,174
13141,2025-03-06,2025-03-06 06:04:19,2025-03-06 14:23:54,255
13142,2025-03-06,2025-03-06 06:07:43,,158
13143,2025-03-06,2025-03-06 06:07:54,,159
13144,2025-03-06,2025-03-06 06:08:16,2025-03-06 14:15:09,154
13145,2025-03-06,2025-03-06 06:08:18,,167
13146,2025-03-06,2025-03-06 06:10:06,2025-03-06 14:14:29,147
13147,2025-03-06,2025-03-06 06:11:59,2025-03-06 14:23:02,175
13148,2025-03-06,2025-03-06 06:13:22,,156
13149,2025-03-06,2025-03-06 06:22:29,2025-03-06 14:13:56,187
13151,2025-03-08,2025-03-08 05:43:58,2025-03-08 14:18:23,169
13153,2025-03-08,2025-03-08 05:55:46,2025-03-08 14:13:04,166
13154,2025-03-08,2025-03-08 05:56:18,2025-03-08 14:08:47,189
13156,2025-03-08,2025-03-08 05:56:27,2025-03-08 14:03:14,148
13157,2025-03-08,2025-03-08 05:56:35,2025-03-08 14:02:33,165
13158,2025-03-08,2025-03-08 05:58:13,2025-03-08 14:06:17,147
13159,2025-03-08,2025-03-08 05:58:19,2025-03-08 14:04:52,142
13160,2025-03-08,2025-03-08 06:01:10,,174
13161,2025-03-08,2025-03-08 06:01:29,2025-03-08 14:04:59,183
13162,2025-03-08,2025-03-08 06:01:51,2025-03-08 14:05:27,164
13163,2025-03-08,2025-03-08 06:01:56,2025-03-08 14:05:06,177
13164,2025-03-08,2025-03-08 06:02:00,2025-03-08 14:06:29,255
13165,2025-03-08,2025-03-08 06:03:00,2025-03-08 14:04:25,170
13167,2025-03-08,2025-03-08 06:04:05,2025-03-08 14:07:54,154
13168,2025-03-08,2025-03-08 06:04:46,2025-03-08 14:13:18,160
13169,2025-03-08,2025-03-08 06:07:37,2025-03-08 14:04:14,167
13172,2025-03-08,2025-03-08 06:09:13,2025-03-08 14:05:29,187
13176,2025-03-08,2025-03-08 06:09:47,2025-03-08 14:05:49,256
13177,2025-03-08,2025-03-08 06:10:18,2025-03-08 14:06:10,252
13178,2025-03-08,2025-03-08 06:13:34,2025-03-08 14:18:03,175
13180,2025-03-08,2025-03-08 06:35:51,2025-03-08 14:18:18,159
13181,2025-03-08,2025-03-08 14:04:19,,156
13183,2025-03-09,2025-03-09 05:52:33,2025-03-09 14:13:51,166
13184,2025-03-09,2025-03-09 05:53:04,2025-03-09 14:05:38,156
13186,2025-03-09,2025-03-09 05:55:02,2025-03-09 14:10:57,169
13188,2025-03-09,2025-03-09 05:57:01,2025-03-09 14:11:08,189
13191,2025-03-09,2025-03-09 05:58:00,2025-03-09 14:06:29,183
13192,2025-03-09,2025-03-09 06:01:10,2025-03-09 14:03:53,148
13193,2025-03-09,2025-03-09 06:01:43,2025-03-09 14:06:58,142
13194,2025-03-09,2025-03-09 06:02:10,2025-03-09 14:03:58,165
13195,2025-03-09,2025-03-09 06:02:13,2025-03-09 14:07:21,154
13198,2025-03-09,2025-03-09 06:03:25,2025-03-09 14:14:24,151
13199,2025-03-09,2025-03-09 06:04:31,2025-03-09 14:08:27,159
13200,2025-03-09,2025-03-09 06:04:37,2025-03-09 14:04:05,170
13201,2025-03-09,2025-03-09 06:05:01,2025-03-09 14:13:19,160
13202,2025-03-09,2025-03-09 06:05:05,2025-03-09 14:07:08,252
13204,2025-03-09,2025-03-09 06:06:46,2025-03-09 14:06:14,187
13205,2025-03-09,2025-03-09 06:07:08,2025-03-09 14:06:12,256
13206,2025-03-09,2025-03-09 06:08:09,,174
13207,2025-03-09,2025-03-09 06:08:14,2025-03-09 14:02:44,164
13208,2025-03-09,2025-03-09 06:08:17,2025-03-09 14:12:34,255
13209,2025-03-09,2025-03-09 06:08:23,2025-03-09 14:07:12,147
13210,2025-03-09,2025-03-09 06:10:29,2025-03-09 14:15:58,175
13211,2025-03-10,2025-03-10 05:43:20,2025-03-10 14:10:07,169
13215,2025-03-10,2025-03-10 05:57:05,2025-03-10 14:01:13,148
13216,2025-03-10,2025-03-10 05:57:17,2025-03-10 14:12:53,189
13218,2025-03-10,2025-03-10 05:57:57,2025-03-10 14:03:34,165
13219,2025-03-10,2025-03-10 05:59:32,2025-03-10 14:04:20,170
13220,2025-03-10,2025-03-10 05:59:35,2025-03-10 14:04:49,164
13221,2025-03-10,2025-03-10 05:59:39,2025-03-10 14:08:40,255
13222,2025-03-10,2025-03-10 05:59:42,,174
13223,2025-03-10,2025-03-10 05:59:48,2025-03-10 14:08:43,177
13224,2025-03-10,2025-03-10 06:01:21,,159
13225,2025-03-10,2025-03-10 06:02:21,2025-03-10 14:05:37,183
13226,2025-03-10,2025-03-10 06:02:25,2025-03-10 14:11:08,154
13228,2025-03-10,2025-03-10 06:03:44,2025-03-10 14:04:26,142
13229,2025-03-10,2025-03-10 06:03:47,2025-03-10 14:04:58,187
13231,2025-03-10,2025-03-10 06:04:29,2025-03-10 14:05:11,256
13232,2025-03-10,2025-03-10 06:05:16,2025-03-10 14:16:30,166
13234,2025-03-10,2025-03-10 06:07:41,2025-03-10 14:01:05,252
13236,2025-03-10,2025-03-10 06:08:05,2025-03-10 14:03:25,167
13237,2025-03-10,2025-03-10 06:10:08,2025-03-10 14:14:13,175
13238,2025-03-10,2025-03-10 06:11:20,,156
13239,2025-03-10,2025-03-10 06:15:08,2025-03-10 14:09:20,147
13240,2025-03-10,2025-03-10 06:16:43,2025-03-10 14:13:58,160
13241,2025-03-10,2025-03-10 07:00:41,,151
13242,2025-03-11,2025-03-11 05:50:32,2025-03-11 14:07:12,151
13244,2025-03-11,2025-03-11 05:51:06,2025-03-11 14:13:55,160
13245,2025-03-11,2025-03-11 05:54:41,2025-03-11 14:10:16,147
13246,2025-03-11,2025-03-11 05:54:55,2025-03-11 14:11:15,169
13247,2025-03-11,2025-03-11 05:55:48,2025-03-11 14:16:08,166
13248,2025-03-11,2025-03-11 05:59:05,2025-03-11 14:11:39,189
13250,2025-03-11,2025-03-11 05:59:43,2025-03-11 14:01:40,148
13251,2025-03-11,2025-03-11 05:59:50,2025-03-11 14:05:41,165
13252,2025-03-11,2025-03-11 06:01:29,2025-03-11 14:08:43,142
13253,2025-03-11,2025-03-11 06:02:11,2025-03-11 14:06:28,156
13254,2025-03-11,2025-03-11 06:02:14,2025-03-11 14:06:18,154
13255,2025-03-11,2025-03-11 06:02:20,,174
13256,2025-03-11,2025-03-11 06:03:29,2025-03-11 14:05:05,183
13258,2025-03-11,2025-03-11 06:03:36,2025-03-11 14:04:24,255
13259,2025-03-11,2025-03-11 06:03:42,2025-03-11 14:05:36,164
13260,2025-03-11,2025-03-11 06:03:45,2025-03-11 14:04:19,177
13262,2025-03-11,2025-03-11 06:04:14,2025-03-11 14:06:04,170
13263,2025-03-11,2025-03-11 06:06:19,2025-03-11 14:07:24,159
13266,2025-03-11,2025-03-11 06:09:04,2025-03-11 14:02:16,187
13268,2025-03-11,2025-03-11 06:09:12,2025-03-11 14:03:35,256
13271,2025-03-11,2025-03-11 06:16:09,2025-03-11 14:13:30,175
13272,2025-03-11,2025-03-11 06:18:40,2025-03-11 14:11:30,252
13275,2025-03-12,2025-03-12 05:45:24,2025-03-12 14:07:59,169
13277,2025-03-12,2025-03-12 05:46:01,2025-03-12 14:13:45,160
13279,2025-03-12,2025-03-12 05:55:03,2025-03-12 14:16:05,166
13280,2025-03-12,2025-03-12 05:57:05,2025-03-12 14:12:56,189
13282,2025-03-12,2025-03-12 05:57:14,2025-03-12 14:03:07,165
13283,2025-03-12,2025-03-12 05:57:17,,174
13284,2025-03-12,2025-03-12 05:57:26,2025-03-12 14:09:26,148
13286,2025-03-12,2025-03-12 06:01:16,2025-03-12 14:09:39,147
13287,2025-03-12,2025-03-12 06:01:20,2025-03-12 14:04:42,142
13288,2025-03-12,2025-03-12 06:01:49,2025-03-12 14:08:59,177
13289,2025-03-12,2025-03-12 06:01:52,2025-03-12 14:09:03,255
13290,2025-03-12,2025-03-12 06:01:56,2025-03-12 14:04:17,164
13291,2025-03-12,2025-03-12 06:02:01,2025-03-12 14:05:17,156
13292,2025-03-12,2025-03-12 06:02:21,2025-03-12 14:05:55,183
13293,2025-03-12,2025-03-12 06:02:37,2025-03-12 14:09:46,252
13296,2025-03-12,2025-03-12 06:03:15,2025-03-12 14:02:33,187
13297,2025-03-12,2025-03-12 06:03:23,2025-03-12 14:05:32,256
13300,2025-03-12,2025-03-12 06:06:45,2025-03-12 14:05:52,159
13301,2025-03-12,2025-03-12 06:06:54,2025-03-12 14:03:13,170
13302,2025-03-12,2025-03-12 06:07:25,,151
13303,2025-03-12,2025-03-12 06:07:55,2025-03-12 14:06:12,154
13304,2025-03-12,2025-03-12 06:08:09,2025-03-12 14:06:15,167
13305,2025-03-12,2025-03-12 06:11:01,2025-03-12 14:13:26,175
13309,2025-03-13,2025-03-13 05:54:01,2025-03-13 14:13:12,160
13310,2025-03-13,2025-03-13 05:55:37,2025-03-13 14:10:13,148
13311,2025-03-13,2025-03-13 05:56:27,2025-03-13 14:08:18,165
13312,2025-03-13,2025-03-13 05:57:45,2025-03-13 14:18:09,189
13313,2025-03-13,2025-03-13 05:57:50,,174
13315,2025-03-13,2025-03-13 05:58:56,2025-03-13 14:08:51,183
13316,2025-03-13,2025-03-13 06:01:19,2025-03-13 14:11:05,177
13317,2025-03-13,2025-03-13 06:01:21,2025-03-13 14:11:02,255
13318,2025-03-13,2025-03-13 06:01:23,2025-03-13 14:09:10,164
13319,2025-03-13,2025-03-13 06:01:29,2025-03-13 14:08:55,154
13320,2025-03-13,2025-03-13 06:02:06,2025-03-13 14:12:46,147
13321,2025-03-13,2025-03-13 06:02:24,2025-03-13 14:20:57,175
13322,2025-03-13,2025-03-13 06:02:29,,169
13323,2025-03-13,2025-03-13 06:03:13,2025-03-13 14:11:59,159
13325,2025-03-13,2025-03-13 06:06:08,2025-03-13 14:09:03,167
13326,2025-03-13,2025-03-13 06:06:11,,151
13327,2025-03-13,2025-03-13 06:06:20,2025-03-13 14:08:39,156
13329,2025-03-13,2025-03-13 06:07:08,2025-03-13 14:13:02,252
13330,2025-03-13,2025-03-13 06:07:36,2025-03-13 14:07:42,142
13332,2025-03-13,2025-03-13 06:11:50,2025-03-13 14:11:17,256
13335,2025-03-13,2025-03-13 06:12:41,2025-03-13 14:12:02,187
13336,2025-03-13,2025-03-13 06:44:07,2025-03-13 14:08:28,170
13337,2025-03-13,2025-03-13 08:11:12,2025-03-13 14:18:34,166
13338,2025-03-15,2025-03-15 05:54:30,2025-03-15 14:08:49,166
13340,2025-03-15,2025-03-15 05:54:41,2025-03-15 14:13:07,160
13342,2025-03-15,2025-03-15 05:55:46,2025-03-15 14:13:44,189
13344,2025-03-15,2025-03-15 05:56:02,2025-03-15 14:10:17,169
13347,2025-03-15,2025-03-15 05:58:46,2025-03-15 14:04:01,170
13348,2025-03-15,2025-03-15 05:58:52,2025-03-15 14:02:47,156
13349,2025-03-15,2025-03-15 05:58:59,2025-03-15 14:03:52,148
13350,2025-03-15,2025-03-15 06:00:06,2025-03-15 14:01:49,165
13351,2025-03-15,2025-03-15 06:00:35,2025-03-15 14:03:44,167
13352,2025-03-15,2025-03-15 06:00:38,2025-03-15 14:08:16,154
13353,2025-03-15,2025-03-15 06:00:51,2025-03-15 14:04:13,142
13355,2025-03-15,2025-03-15 06:01:29,2025-03-15 14:06:03,187
13356,2025-03-15,2025-03-15 06:01:34,2025-03-15 14:11:12,252
13357,2025-03-15,2025-03-15 06:01:38,2025-03-15 14:04:20,256
13362,2025-03-15,2025-03-15 06:04:46,2025-03-15 14:03:38,183
13363,2025-03-15,2025-03-15 06:05:22,2025-03-15 14:05:53,177
13364,2025-03-15,2025-03-15 06:05:26,2025-03-15 14:05:44,255
13365,2025-03-15,2025-03-15 06:06:01,2025-03-15 14:15:23,175
13366,2025-03-15,2025-03-15 06:06:36,,158
13367,2025-03-15,2025-03-15 06:06:41,2025-03-15 14:05:00,159
13368,2025-03-15,2025-03-15 06:20:47,2025-03-15 14:13:11,151
13370,2025-03-16,2025-03-16 05:46:35,2025-03-16 14:08:32,169
13372,2025-03-16,2025-03-16 05:53:00,2025-03-16 14:07:28,160
13373,2025-03-16,2025-03-16 05:58:00,2025-03-16 14:14:41,189
13375,2025-03-16,2025-03-16 05:58:15,2025-03-16 14:04:44,156
13377,2025-03-16,2025-03-16 06:01:03,2025-03-16 14:07:11,154
13378,2025-03-16,2025-03-16 06:01:58,2025-03-16 14:02:58,183
13379,2025-03-16,2025-03-16 06:02:04,,151
13380,2025-03-16,2025-03-16 06:02:36,2025-03-16 14:03:09,142
13381,2025-03-16,2025-03-16 06:03:07,2025-03-16 14:05:04,170
13382,2025-03-16,2025-03-16 06:06:00,2025-03-16 14:03:45,148
13383,2025-03-16,2025-03-16 06:06:07,,174
13385,2025-03-16,2025-03-16 06:07:27,2025-03-16 14:05:14,159
13386,2025-03-16,2025-03-16 06:07:39,2025-03-16 14:10:02,252
13389,2025-03-16,2025-03-16 06:08:26,2025-03-16 14:20:14,175
13390,2025-03-16,2025-03-16 06:08:35,2025-03-16 14:05:25,187
13391,2025-03-16,2025-03-16 06:11:04,2025-03-16 14:09:49,256
13392,2025-03-16,2025-03-16 06:11:09,,158
13393,2025-03-16,2025-03-16 06:11:14,2025-03-16 14:15:54,177
13394,2025-03-16,2025-03-16 06:11:17,2025-03-16 14:03:58,255
13395,2025-03-16,2025-03-16 06:12:18,2025-03-16 14:03:49,164
13396,2025-03-16,2025-03-16 06:13:58,2025-03-16 14:10:50,147
13397,2025-03-16,2025-03-16 06:15:50,2025-03-16 14:04:54,165
13399,2025-03-16,2025-03-16 08:20:48,2025-03-16 14:08:25,166
13400,2025-03-17,2025-03-17 05:44:27,2025-03-17 14:07:48,169
13404,2025-03-17,2025-03-17 05:57:11,2025-03-17 14:17:55,189
13406,2025-03-17,2025-03-17 05:57:51,2025-03-17 14:06:01,148
13407,2025-03-17,2025-03-17 05:57:56,2025-03-17 14:05:42,165
13408,2025-03-17,2025-03-17 05:58:01,,174
13409,2025-03-17,2025-03-17 05:58:11,2025-03-17 14:10:56,166
13410,2025-03-17,2025-03-17 05:58:27,2025-03-17 14:04:31,183
13411,2025-03-17,2025-03-17 05:58:45,2025-03-17 14:13:10,147
13412,2025-03-17,2025-03-17 05:58:48,2025-03-17 14:04:38,164
13413,2025-03-17,2025-03-17 05:58:51,2025-03-17 14:06:33,255
13414,2025-03-17,2025-03-17 05:58:54,2025-03-17 14:10:20,177
13415,2025-03-17,2025-03-17 05:59:06,2025-03-17 14:15:43,160
13416,2025-03-17,2025-03-17 06:01:30,2025-03-17 14:07:54,154
13417,2025-03-17,2025-03-17 06:01:48,2025-03-17 14:05:19,170
13419,2025-03-17,2025-03-17 06:02:34,2025-03-17 14:05:46,142
13422,2025-03-17,2025-03-17 06:08:19,,252
13423,2025-03-17,2025-03-17 06:08:48,2025-03-17 14:03:59,156
13424,2025-03-17,2025-03-17 06:09:14,,158
13425,2025-03-17,2025-03-17 06:09:22,2025-03-17 14:13:44,159
13426,2025-03-17,2025-03-17 06:09:28,,151
13429,2025-03-17,2025-03-17 06:12:53,2025-03-17 14:05:13,167
13430,2025-03-17,2025-03-17 06:13:29,2025-03-17 14:18:47,175
13431,2025-03-17,2025-03-17 14:12:47,,256
13434,2025-03-18,2025-03-18 05:48:54,2025-03-18 14:15:20,169
13436,2025-03-18,2025-03-18 05:55:24,2025-03-18 14:11:35,166
13437,2025-03-18,2025-03-18 05:56:31,2025-03-18 14:04:18,165
13438,2025-03-18,2025-03-18 05:56:35,2025-03-18 14:01:42,148
13439,2025-03-18,2025-03-18 05:56:44,2025-03-18 14:09:55,160
13440,2025-03-18,2025-03-18 05:58:57,2025-03-18 14:05:28,255
13441,2025-03-18,2025-03-18 05:59:01,2025-03-18 14:04:25,177
13442,2025-03-18,2025-03-18 05:59:10,2025-03-18 14:05:23,164
13443,2025-03-18,2025-03-18 05:59:43,,174
13444,2025-03-18,2025-03-18 06:00:06,,156
13445,2025-03-18,2025-03-18 06:00:35,2025-03-18 14:05:25,154
13446,2025-03-18,2025-03-18 06:00:57,2025-03-18 14:18:34,189
13448,2025-03-18,2025-03-18 06:01:33,2025-03-18 14:04:08,183
13449,2025-03-18,2025-03-18 06:02:54,2025-03-18 14:05:33,170
13450,2025-03-18,2025-03-18 06:04:19,2025-03-18 14:05:13,142
13451,2025-03-18,2025-03-18 06:05:46,2025-03-18 14:12:59,252
13457,2025-03-18,2025-03-18 06:06:31,,158
13458,2025-03-18,2025-03-18 06:06:41,2025-03-18 14:07:30,159
13459,2025-03-18,2025-03-18 06:06:50,2025-03-18 14:19:35,175
13460,2025-03-18,2025-03-18 06:08:26,2025-03-18 14:17:58,147
13461,2025-03-18,2025-03-18 06:09:58,2025-03-18 14:05:17,167
13462,2025-03-18,2025-03-18 06:10:01,2025-03-18 14:21:56,151
13467,2025-03-19,2025-03-19 05:48:41,2025-03-19 14:06:58,169
13468,2025-03-19,2025-03-19 05:48:54,2025-03-19 14:16:28,160
13469,2025-03-19,2025-03-19 05:53:43,2025-03-19 14:03:13,165
13471,2025-03-19,2025-03-19 05:53:57,2025-03-19 14:05:19,148
13472,2025-03-19,2025-03-19 05:55:18,,174
13473,2025-03-19,2025-03-19 05:57:17,,164
13474,2025-03-19,2025-03-19 05:57:20,2025-03-19 14:02:29,255
13475,2025-03-19,2025-03-19 05:58:18,2025-03-19 14:16:00,189
13477,2025-03-19,2025-03-19 05:59:14,2025-03-19 14:02:43,177
13479,2025-03-19,2025-03-19 05:59:20,2025-03-19 14:02:48,146
13480,2025-03-19,2025-03-19 05:59:26,2025-03-19 14:02:24,183
13481,2025-03-19,2025-03-19 06:00:25,2025-03-19 14:12:11,147
13484,2025-03-19,2025-03-19 06:01:15,2025-03-19 14:09:06,187
13485,2025-03-19,2025-03-19 06:01:18,2025-03-19 14:09:13,256
13486,2025-03-19,2025-03-19 06:03:28,2025-03-19 14:04:18,142
13487,2025-03-19,2025-03-19 06:04:26,2025-03-19 14:06:04,154
13490,2025-03-19,2025-03-19 06:06:34,2025-03-19 14:01:10,170
13491,2025-03-19,2025-03-19 06:07:09,2025-03-19 14:06:08,167
13493,2025-03-19,2025-03-19 06:09:14,2025-03-19 14:06:35,159
13494,2025-03-19,2025-03-19 06:09:32,2025-03-19 14:18:07,151
13495,2025-03-19,2025-03-19 06:09:46,2025-03-19 14:12:17,252
13496,2025-03-19,2025-03-19 06:11:31,2025-03-19 11:06:57,158
13497,2025-03-19,2025-03-19 06:13:56,2025-03-19 14:10:23,166
13498,2025-03-19,2025-03-19 06:22:25,2025-03-19 14:18:11,175
13503,2025-03-20,2025-03-20 05:54:27,2025-03-20 14:16:07,189
13505,2025-03-20,2025-03-20 05:55:51,2025-03-20 14:13:49,148
13506,2025-03-20,2025-03-20 05:55:57,,174
13507,2025-03-20,2025-03-20 06:00:38,2025-03-20 14:16:03,146
13508,2025-03-20,2025-03-20 06:00:42,2025-03-20 14:16:00,177
13509,2025-03-20,2025-03-20 06:00:45,2025-03-20 14:13:30,255
13510,2025-03-20,2025-03-20 06:00:50,2025-03-20 14:20:00,154
13511,2025-03-20,2025-03-20 06:01:14,2025-03-20 14:17:20,164
13512,2025-03-20,2025-03-20 06:01:21,2025-03-20 14:20:15,183
13513,2025-03-20,2025-03-20 06:03:33,2025-03-20 14:11:47,142
13514,2025-03-20,2025-03-20 06:03:51,,156
13515,2025-03-20,2025-03-20 06:04:37,2025-03-20 14:22:17,159
13516,2025-03-20,2025-03-20 06:04:44,2025-03-20 14:14:48,160
13519,2025-03-20,2025-03-20 06:06:38,2025-03-20 11:05:44,158
13521,2025-03-20,2025-03-20 06:07:57,2025-03-20 14:25:51,166
13524,2025-03-20,2025-03-20 06:09:00,2025-03-20 14:12:11,187
13525,2025-03-20,2025-03-20 06:09:04,2025-03-20 14:20:51,256
13526,2025-03-20,2025-03-20 06:09:13,2025-03-20 14:13:16,170
13527,2025-03-20,2025-03-20 06:11:20,2025-03-20 14:18:20,175
13528,2025-03-20,2025-03-20 06:11:25,2025-03-20 14:20:08,252
13530,2025-03-20,2025-03-20 06:12:15,2025-03-20 14:14:37,147
13531,2025-03-20,2025-03-20 06:12:21,,167
13532,2025-03-20,2025-03-20 06:20:10,,151
13533,2025-03-20,2025-03-20 14:27:16,,169
13534,2025-03-22,2025-03-22 05:42:12,2025-03-22 14:18:37,160
13535,2025-03-22,2025-03-22 05:49:41,2025-03-22 14:11:11,169
13538,2025-03-22,2025-03-22 05:58:25,2025-03-22 14:14:46,166
13539,2025-03-22,2025-03-22 05:59:49,2025-03-22 14:05:45,148
13540,2025-03-22,2025-03-22 05:59:53,2025-03-22 14:04:50,165
13541,2025-03-22,2025-03-22 05:59:58,,174
13542,2025-03-22,2025-03-22 06:00:04,2025-03-22 14:16:25,189
13544,2025-03-22,2025-03-22 06:01:02,2025-03-22 14:08:34,142
13545,2025-03-22,2025-03-22 06:01:25,2025-03-22 14:05:47,154
13546,2025-03-22,2025-03-22 06:02:51,2025-03-22 14:05:29,170
13547,2025-03-22,2025-03-22 06:03:01,2025-03-22 14:06:57,183
13549,2025-03-22,2025-03-22 06:04:37,2025-03-22 14:10:19,146
13550,2025-03-22,2025-03-22 06:04:41,2025-03-22 14:09:13,177
13551,2025-03-22,2025-03-22 06:04:44,2025-03-22 14:05:09,255
13552,2025-03-22,2025-03-22 06:04:48,2025-03-22 14:04:13,164
13553,2025-03-22,2025-03-22 06:05:10,2025-03-22 11:17:38,158
13554,2025-03-22,2025-03-22 06:05:15,,159
13555,2025-03-22,2025-03-22 06:05:27,2025-03-22 14:11:59,147
13556,2025-03-22,2025-03-22 06:07:52,2025-03-22 14:05:42,167
13557,2025-03-22,2025-03-22 06:07:58,2025-03-22 14:05:35,156
13558,2025-03-22,2025-03-22 06:08:05,2025-03-22 14:18:07,175
13560,2025-03-22,2025-03-22 06:09:02,2025-03-22 14:11:51,252
13562,2025-03-22,2025-03-22 06:14:10,2025-03-22 14:05:11,187
13565,2025-03-22,2025-03-22 06:25:15,2025-03-22 14:04:58,256
13567,2025-03-23,2025-03-23 05:43:20,2025-03-23 14:05:10,169
13569,2025-03-23,2025-03-23 05:52:20,2025-03-23 14:12:54,166
13571,2025-03-23,2025-03-23 05:53:56,2025-03-23 14:14:51,160
13572,2025-03-23,2025-03-23 05:54:14,2025-03-23 14:16:56,189
13574,2025-03-23,2025-03-23 05:55:02,2025-03-23 14:03:04,187
13575,2025-03-23,2025-03-23 05:56:27,2025-03-23 14:17:19,175
13576,2025-03-23,2025-03-23 05:57:53,2025-03-23 14:06:40,148
13577,2025-03-23,2025-03-23 05:57:58,,174
13578,2025-03-23,2025-03-23 05:58:25,2025-03-23 14:03:58,170
13579,2025-03-23,2025-03-23 06:00:27,2025-03-23 14:04:08,165
13580,2025-03-23,2025-03-23 06:00:59,2025-03-23 14:12:08,142
13581,2025-03-23,2025-03-23 06:01:41,2025-03-23 14:10:27,154
13582,2025-03-23,2025-03-23 06:01:54,2025-03-23 14:13:57,147
13585,2025-03-23,2025-03-23 06:03:16,,164
13586,2025-03-23,2025-03-23 06:03:19,2025-03-23 14:04:18,255
13587,2025-03-23,2025-03-23 06:04:07,2025-03-23 14:08:43,156
13588,2025-03-23,2025-03-23 06:05:28,2025-03-23 14:05:03,183
13589,2025-03-23,2025-03-23 06:05:33,2025-03-23 14:04:14,146
13590,2025-03-23,2025-03-23 06:05:44,2025-03-23 14:07:21,177
13593,2025-03-23,2025-03-23 06:06:53,2025-03-23 14:14:21,252
13594,2025-03-23,2025-03-23 06:09:28,2025-03-23 11:05:57,158
13595,2025-03-23,2025-03-23 06:09:31,2025-03-23 14:06:12,159
13596,2025-03-23,2025-03-23 06:21:16,2025-03-23 14:10:41,167
13597,2025-03-23,2025-03-23 07:12:19,,151
13600,2025-03-24,2025-03-24 05:48:43,2025-03-24 14:09:48,160
13601,2025-03-24,2025-03-24 05:48:54,2025-03-24 14:08:22,169
13603,2025-03-24,2025-03-24 05:54:18,2025-03-24 14:15:20,189
13605,2025-03-24,2025-03-24 05:56:30,2025-03-24 14:04:11,165
13606,2025-03-24,2025-03-24 05:56:45,2025-03-24 14:13:06,166
13607,2025-03-24,2025-03-24 05:57:48,,174
13608,2025-03-24,2025-03-24 05:58:39,2025-03-24 14:06:22,148
13609,2025-03-24,2025-03-24 05:59:43,2025-03-24 14:05:24,183
13610,2025-03-24,2025-03-24 06:00:37,2025-03-24 14:05:30,154
13611,2025-03-24,2025-03-24 06:00:48,2025-03-24 14:05:15,142
13612,2025-03-24,2025-03-24 06:01:07,2025-03-24 14:03:31,164
13613,2025-03-24,2025-03-24 06:01:10,2025-03-24 14:03:01,255
13614,2025-03-24,2025-03-24 06:01:14,2025-03-24 14:02:40,146
13615,2025-03-24,2025-03-24 06:01:18,2025-03-24 14:02:24,177
13616,2025-03-24,2025-03-24 06:01:42,2025-03-24 14:07:39,170
13617,2025-03-24,2025-03-24 06:01:56,,156
13619,2025-03-24,2025-03-24 06:05:45,2025-03-24 14:18:13,175
13621,2025-03-24,2025-03-24 06:07:51,2025-03-24 14:15:11,151
13623,2025-03-24,2025-03-24 06:08:00,,252
13624,2025-03-24,2025-03-24 06:09:41,,147
13625,2025-03-24,2025-03-24 06:09:58,,167
13626,2025-03-24,2025-03-24 06:10:06,2025-03-24 14:08:49,159
13627,2025-03-24,2025-03-24 06:16:17,2025-03-24 10:55:34,158
13628,2025-03-24,2025-03-24 06:18:50,2025-03-24 14:05:36,187
13630,2025-03-24,2025-03-24 06:18:57,2025-03-24 14:05:40,256
13633,2025-03-25,2025-03-25 05:49:54,2025-03-25 14:10:50,160
13636,2025-03-25,2025-03-25 05:57:36,2025-03-25 14:17:39,189
13638,2025-03-25,2025-03-25 05:59:18,2025-03-25 14:18:44,175
13639,2025-03-25,2025-03-25 05:59:22,2025-03-25 14:05:40,154
13642,2025-03-25,2025-03-25 06:00:53,,156
13645,2025-03-25,2025-03-25 06:02:52,2025-03-25 14:05:54,142
13646,2025-03-25,2025-03-25 06:03:10,2025-03-25 14:04:16,183
13647,2025-03-25,2025-03-25 06:03:18,2025-03-25 14:07:45,148
13648,2025-03-25,2025-03-25 06:03:23,,174
13649,2025-03-25,2025-03-25 06:04:07,2025-03-25 14:06:32,165
13650,2025-03-25,2025-03-25 06:07:16,2025-03-25 14:02:55,146
13651,2025-03-25,2025-03-25 06:07:20,2025-03-25 14:02:49,177
13652,2025-03-25,2025-03-25 06:07:25,2025-03-25 14:12:06,166
13653,2025-03-25,2025-03-25 06:08:00,2025-03-25 14:04:56,255
13654,2025-03-25,2025-03-25 06:08:03,2025-03-25 14:04:54,164
13655,2025-03-25,2025-03-25 06:08:59,2025-03-25 10:59:49,158
13656,2025-03-25,2025-03-25 06:09:05,2025-03-25 14:08:29,159
13657,2025-03-25,2025-03-25 06:12:18,2025-03-25 14:05:42,167
13658,2025-03-25,2025-03-25 06:13:35,2025-03-25 14:12:43,147
13659,2025-03-25,2025-03-25 06:15:03,2025-03-25 14:05:24,187
13661,2025-03-25,2025-03-25 06:39:36,2025-03-25 14:15:22,169
13662,2025-03-25,2025-03-25 06:45:11,2025-03-25 14:12:57,252
13663,2025-03-25,2025-03-25 06:57:04,2025-03-25 14:16:56,151
13664,2025-03-25,2025-03-25 14:04:26,,170
13667,2025-03-26,2025-03-26 05:48:41,2025-03-26 14:07:26,169
13669,2025-03-26,2025-03-26 05:56:11,2025-03-26 14:03:43,170
13670,2025-03-26,2025-03-26 05:56:35,2025-03-26 14:04:50,148
13671,2025-03-26,2025-03-26 05:56:42,,174
13672,2025-03-26,2025-03-26 05:59:01,2025-03-26 14:05:31,154
13673,2025-03-26,2025-03-26 05:59:37,2025-03-26 14:12:07,160
13674,2025-03-26,2025-03-26 05:59:52,2025-03-26 14:14:07,189
13676,2025-03-26,2025-03-26 06:00:04,2025-03-26 14:04:44,146
13677,2025-03-26,2025-03-26 06:00:07,2025-03-26 14:02:59,177
13678,2025-03-26,2025-03-26 06:00:32,2025-03-26 14:07:21,183
13680,2025-03-26,2025-03-26 06:02:18,2025-03-26 14:04:39,142
13681,2025-03-26,2025-03-26 06:02:43,2025-03-26 14:04:03,255
13682,2025-03-26,2025-03-26 06:02:46,2025-03-26 14:04:08,164
13683,2025-03-26,2025-03-26 06:03:06,2025-03-26 14:05:35,167
13684,2025-03-26,2025-03-26 06:03:44,2025-03-26 14:04:17,187
13685,2025-03-26,2025-03-26 06:05:52,2025-03-26 14:03:31,156
13686,2025-03-26,2025-03-26 06:06:41,2025-03-26 14:10:50,166
13688,2025-03-26,2025-03-26 06:07:53,2025-03-26 14:07:33,159
13691,2025-03-26,2025-03-26 06:10:45,2025-03-26 14:10:39,252
13692,2025-03-26,2025-03-26 06:13:14,2025-03-26 14:14:10,151
13693,2025-03-26,2025-03-26 06:13:24,2025-03-26 11:01:25,158
13694,2025-03-26,2025-03-26 06:16:34,2025-03-26 14:10:42,147
13695,2025-03-26,2025-03-26 06:18:12,2025-03-26 14:15:47,175
13696,2025-03-26,2025-03-26 06:25:22,2025-03-26 14:04:23,256
13697,2025-03-27,2025-03-27 05:50:42,2025-03-27 14:40:24,160
13700,2025-03-27,2025-03-27 05:52:20,2025-03-27 14:36:51,169
13701,2025-03-27,2025-03-27 05:55:15,2025-03-27 14:37:09,189
13704,2025-03-27,2025-03-27 05:57:15,2025-03-27 14:15:27,165
13705,2025-03-27,2025-03-27 05:57:21,,148
13706,2025-03-27,2025-03-27 05:57:25,,174
13709,2025-03-27,2025-03-27 05:59:17,2025-03-27 14:24:41,146
13710,2025-03-27,2025-03-27 05:59:23,2025-03-27 14:24:53,177
13711,2025-03-27,2025-03-27 06:00:31,2025-03-27 14:26:12,170
13712,2025-03-27,2025-03-27 06:00:53,2025-03-27 14:24:18,255
13713,2025-03-27,2025-03-27 06:00:57,2025-03-27 14:26:06,164
13714,2025-03-27,2025-03-27 06:02:02,2025-03-27 14:17:55,142
13715,2025-03-27,2025-03-27 06:03:28,2025-03-27 14:25:08,183
13716,2025-03-27,2025-03-27 06:04:21,2025-03-27 14:17:58,154
13717,2025-03-27,2025-03-27 06:05:07,2025-03-27 14:40:39,175
13718,2025-03-27,2025-03-27 06:05:15,2025-03-27 14:40:28,166
13719,2025-03-27,2025-03-27 06:06:38,2025-03-27 14:24:28,147
13722,2025-03-27,2025-03-27 06:07:39,2025-03-27 14:25:38,167
13723,2025-03-27,2025-03-27 06:07:42,,252
13724,2025-03-27,2025-03-27 06:08:58,2025-03-27 14:24:43,187
13725,2025-03-27,2025-03-27 06:09:06,2025-03-27 14:25:49,156
13726,2025-03-27,2025-03-27 06:09:39,,158
13727,2025-03-27,2025-03-27 06:11:35,,159
13728,2025-03-27,2025-03-27 06:18:50,,151
13729,2025-03-27,2025-03-27 06:23:17,,256
13730,2025-03-28,2025-03-28 05:52:29,2025-03-28 14:17:30,189
13732,2025-03-28,2025-03-28 05:52:46,2025-03-28 14:16:45,154
13733,2025-03-28,2025-03-28 05:52:54,2025-03-28 14:21:17,160
13734,2025-03-28,2025-03-28 05:54:17,2025-03-28 14:16:12,169
13735,2025-03-28,2025-03-28 06:02:35,2025-03-28 14:20:36,166
13736,2025-03-28,2025-03-28 06:03:03,2025-03-28 14:15:43,142
13737,2025-03-28,2025-03-28 06:04:59,2025-03-28 14:16:39,158
13738,2025-03-28,2025-03-28 06:05:07,,159
13739,2025-03-28,2025-03-28 14:20:55,,175
13741,2025-03-29,2025-03-29 06:02:12,2025-03-29 14:47:43,142
13742,2025-03-29,2025-03-29 06:07:26,,175
13743,2025-03-29,2025-03-29 06:07:59,2025-03-29 14:46:36,166
13744,2025-03-29,2025-03-29 06:10:26,,174
13745,2025-03-29,2025-03-29 06:10:52,,160
13746,2025-03-29,2025-03-29 06:11:29,,159
13747,2025-03-29,2025-03-29 06:17:23,,158
13748,2025-03-29,2025-03-29 14:46:23,,154
13749,2025-04-12,2025-04-12 05:42:54,2025-04-12 15:02:45,187
13750,2025-04-12,2025-04-12 05:48:28,2025-04-12 15:06:24,160
13752,2025-04-12,2025-04-12 05:50:05,2025-04-12 15:08:58,166
13753,2025-04-12,2025-04-12 05:52:56,2025-04-12 15:02:23,148
13754,2025-04-12,2025-04-12 05:53:06,,174
13755,2025-04-12,2025-04-12 05:54:12,2025-04-12 15:00:57,170
13756,2025-04-12,2025-04-12 05:55:20,2025-04-12 15:02:36,146
13757,2025-04-12,2025-04-12 05:56:26,2025-04-12 15:05:23,164
13758,2025-04-12,2025-04-12 05:56:31,2025-04-12 15:05:18,255
13760,2025-04-12,2025-04-12 05:59:23,2025-04-12 15:06:12,154
13761,2025-04-12,2025-04-12 05:59:28,2025-04-12 15:06:03,189
13762,2025-04-12,2025-04-12 05:59:36,2025-04-12 15:03:10,142
13763,2025-04-12,2025-04-12 06:00:01,2025-04-12 11:24:06,158
13764,2025-04-12,2025-04-12 06:00:12,2025-04-12 15:03:39,183
13765,2025-04-12,2025-04-12 06:00:17,2025-04-12 15:05:46,159
13768,2025-04-12,2025-04-12 06:08:57,,252
13770,2025-04-12,2025-04-12 06:13:42,2025-04-12 15:03:18,147
13771,2025-04-12,2025-04-12 06:30:51,2025-04-12 15:08:29,175
13773,2025-04-13,2025-04-13 05:42:40,,169
13774,2025-04-13,2025-04-13 05:43:14,2025-04-13 15:07:54,160
13775,2025-04-13,2025-04-13 05:48:53,2025-04-13 15:08:41,166
13777,2025-04-13,2025-04-13 05:53:09,2025-04-13 15:04:11,187
13778,2025-04-13,2025-04-13 05:56:19,2025-04-13 15:05:55,189
13779,2025-04-13,2025-04-13 05:56:24,2025-04-13 15:14:25,154
13780,2025-04-13,2025-04-13 05:57:02,2025-04-13 15:05:02,148
13781,2025-04-13,2025-04-13 05:59:33,2025-04-13 15:04:31,183
13782,2025-04-13,2025-04-13 06:00:06,2025-04-13 15:05:10,147
13783,2025-04-13,2025-04-13 06:02:01,2025-04-13 15:03:15,146
13784,2025-04-13,2025-04-13 06:02:23,2025-04-13 15:06:11,164
13785,2025-04-13,2025-04-13 06:02:30,2025-04-13 15:05:59,255
13786,2025-04-13,2025-04-13 06:02:36,,174
13787,2025-04-13,2025-04-13 06:03:55,2025-04-13 15:11:00,175
13789,2025-04-13,2025-04-13 06:05:48,2025-04-13 15:03:46,142
13790,2025-04-13,2025-04-13 06:07:00,2025-04-13 15:04:50,158
13791,2025-04-13,2025-04-13 06:07:09,2025-04-13 15:05:18,159
13792,2025-04-13,2025-04-13 06:08:10,2025-04-13 15:04:27,170
13794,2025-04-13,2025-04-13 06:08:47,2025-04-13 15:05:28,252
13797,2025-04-14,2025-04-14 05:46:46,2025-04-14 15:04:39,148
13798,2025-04-14,2025-04-14 05:46:56,2025-04-14 15:09:32,160
13799,2025-04-14,2025-04-14 05:48:57,2025-04-14 15:08:00,166
13800,2025-04-14,2025-04-14 05:49:15,2025-04-14 15:02:49,187
13801,2025-04-14,2025-04-14 05:49:19,2025-04-14 15:02:59,256
13802,2025-04-14,2025-04-14 05:49:22,2025-04-14 15:04:45,169
13803,2025-04-14,2025-04-14 05:55:15,2025-04-14 15:04:13,189
13804,2025-04-14,2025-04-14 05:55:24,2025-04-14 15:04:26,154
13805,2025-04-14,2025-04-14 05:58:03,2025-04-14 15:03:36,146
13806,2025-04-14,2025-04-14 05:58:06,,174
13807,2025-04-14,2025-04-14 05:58:54,2025-04-14 15:04:17,255
13809,2025-04-14,2025-04-14 06:03:02,2025-04-14 15:02:43,170
13810,2025-04-14,2025-04-14 06:05:08,2025-04-14 15:04:21,142
13811,2025-04-14,2025-04-14 06:07:19,2025-04-14 15:05:39,252
13812,2025-04-14,2025-04-14 06:10:35,2025-04-14 15:02:38,159
13813,2025-04-14,2025-04-14 06:10:38,,158
13814,2025-04-14,2025-04-14 06:11:22,2025-04-14 15:09:17,175
13817,2025-04-14,2025-04-14 06:21:37,2025-04-14 15:05:32,147
13818,2025-04-14,2025-04-14 07:22:35,2025-04-14 15:03:20,183
13820,2025-04-14,2025-04-14 15:02:20,,155
13821,2025-04-14,2025-04-14 15:03:47,,164
13823,2025-04-15,2025-04-15 05:44:58,2025-04-15 15:03:15,187
13824,2025-04-15,2025-04-15 05:45:02,2025-04-15 15:04:46,256
13825,2025-04-15,2025-04-15 05:45:07,2025-04-15 15:10:17,166
13827,2025-04-15,2025-04-15 05:45:45,2025-04-15 15:08:27,160
13828,2025-04-15,2025-04-15 05:45:49,2025-04-15 15:10:33,169
13829,2025-04-15,2025-04-15 05:54:26,2025-04-15 15:07:17,189
13830,2025-04-15,2025-04-15 05:54:32,2025-04-15 15:05:30,154
13831,2025-04-15,2025-04-15 05:55:06,2025-04-15 15:04:27,252
13832,2025-04-15,2025-04-15 06:00:10,2025-04-15 15:03:43,146
13833,2025-04-15,2025-04-15 06:00:13,2025-04-15 15:04:39,155
13834,2025-04-15,2025-04-15 06:00:17,2025-04-15 15:04:08,170
13835,2025-04-15,2025-04-15 06:01:13,2025-04-15 15:03:38,183
13836,2025-04-15,2025-04-15 06:01:18,2025-04-15 15:11:14,148
13838,2025-04-15,2025-04-15 06:01:51,,174
13839,2025-04-15,2025-04-15 06:03:34,2025-04-15 15:04:54,142
13841,2025-04-15,2025-04-15 06:04:04,2025-04-15 15:04:13,164
13842,2025-04-15,2025-04-15 06:04:06,2025-04-15 15:05:26,255
13843,2025-04-15,2025-04-15 06:05:12,2025-04-15 15:04:18,147
13844,2025-04-15,2025-04-15 06:07:15,,158
13845,2025-04-15,2025-04-15 06:07:19,2025-04-15 15:03:33,159
13848,2025-04-15,2025-04-15 06:10:10,2025-04-15 15:10:03,175
13849,2025-04-15,2025-04-15 06:18:05,2025-04-15 15:06:28,156
13850,2025-04-16,2025-04-16 05:49:01,2025-04-16 15:12:22,169
13852,2025-04-16,2025-04-16 05:53:19,2025-04-16 15:11:58,166
13853,2025-04-16,2025-04-16 05:53:27,,187
13854,2025-04-16,2025-04-16 05:53:30,2025-04-16 15:04:49,256
13856,2025-04-16,2025-04-16 05:54:01,2025-04-16 15:08:13,252
13857,2025-04-16,2025-04-16 05:54:19,2025-04-16 15:04:26,170
13858,2025-04-16,2025-04-16 05:55:13,2025-04-16 15:07:24,147
13859,2025-04-16,2025-04-16 05:55:17,2025-04-16 15:05:55,148
13860,2025-04-16,2025-04-16 05:55:23,,174
13861,2025-04-16,2025-04-16 05:55:58,2025-04-16 15:06:49,189
13862,2025-04-16,2025-04-16 05:56:01,2025-04-16 14:28:33,154
13863,2025-04-16,2025-04-16 05:57:49,2025-04-16 15:03:10,183
13864,2025-04-16,2025-04-16 05:58:16,2025-04-16 15:06:42,146
13865,2025-04-16,2025-04-16 05:59:08,2025-04-16 15:05:16,164
13866,2025-04-16,2025-04-16 05:59:11,2025-04-16 15:08:58,255
13867,2025-04-16,2025-04-16 05:59:20,2025-04-16 15:08:21,155
13868,2025-04-16,2025-04-16 06:01:01,2025-04-16 15:06:01,142
13871,2025-04-16,2025-04-16 06:04:43,2025-04-16 15:10:54,175
13872,2025-04-16,2025-04-16 06:09:21,2025-04-16 15:07:34,156
13873,2025-04-16,2025-04-16 06:12:44,2025-04-16 15:08:01,158
13874,2025-04-16,2025-04-16 06:12:49,2025-04-16 15:07:56,159
13875,2025-04-16,2025-04-16 15:09:06,,160
13878,2025-04-17,2025-04-17 05:46:42,2025-04-17 15:17:35,166
13879,2025-04-17,2025-04-17 05:47:49,2025-04-17 15:09:47,160
13880,2025-04-17,2025-04-17 05:53:56,,189
13881,2025-04-17,2025-04-17 05:53:58,2025-04-17 15:04:45,154
13882,2025-04-17,2025-04-17 05:55:04,,174
13884,2025-04-17,2025-04-17 05:56:51,2025-04-17 15:07:52,164
13886,2025-04-17,2025-04-17 05:56:55,2025-04-17 15:05:22,146
13887,2025-04-17,2025-04-17 05:56:57,2025-04-17 15:05:18,255
13888,2025-04-17,2025-04-17 05:57:00,2025-04-17 15:07:24,155
13889,2025-04-17,2025-04-17 05:57:04,2025-04-17 15:07:29,252
13890,2025-04-17,2025-04-17 05:57:52,2025-04-17 15:04:54,148
13893,2025-04-17,2025-04-17 06:01:16,,256
13894,2025-04-17,2025-04-17 06:01:21,,187
13895,2025-04-17,2025-04-17 06:02:51,2025-04-17 15:10:40,142
13896,2025-04-17,2025-04-17 06:04:17,2025-04-17 15:06:38,170
13897,2025-04-17,2025-04-17 06:04:25,2025-04-17 15:06:44,183
13898,2025-04-17,2025-04-17 06:05:59,,156
13899,2025-04-17,2025-04-17 06:06:30,2025-04-17 15:17:30,175
13900,2025-04-17,2025-04-17 06:07:45,2025-04-17 15:07:39,147
13901,2025-04-17,2025-04-17 06:12:22,2025-04-17 15:08:25,159
13902,2025-04-17,2025-04-17 06:14:18,2025-04-17 11:59:24,158
13904,2025-04-19,2025-04-19 05:47:56,2025-04-19 15:10:18,166
13905,2025-04-19,2025-04-19 05:48:12,2025-04-19 15:11:12,160
13906,2025-04-19,2025-04-19 05:48:17,2025-04-19 15:02:09,183
13908,2025-04-19,2025-04-19 05:49:24,2025-04-19 15:11:02,169
13910,2025-04-19,2025-04-19 05:54:02,2025-04-19 15:09:16,252
13912,2025-04-19,2025-04-19 05:54:47,2025-04-19 15:08:19,189
13913,2025-04-19,2025-04-19 05:54:53,2025-04-19 15:02:58,148
13914,2025-04-19,2025-04-19 05:55:19,2025-04-19 15:03:07,165
13915,2025-04-19,2025-04-19 05:55:22,2025-04-19 15:04:36,154
13916,2025-04-19,2025-04-19 05:56:26,2025-04-19 15:03:33,142
13917,2025-04-19,2025-04-19 05:57:04,2025-04-19 15:03:13,170
13918,2025-04-19,2025-04-19 05:57:21,2025-04-19 15:04:20,167
13919,2025-04-19,2025-04-19 05:57:24,2025-04-19 15:03:43,146
13920,2025-04-19,2025-04-19 05:57:26,2025-04-19 15:05:18,255
13921,2025-04-19,2025-04-19 05:57:29,2025-04-19 15:06:01,164
13922,2025-04-19,2025-04-19 05:57:33,2025-04-19 15:05:28,155
13923,2025-04-19,2025-04-19 05:57:43,,174
13924,2025-04-19,2025-04-19 05:59:30,2025-04-19 15:09:28,175
13925,2025-04-19,2025-04-19 06:00:16,2025-04-19 15:04:07,187
13926,2025-04-19,2025-04-19 06:00:20,2025-04-19 15:04:11,256
13927,2025-04-19,2025-04-19 06:03:51,2025-04-19 15:08:57,147
13928,2025-04-19,2025-04-19 06:04:03,,156
13930,2025-04-20,2025-04-20 05:47:16,2025-04-20 15:10:34,160
13931,2025-04-20,2025-04-20 05:47:58,2025-04-20 15:10:16,169
13932,2025-04-20,2025-04-20 05:48:15,2025-04-20 15:14:24,166
13933,2025-04-20,2025-04-20 05:48:55,2025-04-20 15:05:23,189
13934,2025-04-20,2025-04-20 05:48:57,2025-04-20 15:08:29,154
13935,2025-04-20,2025-04-20 05:49:03,2025-04-20 15:04:42,167
13936,2025-04-20,2025-04-20 05:50:33,2025-04-20 15:04:50,183
13938,2025-04-20,2025-04-20 05:53:39,2025-04-20 15:06:16,158
13939,2025-04-20,2025-04-20 05:53:54,2025-04-20 15:06:24,159
13941,2025-04-20,2025-04-20 05:56:35,2025-04-20 15:05:02,165
13942,2025-04-20,2025-04-20 05:56:40,2025-04-20 15:03:43,148
13944,2025-04-20,2025-04-20 05:56:49,2025-04-20 15:06:30,252
13945,2025-04-20,2025-04-20 05:58:22,2025-04-20 15:05:47,156
13946,2025-04-20,2025-04-20 05:59:00,2025-04-20 15:05:15,142
13947,2025-04-20,2025-04-20 05:59:11,2025-04-20 15:10:46,175
13948,2025-04-20,2025-04-20 05:59:44,2025-04-20 15:03:58,164
13949,2025-04-20,2025-04-20 05:59:47,2025-04-20 15:03:45,146
13950,2025-04-20,2025-04-20 05:59:52,2025-04-20 15:05:10,170
13951,2025-04-20,2025-04-20 06:00:00,,174
13952,2025-04-20,2025-04-20 06:00:08,2025-04-20 15:04:27,155
13953,2025-04-20,2025-04-20 06:00:29,2025-04-20 15:03:34,144
13954,2025-04-20,2025-04-20 06:00:34,2025-04-20 15:06:41,147
13955,2025-04-20,2025-04-20 06:07:19,,187
13956,2025-04-21,2025-04-21 05:49:58,2025-04-21 12:11:15,147
13957,2025-04-21,2025-04-21 05:50:08,2025-04-21 12:04:14,146
13958,2025-04-21,2025-04-21 05:50:13,2025-04-21 12:08:39,175
13959,2025-04-21,2025-04-21 05:50:17,2025-04-21 12:04:30,255
13960,2025-04-21,2025-04-21 05:50:27,2025-04-21 12:08:22,166
13962,2025-04-21,2025-04-21 05:51:03,2025-04-21 12:12:02,160
13963,2025-04-21,2025-04-21 05:51:09,2025-04-21 12:13:09,169
13964,2025-04-21,2025-04-21 05:54:45,2025-04-21 12:11:40,189
13965,2025-04-21,2025-04-21 05:54:51,2025-04-21 12:04:08,148
13966,2025-04-21,2025-04-21 05:54:55,,252
13967,2025-04-21,2025-04-21 05:55:00,2025-04-21 12:04:51,165
13968,2025-04-21,2025-04-21 05:55:07,,158
13969,2025-04-21,2025-04-21 05:55:12,2025-04-21 12:04:45,159
13970,2025-04-21,2025-04-21 05:55:26,2025-04-21 12:05:21,154
13971,2025-04-21,2025-04-21 05:56:15,2025-04-21 12:05:38,167
13972,2025-04-21,2025-04-21 05:56:35,2025-04-21 12:05:43,155
13973,2025-04-21,2025-04-21 05:58:33,2025-04-21 12:05:03,170
13975,2025-04-21,2025-04-21 05:58:41,2025-04-21 12:05:59,142
13977,2025-04-21,2025-04-21 06:00:42,2025-04-21 12:04:56,144
13978,2025-04-21,2025-04-21 06:02:00,2025-04-21 12:07:10,187
13979,2025-04-21,2025-04-21 06:02:08,2025-04-21 12:05:31,156
13980,2025-04-22,2025-04-22 05:44:13,2025-04-22 15:09:31,169
13981,2025-04-22,2025-04-22 05:45:22,2025-04-22 15:02:58,187
13982,2025-04-22,2025-04-22 05:46:27,2025-04-22 15:04:40,256
13983,2025-04-22,2025-04-22 05:47:31,2025-04-22 15:09:27,160
13984,2025-04-22,2025-04-22 05:47:38,2025-04-22 15:08:22,166
13985,2025-04-22,2025-04-22 05:49:44,2025-04-22 15:06:52,189
13986,2025-04-22,2025-04-22 05:49:46,2025-04-22 15:03:12,154
13987,2025-04-22,2025-04-22 05:53:33,2025-04-22 15:03:18,147
13988,2025-04-22,2025-04-22 05:53:36,2025-04-22 15:08:04,148
13989,2025-04-22,2025-04-22 05:53:40,2025-04-22 15:03:34,165
13990,2025-04-22,2025-04-22 05:56:01,2025-04-22 15:03:46,142
13991,2025-04-22,2025-04-22 05:56:16,2025-04-22 15:06:04,146
13992,2025-04-22,2025-04-22 05:56:18,2025-04-22 15:03:07,164
13993,2025-04-22,2025-04-22 05:56:28,2025-04-22 15:06:11,155
13994,2025-04-22,2025-04-22 05:57:24,2025-04-22 15:08:43,175
13995,2025-04-22,2025-04-22 05:57:43,2025-04-22 15:07:08,252
13996,2025-04-22,2025-04-22 05:59:14,2025-04-22 15:04:29,170
13997,2025-04-22,2025-04-22 05:59:34,2025-04-22 10:55:24,158
13998,2025-04-22,2025-04-22 05:59:39,2025-04-22 15:04:22,159
14001,2025-04-22,2025-04-22 05:59:55,2025-04-22 15:03:10,144
14002,2025-04-22,2025-04-22 06:00:13,,174
14003,2025-04-22,2025-04-22 06:00:20,2025-04-22 15:06:29,156
14005,2025-04-22,2025-04-22 06:08:14,2025-04-22 15:06:37,167
14006,2025-04-23,2025-04-23 05:49:05,2025-04-23 15:08:02,160
14007,2025-04-23,2025-04-23 05:50:37,2025-04-23 15:05:20,189
14008,2025-04-23,2025-04-23 05:50:40,2025-04-23 15:04:22,154
14009,2025-04-23,2025-04-23 05:51:53,2025-04-23 15:08:19,166
14010,2025-04-23,2025-04-23 05:53:44,2025-04-23 15:08:08,175
14011,2025-04-23,2025-04-23 05:54:35,2025-04-23 15:05:14,167
14012,2025-04-23,2025-04-23 05:54:50,2025-04-23 15:03:09,165
14013,2025-04-23,2025-04-23 05:56:04,2025-04-23 15:08:39,169
14014,2025-04-23,2025-04-23 05:56:57,2025-04-23 09:03:52,187
14015,2025-04-23,2025-04-23 05:56:59,2025-04-23 09:03:16,256
14016,2025-04-23,2025-04-23 05:57:02,2025-04-23 15:03:35,148
14017,2025-04-23,2025-04-23 05:57:06,,174
14018,2025-04-23,2025-04-23 05:58:28,2025-04-23 15:04:36,170
14020,2025-04-23,2025-04-23 05:58:59,2025-04-23 15:04:40,146
14021,2025-04-23,2025-04-23 05:59:04,2025-04-23 13:36:38,252
14023,2025-04-23,2025-04-23 05:59:10,2025-04-23 15:04:20,164
14024,2025-04-23,2025-04-23 05:59:13,2025-04-23 15:04:13,255
14025,2025-04-23,2025-04-23 05:59:49,2025-04-23 15:04:45,155
14026,2025-04-23,2025-04-23 06:00:24,2025-04-23 15:03:16,142
14027,2025-04-23,2025-04-23 06:00:36,2025-04-23 15:04:32,159
14028,2025-04-23,2025-04-23 06:02:39,2025-04-23 15:04:55,144
14029,2025-04-23,2025-04-23 06:02:50,2025-04-23 15:05:08,147
14030,2025-04-23,2025-04-23 06:04:58,2025-04-23 15:09:27,156
14032,2025-04-24,2025-04-24 05:45:17,2025-04-24 15:13:33,160
14033,2025-04-24,2025-04-24 05:46:01,2025-04-24 15:13:38,169
14034,2025-04-24,2025-04-24 05:48:51,2025-04-24 15:13:50,166
14035,2025-04-24,2025-04-24 05:52:23,2025-04-24 15:04:39,189
14036,2025-04-24,2025-04-24 05:52:38,2025-04-24 15:04:26,154
14037,2025-04-24,2025-04-24 05:52:41,2025-04-24 15:08:03,167
14038,2025-04-24,2025-04-24 05:53:25,2025-04-24 15:13:58,175
14039,2025-04-24,2025-04-24 05:55:29,2025-04-24 15:07:17,142
14040,2025-04-24,2025-04-24 05:56:21,2025-04-24 15:04:04,165
14041,2025-04-24,2025-04-24 05:56:24,2025-04-24 15:02:29,148
14042,2025-04-24,2025-04-24 05:56:42,2025-04-24 14:20:30,158
14043,2025-04-24,2025-04-24 05:56:48,2025-04-24 15:13:23,159
14044,2025-04-24,2025-04-24 05:56:53,2025-04-24 15:07:39,170
14045,2025-04-24,2025-04-24 05:57:37,2025-04-24 15:07:14,146
14046,2025-04-24,2025-04-24 05:57:41,2025-04-24 15:07:04,164
14047,2025-04-24,2025-04-24 05:57:44,2025-04-24 15:06:23,255
14048,2025-04-24,2025-04-24 05:57:47,,155
14049,2025-04-24,2025-04-24 05:58:14,2025-04-24 15:08:20,147
14050,2025-04-24,2025-04-24 06:00:08,,174
14051,2025-04-24,2025-04-24 06:00:11,2025-04-24 15:16:07,144
14053,2025-04-24,2025-04-24 06:02:55,2025-04-24 15:07:51,252
14056,2025-04-24,2025-04-24 06:14:20,2025-04-24 15:07:24,156
14057,2025-04-24,2025-04-24 06:14:24,,187
14058,2025-04-24,2025-04-24 06:14:26,,256
14059,2025-04-26,2025-04-26 03:48:55,2025-04-26 14:10:38,169
14060,2025-04-26,2025-04-26 03:54:52,2025-04-26 14:01:38,167
14062,2025-04-26,2025-04-26 03:54:59,2025-04-26 14:09:14,189
14063,2025-04-26,2025-04-26 03:55:02,2025-04-26 14:01:35,154
14064,2025-04-26,2025-04-26 03:55:06,2025-04-26 14:01:20,148
14065,2025-04-26,2025-04-26 03:55:11,2025-04-26 14:02:24,165
14066,2025-04-26,2025-04-26 03:56:35,2025-04-26 14:04:34,142
14067,2025-04-26,2025-04-26 03:57:17,2025-04-26 14:02:41,187
14068,2025-04-26,2025-04-26 03:57:23,2025-04-26 14:02:44,256
14069,2025-04-26,2025-04-26 03:57:28,2025-04-26 14:03:22,170
14070,2025-04-26,2025-04-26 03:57:47,2025-04-26 14:03:43,155
14071,2025-04-26,2025-04-26 03:58:07,2025-04-26 14:02:07,144
14072,2025-04-26,2025-04-26 03:58:55,2025-04-26 14:02:39,147
14073,2025-04-26,2025-04-26 03:59:00,2025-04-26 14:09:55,175
14074,2025-04-26,2025-04-26 03:59:05,,146
14075,2025-04-26,2025-04-26 04:02:01,,174
14076,2025-04-26,2025-04-26 04:02:32,2025-04-26 14:01:33,164
14077,2025-04-26,2025-04-26 04:02:35,2025-04-26 14:01:26,255
14078,2025-04-26,2025-04-26 05:02:12,2025-04-26 14:03:02,252
14079,2025-04-26,2025-04-26 05:05:49,2025-04-26 14:05:27,159
14080,2025-04-26,2025-04-26 05:06:15,2025-04-26 14:03:15,156
14081,2025-04-26,2025-04-26 05:41:07,2025-04-26 14:01:47,177
14082,2025-04-26,2025-04-26 05:46:51,2025-04-26 14:10:26,166
14084,2025-04-27,2025-04-27 04:48:47,2025-04-27 14:07:59,166
14085,2025-04-27,2025-04-27 04:51:24,2025-04-27 14:05:40,175
14086,2025-04-27,2025-04-27 04:51:40,2025-04-27 14:05:24,189
14087,2025-04-27,2025-04-27 04:51:43,2025-04-27 14:03:06,154
14088,2025-04-27,2025-04-27 04:53:00,2025-04-27 14:09:10,169
14089,2025-04-27,2025-04-27 04:53:34,2025-04-27 14:01:56,256
14090,2025-04-27,2025-04-27 04:53:39,2025-04-27 14:01:54,187
14091,2025-04-27,2025-04-27 04:55:29,2025-04-27 14:01:25,156
14092,2025-04-27,2025-04-27 04:55:44,2025-04-27 14:01:30,148
14093,2025-04-27,2025-04-27 04:55:49,2025-04-27 14:00:50,165
14094,2025-04-27,2025-04-27 04:55:57,,174
14095,2025-04-27,2025-04-27 04:56:32,2025-04-27 14:01:21,144
14096,2025-04-27,2025-04-27 04:57:43,,170
14099,2025-04-27,2025-04-27 04:57:57,2025-04-27 14:05:15,159
14100,2025-04-27,2025-04-27 04:58:03,2025-04-27 14:03:03,252
14101,2025-04-27,2025-04-27 04:58:07,2025-04-27 14:04:43,177
14102,2025-04-27,2025-04-27 04:58:17,2025-04-27 09:02:31,164
14103,2025-04-27,2025-04-27 04:58:22,2025-04-27 14:03:14,155
14104,2025-04-27,2025-04-27 04:58:24,2025-04-27 14:03:37,255
14105,2025-04-27,2025-04-27 04:58:28,2025-04-27 14:03:45,142
14107,2025-04-27,2025-04-27 05:00:02,2025-04-27 14:03:10,167
14108,2025-04-27,2025-04-27 05:01:03,,151
14109,2025-04-27,2025-04-27 05:11:12,2025-04-27 14:02:56,147
14110,2025-04-27,2025-04-27 14:01:37,,183
14111,2025-04-28,2025-04-28 04:50:27,2025-04-28 14:06:19,189
14112,2025-04-28,2025-04-28 04:50:38,2025-04-28 14:05:59,167
14113,2025-04-28,2025-04-28 04:50:40,2025-04-28 14:05:53,154
14114,2025-04-28,2025-04-28 04:51:09,2025-04-28 14:15:53,169
14115,2025-04-28,2025-04-28 04:52:26,2025-04-28 14:04:22,165
14116,2025-04-28,2025-04-28 04:52:30,2025-04-28 14:04:15,148
14117,2025-04-28,2025-04-28 04:53:10,2025-04-28 14:08:15,175
14118,2025-04-28,2025-04-28 04:53:13,2025-04-28 14:07:48,166
14119,2025-04-28,2025-04-28 04:53:18,,174
14120,2025-04-28,2025-04-28 04:55:30,2025-04-28 14:05:42,170
14121,2025-04-28,2025-04-28 04:55:42,2025-04-28 14:04:17,255
14122,2025-04-28,2025-04-28 04:55:45,2025-04-28 14:04:59,164
14123,2025-04-28,2025-04-28 04:56:02,2025-04-28 14:04:10,144
14124,2025-04-28,2025-04-28 04:56:46,2025-04-28 14:03:43,146
14125,2025-04-28,2025-04-28 04:57:10,2025-04-28 14:06:38,155
14126,2025-04-28,2025-04-28 04:57:14,2025-04-28 14:03:46,177
14127,2025-04-28,2025-04-28 04:57:20,2025-04-28 14:06:58,187
14128,2025-04-28,2025-04-28 04:57:25,2025-04-28 14:07:01,256
14129,2025-04-28,2025-04-28 04:58:31,2025-04-28 14:04:42,159
14130,2025-04-28,2025-04-28 04:58:38,2025-04-28 14:03:52,183
14131,2025-04-28,2025-04-28 04:58:43,2025-04-28 14:04:02,142
14134,2025-04-28,2025-04-28 04:59:07,2025-04-28 14:04:50,147
14136,2025-04-28,2025-04-28 05:00:35,2025-04-28 14:06:06,252
14137,2025-04-28,2025-04-28 05:02:19,2025-04-28 14:05:04,151
14138,2025-04-28,2025-04-28 05:05:35,2025-04-28 14:05:50,156
14139,2025-04-29,2025-04-29 04:46:12,2025-04-29 14:07:51,169
14140,2025-04-29,2025-04-29 04:51:59,2025-04-29 14:07:46,166
14141,2025-04-29,2025-04-29 04:53:20,2025-04-29 14:08:01,189
14142,2025-04-29,2025-04-29 04:53:25,2025-04-29 14:04:35,154
14143,2025-04-29,2025-04-29 04:53:28,2025-04-29 14:01:50,148
14144,2025-04-29,2025-04-29 04:53:34,,174
14145,2025-04-29,2025-04-29 04:54:07,2025-04-29 14:04:20,165
14146,2025-04-29,2025-04-29 04:57:06,2025-04-29 14:03:38,183
14148,2025-04-29,2025-04-29 04:58:20,2025-04-29 14:06:29,155
14149,2025-04-29,2025-04-29 04:58:29,2025-04-29 14:03:47,144
14150,2025-04-29,2025-04-29 04:58:49,2025-04-29 14:04:50,170
14151,2025-04-29,2025-04-29 04:59:24,2025-04-29 14:07:40,175
14152,2025-04-29,2025-04-29 04:59:26,2025-04-29 14:03:32,142
14153,2025-04-29,2025-04-29 04:59:29,2025-04-29 14:03:55,255
14154,2025-04-29,2025-04-29 04:59:31,2025-04-29 14:04:40,164
14155,2025-04-29,2025-04-29 05:00:16,2025-04-29 14:04:30,159
14156,2025-04-29,2025-04-29 05:00:21,2025-04-29 14:04:57,187
14157,2025-04-29,2025-04-29 05:00:24,2025-04-29 14:06:36,256
14158,2025-04-29,2025-04-29 05:01:24,2025-04-29 14:04:23,146
14159,2025-04-29,2025-04-29 05:01:27,,177
14161,2025-04-29,2025-04-29 05:04:15,2025-04-29 14:04:10,252
14163,2025-04-29,2025-04-29 05:04:56,2025-04-29 14:08:58,147
14164,2025-04-29,2025-04-29 05:06:20,2025-04-29 14:06:08,156
14165,2025-04-29,2025-04-29 05:15:23,2025-04-29 14:06:31,151
14166,2025-04-30,2025-04-30 04:50:31,2025-04-30 14:04:58,147
14167,2025-04-30,2025-04-30 04:51:23,2025-04-30 14:07:24,169
14168,2025-04-30,2025-04-30 04:51:58,,175
14169,2025-04-30,2025-04-30 04:54:03,2025-04-30 14:09:53,189
14170,2025-04-30,2025-04-30 04:54:09,2025-04-30 14:06:46,154
14171,2025-04-30,2025-04-30 04:55:15,2025-04-30 14:05:01,148
14172,2025-04-30,2025-04-30 04:55:21,2025-04-30 14:05:09,165
14174,2025-04-30,2025-04-30 04:58:32,,174
14175,2025-04-30,2025-04-30 04:58:42,2025-04-30 14:03:31,144
14176,2025-04-30,2025-04-30 04:58:50,2025-04-30 14:04:14,146
14177,2025-04-30,2025-04-30 04:58:52,2025-04-30 14:03:36,177
14178,2025-04-30,2025-04-30 04:58:56,2025-04-30 14:04:29,164
14179,2025-04-30,2025-04-30 04:58:58,2025-04-30 14:03:27,255
14180,2025-04-30,2025-04-30 04:59:01,2025-04-30 14:04:27,142
14182,2025-04-30,2025-04-30 04:59:30,2025-04-30 14:05:44,159
14183,2025-04-30,2025-04-30 04:59:42,2025-04-30 14:04:53,155
14184,2025-04-30,2025-04-30 05:00:25,2025-04-30 14:04:48,156
14185,2025-04-30,2025-04-30 05:00:33,2025-04-30 14:09:56,252
14187,2025-04-30,2025-04-30 05:02:52,2025-04-30 14:03:51,187
14188,2025-04-30,2025-04-30 05:02:56,2025-04-30 14:07:16,256
14189,2025-04-30,2025-04-30 05:03:36,2025-04-30 14:09:48,151
14190,2025-04-30,2025-04-30 05:07:48,2025-04-30 14:04:10,170
14191,2025-04-30,2025-04-30 05:19:04,2025-04-30 14:04:36,183
14192,2025-04-30,2025-04-30 05:20:48,2025-04-30 10:14:19,158
14193,2025-04-30,2025-04-30 05:29:34,2025-04-30 14:06:32,166
14194,2025-05-01,2025-05-01 04:50:34,2025-05-01 14:21:10,147
14195,2025-05-01,2025-05-01 04:52:26,2025-05-01 14:30:14,189
14196,2025-05-01,2025-05-01 04:52:41,2025-05-01 14:25:19,166
14197,2025-05-01,2025-05-01 04:52:45,2025-05-01 14:33:06,154
14198,2025-05-01,2025-05-01 04:53:29,2025-05-01 14:06:56,156
14199,2025-05-01,2025-05-01 04:53:57,2025-05-01 14:35:24,169
14200,2025-05-01,2025-05-01 04:55:14,2025-05-01 14:06:13,165
14201,2025-05-01,2025-05-01 04:55:17,2025-05-01 14:07:26,148
14202,2025-05-01,2025-05-01 04:55:25,2025-05-01 14:21:03,175
14203,2025-05-01,2025-05-01 04:55:31,2025-05-01 14:25:07,159
14204,2025-05-01,2025-05-01 04:56:21,,174
14205,2025-05-01,2025-05-01 04:58:09,2025-05-01 14:21:36,252
14206,2025-05-01,2025-05-01 04:58:12,2025-05-01 14:13:53,144
14207,2025-05-01,2025-05-01 04:58:21,,142
14208,2025-05-01,2025-05-01 04:58:34,2025-05-01 14:18:32,183
14210,2025-05-01,2025-05-01 04:58:40,2025-05-01 14:08:30,164
14211,2025-05-01,2025-05-01 04:58:42,2025-05-01 14:10:33,146
14212,2025-05-01,2025-05-01 04:58:45,2025-05-01 14:08:25,255
14213,2025-05-01,2025-05-01 04:58:47,2025-05-01 14:08:22,177
14214,2025-05-01,2025-05-01 04:58:49,2025-05-01 14:18:28,155
14215,2025-05-01,2025-05-01 04:58:53,2025-05-01 14:18:40,170
14218,2025-05-01,2025-05-01 05:03:18,2025-05-01 14:21:40,187
14219,2025-05-01,2025-05-01 05:03:20,2025-05-01 14:21:46,256
14220,2025-05-01,2025-05-01 05:04:36,,151
14222,2025-05-03,2025-05-03 04:42:32,,169
14223,2025-05-03,2025-05-03 04:52:14,2025-05-03 15:21:08,189
14224,2025-05-03,2025-05-03 04:52:20,2025-05-03 14:05:34,154
14225,2025-05-03,2025-05-03 04:53:28,2025-05-03 14:07:20,166
14226,2025-05-03,2025-05-03 04:54:53,2025-05-03 14:03:02,187
14227,2025-05-03,2025-05-03 04:55:00,2025-05-03 14:06:03,256
14228,2025-05-03,2025-05-03 04:57:53,2025-05-03 10:18:51,158
14229,2025-05-03,2025-05-03 04:57:59,2025-05-03 14:02:43,159
14230,2025-05-03,2025-05-03 04:58:04,2025-05-03 14:02:58,144
14231,2025-05-03,2025-05-03 04:58:08,2025-05-03 15:21:04,165
14232,2025-05-03,2025-05-03 04:58:11,2025-05-03 15:21:28,148
14233,2025-05-03,2025-05-03 04:58:19,2025-05-03 14:08:38,175
14234,2025-05-03,2025-05-03 04:58:28,2025-05-03 14:05:24,252
14235,2025-05-03,2025-05-03 04:58:33,2025-05-03 14:04:10,170
14237,2025-05-03,2025-05-03 04:58:48,2025-05-03 14:05:04,147
14238,2025-05-03,2025-05-03 04:59:34,2025-05-03 14:02:52,183
14239,2025-05-03,2025-05-03 05:00:10,2025-05-03 14:05:10,156
14240,2025-05-03,2025-05-03 05:01:36,2025-05-03 14:03:23,142
14241,2025-05-03,2025-05-03 05:01:39,2025-05-03 14:05:28,146
14242,2025-05-03,2025-05-03 05:01:42,2025-05-03 14:05:20,177
14243,2025-05-03,2025-05-03 05:01:46,2025-05-03 14:03:52,255
14244,2025-05-03,2025-05-03 05:01:49,2025-05-03 14:03:11,164
14245,2025-05-03,2025-05-03 05:02:00,2025-05-03 14:04:41,155
14246,2025-05-03,2025-05-03 05:08:58,,174
14247,2025-05-03,2025-05-03 05:10:32,2025-05-03 14:07:08,151
14250,2025-05-04,2025-05-04 04:51:10,2025-05-04 14:07:58,189
14251,2025-05-04,2025-05-04 04:51:14,2025-05-04 14:04:12,154
14252,2025-05-04,2025-05-04 04:51:30,2025-05-04 14:08:04,166
14253,2025-05-04,2025-05-04 04:52:18,2025-05-04 14:08:19,169
14254,2025-05-04,2025-05-04 04:54:53,2025-05-04 14:02:46,165
14255,2025-05-04,2025-05-04 04:55:50,,174
14256,2025-05-04,2025-05-04 04:55:56,2025-05-04 14:03:52,170
14257,2025-05-04,2025-05-04 04:56:58,2025-05-04 14:09:11,175
14258,2025-05-04,2025-05-04 04:57:43,2025-05-04 14:04:54,183
14259,2025-05-04,2025-05-04 04:57:58,2025-05-04 14:04:28,148
14260,2025-05-04,2025-05-04 04:58:09,,144
14261,2025-05-04,2025-05-04 04:58:19,2025-05-04 14:04:23,142
14262,2025-05-04,2025-05-04 04:58:22,2025-05-04 14:03:57,146
14263,2025-05-04,2025-05-04 04:58:25,2025-05-04 14:04:01,177
14264,2025-05-04,2025-05-04 04:58:29,2025-05-04 14:03:12,155
14265,2025-05-04,2025-05-04 04:59:06,2025-05-04 14:02:37,164
14267,2025-05-04,2025-05-04 05:00:51,2025-05-04 14:03:45,156
14268,2025-05-04,2025-05-04 05:00:54,,147
14270,2025-05-04,2025-05-04 05:02:40,,252
14271,2025-05-04,2025-05-04 05:05:20,2025-05-04 14:05:21,159
14272,2025-05-04,2025-05-04 05:08:49,,151
14273,2025-05-05,2025-05-05 04:44:23,2025-05-05 14:07:21,169
14275,2025-05-05,2025-05-05 04:45:09,2025-05-05 14:07:55,166
14276,2025-05-05,2025-05-05 04:50:54,2025-05-05 14:08:42,175
14277,2025-05-05,2025-05-05 04:53:53,2025-05-05 14:03:58,167
14278,2025-05-05,2025-05-05 04:57:50,2025-05-05 14:03:32,170
14279,2025-05-05,2025-05-05 04:57:56,2025-05-05 14:06:25,189
14280,2025-05-05,2025-05-05 04:58:01,2025-05-05 14:02:36,154
14281,2025-05-05,2025-05-05 04:58:05,2025-05-05 14:03:05,148
14282,2025-05-05,2025-05-05 04:58:09,2025-05-05 14:03:43,165
14283,2025-05-05,2025-05-05 04:58:11,2025-05-05 14:04:34,147
14284,2025-05-05,2025-05-05 04:58:14,2025-05-05 14:04:44,187
14285,2025-05-05,2025-05-05 04:58:16,2025-05-05 14:04:57,256
14286,2025-05-05,2025-05-05 04:58:36,,174
14287,2025-05-05,2025-05-05 04:59:41,2025-05-05 14:04:02,142
14288,2025-05-05,2025-05-05 04:59:49,2025-05-05 14:01:50,159
14289,2025-05-05,2025-05-05 04:59:53,2025-05-05 14:05:26,146
14290,2025-05-05,2025-05-05 04:59:55,2025-05-05 14:05:02,177
14291,2025-05-05,2025-05-05 04:59:59,2025-05-05 14:03:55,255
14292,2025-05-05,2025-05-05 05:00:01,2025-05-05 14:04:05,164
14293,2025-05-05,2025-05-05 05:00:07,2025-05-05 14:06:54,155
14294,2025-05-05,2025-05-05 05:01:06,2025-05-05 14:03:37,183
14295,2025-05-05,2025-05-05 05:01:35,2025-05-05 14:03:51,144
14296,2025-05-05,2025-05-05 05:04:45,2025-05-05 14:04:10,156
14299,2025-05-05,2025-05-05 05:05:11,2025-05-05 14:04:53,252
14300,2025-05-05,2025-05-05 05:10:54,,151
14302,2025-05-06,2025-05-06 04:45:23,2025-05-06 14:10:13,166
14303,2025-05-06,2025-05-06 04:46:29,2025-05-06 15:04:09,169
14304,2025-05-06,2025-05-06 04:51:31,2025-05-06 14:11:42,189
14305,2025-05-06,2025-05-06 04:51:39,2025-05-06 14:04:19,154
14306,2025-05-06,2025-05-06 04:55:41,,148
14307,2025-05-06,2025-05-06 04:55:46,2025-05-06 14:04:32,165
14308,2025-05-06,2025-05-06 04:56:16,2025-05-06 14:04:12,170
14309,2025-05-06,2025-05-06 04:57:45,2025-05-06 14:03:50,144
14310,2025-05-06,2025-05-06 04:58:32,2025-05-06 14:05:15,183
14311,2025-05-06,2025-05-06 04:58:43,2025-05-06 14:12:43,175
14312,2025-05-06,2025-05-06 04:58:48,2025-05-06 14:05:59,142
14315,2025-05-06,2025-05-06 04:59:58,,174
14316,2025-05-06,2025-05-06 05:00:03,2025-05-06 09:02:48,164
14317,2025-05-06,2025-05-06 05:00:06,2025-05-06 14:07:21,146
14318,2025-05-06,2025-05-06 05:00:12,2025-05-06 14:07:24,177
14319,2025-05-06,2025-05-06 05:00:17,2025-05-06 14:07:13,155
14320,2025-05-06,2025-05-06 05:00:29,2025-05-06 14:09:20,252
14321,2025-05-06,2025-05-06 05:01:44,2025-05-06 14:14:08,159
14322,2025-05-06,2025-05-06 05:03:52,2025-05-06 14:04:22,167
14323,2025-05-06,2025-05-06 05:04:36,2025-05-06 14:06:52,147
14324,2025-05-06,2025-05-06 05:07:34,,151
14326,2025-05-07,2025-05-07 04:49:38,2025-05-07 14:10:34,169
14327,2025-05-07,2025-05-07 04:52:11,2025-05-07 14:09:16,189
14328,2025-05-07,2025-05-07 04:52:14,2025-05-07 14:06:36,154
14329,2025-05-07,2025-05-07 04:52:38,2025-05-07 14:09:37,166
14330,2025-05-07,2025-05-07 04:55:04,2025-05-07 14:04:39,165
14331,2025-05-07,2025-05-07 04:55:07,2025-05-07 14:07:48,148
14332,2025-05-07,2025-05-07 04:56:08,,174
14333,2025-05-07,2025-05-07 04:57:09,2025-05-07 14:05:29,147
14334,2025-05-07,2025-05-07 04:58:01,2025-05-07 14:05:50,175
14335,2025-05-07,2025-05-07 04:58:34,2025-05-07 14:04:26,146
14336,2025-05-07,2025-05-07 04:58:36,2025-05-07 14:06:46,177
14337,2025-05-07,2025-05-07 04:58:39,2025-05-07 14:06:13,255
14338,2025-05-07,2025-05-07 04:58:41,,164
14339,2025-05-07,2025-05-07 04:58:47,2025-05-07 14:05:44,155
14340,2025-05-07,2025-05-07 04:58:51,2025-05-07 14:06:20,170
14341,2025-05-07,2025-05-07 04:58:56,2025-05-07 14:07:21,187
14342,2025-05-07,2025-05-07 04:58:59,2025-05-07 14:07:38,256
14343,2025-05-07,2025-05-07 04:59:03,2025-05-07 14:06:39,156
14344,2025-05-07,2025-05-07 04:59:09,2025-05-07 14:03:06,144
14345,2025-05-07,2025-05-07 04:59:14,2025-05-07 14:06:49,183
14346,2025-05-07,2025-05-07 05:00:33,2025-05-07 14:06:54,142
14347,2025-05-07,2025-05-07 05:01:45,2025-05-07 14:06:59,167
14348,2025-05-07,2025-05-07 05:04:04,2025-05-07 14:06:31,159
14349,2025-05-07,2025-05-07 05:06:02,2025-05-07 14:07:12,252
14352,2025-05-07,2025-05-07 05:09:15,,151
14354,2025-05-08,2025-05-08 04:42:51,2025-05-08 14:13:17,169
14355,2025-05-08,2025-05-08 04:47:33,2025-05-08 14:06:44,154
14356,2025-05-08,2025-05-08 04:47:48,2025-05-08 14:18:26,189
14357,2025-05-08,2025-05-08 04:50:31,,159
14358,2025-05-08,2025-05-08 04:51:25,2025-05-08 14:23:19,166
14359,2025-05-08,2025-05-08 04:55:34,2025-05-08 14:04:44,148
14360,2025-05-08,2025-05-08 04:55:40,2025-05-08 14:05:10,165
14361,2025-05-08,2025-05-08 04:55:47,,174
14362,2025-05-08,2025-05-08 04:58:15,2025-05-08 14:27:43,175
14363,2025-05-08,2025-05-08 04:58:48,2025-05-08 14:13:11,142
14364,2025-05-08,2025-05-08 04:59:20,2025-05-08 14:10:00,156
14365,2025-05-08,2025-05-08 04:59:50,2025-05-08 14:13:21,164
14366,2025-05-08,2025-05-08 04:59:54,2025-05-08 14:08:10,146
14367,2025-05-08,2025-05-08 04:59:57,2025-05-08 14:08:16,177
14368,2025-05-08,2025-05-08 05:00:05,2025-05-08 14:07:02,170
14369,2025-05-08,2025-05-08 05:00:15,2025-05-08 14:15:13,155
14372,2025-05-08,2025-05-08 05:02:25,2025-05-08 14:07:22,183
14373,2025-05-08,2025-05-08 05:03:47,2025-05-08 14:05:23,147
14374,2025-05-08,2025-05-08 05:04:48,,252
14375,2025-05-08,2025-05-08 05:09:20,2025-05-08 14:23:02,151
14377,2025-05-10,2025-05-10 04:44:18,2025-05-10 14:04:06,174
14378,2025-05-10,2025-05-10 04:47:32,2025-05-10 14:08:52,169
14379,2025-05-10,2025-05-10 04:52:01,2025-05-10 14:08:47,166
14380,2025-05-10,2025-05-10 04:54:57,2025-05-10 14:06:28,189
14381,2025-05-10,2025-05-10 04:55:00,2025-05-10 14:05:14,154
14382,2025-05-10,2025-05-10 04:56:24,2025-05-10 14:06:13,165
14383,2025-05-10,2025-05-10 04:57:27,2025-05-10 14:05:03,148
14384,2025-05-10,2025-05-10 04:57:53,2025-05-10 14:03:55,183
14385,2025-05-10,2025-05-10 04:58:08,2025-05-10 14:05:30,187
14386,2025-05-10,2025-05-10 04:58:13,2025-05-10 14:05:56,256
14387,2025-05-10,2025-05-10 04:58:23,2025-05-10 14:04:24,142
14388,2025-05-10,2025-05-10 04:58:28,2025-05-10 14:04:11,156
14389,2025-05-10,2025-05-10 04:58:34,2025-05-10 14:09:17,175
14390,2025-05-10,2025-05-10 04:58:40,2025-05-10 14:03:40,170
14391,2025-05-10,2025-05-10 04:59:05,2025-05-10 14:03:43,164
14392,2025-05-10,2025-05-10 04:59:10,2025-05-10 14:03:47,146
14393,2025-05-10,2025-05-10 04:59:12,2025-05-10 14:04:47,255
14394,2025-05-10,2025-05-10 04:59:19,2025-05-10 14:03:50,177
14395,2025-05-10,2025-05-10 04:59:47,2025-05-10 14:06:03,144
14396,2025-05-10,2025-05-10 05:00:02,,155
14398,2025-05-10,2025-05-10 05:02:16,2025-05-10 14:06:01,147
14399,2025-05-10,2025-05-10 05:02:41,2025-05-10 14:05:52,252
14402,2025-05-11,2025-05-11 04:46:38,2025-05-11 14:08:37,169
14403,2025-05-11,2025-05-11 04:48:09,2025-05-11 14:06:15,174
14404,2025-05-11,2025-05-11 04:50:22,2025-05-11 14:07:03,189
14405,2025-05-11,2025-05-11 04:50:26,2025-05-11 14:06:26,154
14406,2025-05-11,2025-05-11 04:56:16,2025-05-11 14:05:00,166
14407,2025-05-11,2025-05-11 04:56:50,2025-05-11 14:06:28,148
14408,2025-05-11,2025-05-11 04:56:53,2025-05-11 14:04:38,165
14411,2025-05-11,2025-05-11 04:58:48,2025-05-11 14:02:35,146
14412,2025-05-11,2025-05-11 04:58:50,2025-05-11 09:05:57,164
14413,2025-05-11,2025-05-11 04:58:53,2025-05-11 14:02:54,177
14414,2025-05-11,2025-05-11 04:59:02,2025-05-11 14:04:57,175
14415,2025-05-11,2025-05-11 04:59:06,2025-05-11 14:06:39,144
14416,2025-05-11,2025-05-11 04:59:27,2025-05-11 14:06:23,170
14417,2025-05-11,2025-05-11 04:59:46,2025-05-11 14:05:40,142
14418,2025-05-11,2025-05-11 04:59:56,,155
14419,2025-05-11,2025-05-11 05:00:05,2025-05-11 14:05:06,156
14420,2025-05-11,2025-05-11 05:00:53,2025-05-11 14:05:43,159
14421,2025-05-11,2025-05-11 05:03:10,2025-05-11 14:06:30,147
14422,2025-05-11,2025-05-11 05:06:21,,151
14423,2025-05-11,2025-05-11 05:08:01,2025-05-11 14:06:09,183
14425,2025-05-12,2025-05-12 04:53:04,2025-05-12 14:04:13,187
14426,2025-05-12,2025-05-12 04:53:09,2025-05-12 14:04:11,256
14427,2025-05-12,2025-05-12 04:54:19,2025-05-12 14:05:35,166
14428,2025-05-12,2025-05-12 04:54:22,2025-05-12 14:03:52,154
14429,2025-05-12,2025-05-12 04:54:27,2025-05-12 14:03:33,165
14430,2025-05-12,2025-05-12 04:54:29,2025-05-12 14:02:58,148
14431,2025-05-12,2025-05-12 04:55:17,2025-05-12 14:01:27,174
14432,2025-05-12,2025-05-12 04:57:00,2025-05-12 14:03:11,146
14433,2025-05-12,2025-05-12 04:57:03,2025-05-12 14:02:38,177
14434,2025-05-12,2025-05-12 04:57:05,2025-05-12 14:03:29,255
14435,2025-05-12,2025-05-12 04:57:07,2025-05-12 14:02:49,164
14436,2025-05-12,2025-05-12 04:57:13,2025-05-12 14:04:50,155
14437,2025-05-12,2025-05-12 04:57:33,2025-05-12 14:05:09,156
14438,2025-05-12,2025-05-12 04:58:25,2025-05-12 14:03:42,144
14439,2025-05-12,2025-05-12 04:58:35,2025-05-12 14:03:24,142
14440,2025-05-12,2025-05-12 04:59:24,2025-05-12 14:04:01,170
14443,2025-05-12,2025-05-12 05:03:04,2025-05-12 14:03:47,147
14444,2025-05-12,2025-05-12 05:03:15,2025-05-12 14:07:56,175
14445,2025-05-12,2025-05-12 05:04:48,2025-05-12 14:04:07,159
14446,2025-05-12,2025-05-12 05:04:53,2025-05-12 14:02:00,183
14447,2025-05-12,2025-05-12 05:05:01,2025-05-12 14:03:37,252
14448,2025-05-12,2025-05-12 05:10:05,2025-05-12 08:14:34,151
14449,2025-05-12,2025-05-12 06:56:47,2025-05-12 14:06:46,169
14451,2025-05-13,2025-05-13 04:45:28,2025-05-13 14:20:46,169
14452,2025-05-13,2025-05-13 04:46:11,2025-05-13 14:03:51,174
14453,2025-05-13,2025-05-13 04:53:05,2025-05-13 14:15:46,189
14454,2025-05-13,2025-05-13 04:53:07,2025-05-13 14:07:45,154
14455,2025-05-13,2025-05-13 04:55:33,2025-05-13 14:06:26,165
14456,2025-05-13,2025-05-13 04:55:37,2025-05-13 14:07:57,148
14457,2025-05-13,2025-05-13 04:56:29,2025-05-13 14:09:37,166
14458,2025-05-13,2025-05-13 04:58:13,2025-05-13 14:04:08,170
14459,2025-05-13,2025-05-13 04:58:17,2025-05-13 14:06:49,142
14460,2025-05-13,2025-05-13 04:58:29,2025-05-13 09:03:27,146
14461,2025-05-13,2025-05-13 04:58:32,2025-05-13 14:15:19,177
14462,2025-05-13,2025-05-13 04:58:34,2025-05-13 14:10:39,164
14463,2025-05-13,2025-05-13 04:58:39,2025-05-13 14:10:33,159
14464,2025-05-13,2025-05-13 04:58:45,2025-05-13 14:07:42,183
14465,2025-05-13,2025-05-13 04:58:58,2025-05-13 14:06:54,144
14468,2025-05-13,2025-05-13 05:00:05,2025-05-13 14:07:16,155
14469,2025-05-13,2025-05-13 05:00:07,2025-05-13 14:06:11,147
14470,2025-05-13,2025-05-13 05:00:15,2025-05-13 14:20:07,252
14471,2025-05-13,2025-05-13 05:00:47,2025-05-13 14:11:45,175
14472,2025-05-13,2025-05-13 05:00:55,2025-05-13 14:04:12,156
14474,2025-05-14,2025-05-14 04:46:42,2025-05-14 14:08:35,169
14475,2025-05-14,2025-05-14 04:48:22,2025-05-14 14:02:32,174
14476,2025-05-14,2025-05-14 04:52:49,2025-05-14 14:02:49,156
14477,2025-05-14,2025-05-14 04:53:52,2025-05-14 14:06:28,154
14478,2025-05-14,2025-05-14 04:54:02,2025-05-14 14:06:35,167
14479,2025-05-14,2025-05-14 04:54:04,2025-05-14 14:08:08,189
14480,2025-05-14,2025-05-14 04:54:45,2025-05-14 14:09:02,175
14481,2025-05-14,2025-05-14 04:56:04,2025-05-14 14:03:29,170
14482,2025-05-14,2025-05-14 04:56:52,2025-05-14 14:04:05,142
14483,2025-05-14,2025-05-14 04:57:47,2025-05-14 14:05:28,144
14484,2025-05-14,2025-05-14 04:58:51,2025-05-14 14:08:28,166
14485,2025-05-14,2025-05-14 04:59:05,2025-05-14 14:03:01,148
14486,2025-05-14,2025-05-14 04:59:08,2025-05-14 14:04:17,165
14487,2025-05-14,2025-05-14 05:00:45,2025-05-14 14:05:57,252
14488,2025-05-14,2025-05-14 05:01:33,2025-05-14 14:03:41,146
14489,2025-05-14,2025-05-14 05:01:35,2025-05-14 14:01:49,255
14490,2025-05-14,2025-05-14 05:01:40,2025-05-14 14:02:22,177
14491,2025-05-14,2025-05-14 05:01:50,2025-05-14 14:06:06,256
14492,2025-05-14,2025-05-14 05:03:02,2025-05-14 14:05:38,183
14493,2025-05-14,2025-05-14 05:03:09,2025-05-14 14:05:52,147
14494,2025-05-14,2025-05-14 05:03:54,2025-05-14 14:02:57,155
14495,2025-05-14,2025-05-14 05:05:01,2025-05-14 14:06:38,159
14498,2025-05-14,2025-05-14 05:10:03,2025-05-14 14:07:30,151
14500,2025-05-15,2025-05-15 04:43:59,2025-05-15 14:08:39,174
14501,2025-05-15,2025-05-15 04:51:27,2025-05-15 14:15:09,166
14502,2025-05-15,2025-05-15 04:54:26,2025-05-15 14:14:29,189
14503,2025-05-15,2025-05-15 04:54:27,2025-05-15 14:07:52,154
14504,2025-05-15,2025-05-15 04:54:31,2025-05-15 14:11:13,148
14505,2025-05-15,2025-05-15 04:54:36,2025-05-15 14:09:11,165
14506,2025-05-15,2025-05-15 04:56:12,,164
14507,2025-05-15,2025-05-15 04:56:16,2025-05-15 14:11:43,146
14508,2025-05-15,2025-05-15 04:56:19,2025-05-15 14:11:47,177
14509,2025-05-15,2025-05-15 04:56:40,2025-05-15 14:09:16,155
14510,2025-05-15,2025-05-15 04:56:48,2025-05-15 14:13:55,159
14511,2025-05-15,2025-05-15 04:57:38,2025-05-15 14:06:50,156
14512,2025-05-15,2025-05-15 04:58:56,2025-05-15 14:13:14,144
14513,2025-05-15,2025-05-15 05:00:06,2025-05-15 14:11:59,170
14514,2025-05-15,2025-05-15 05:00:27,2025-05-15 14:14:58,175
14515,2025-05-15,2025-05-15 05:00:31,2025-05-15 14:09:07,142
14516,2025-05-15,2025-05-15 05:01:26,2025-05-15 14:13:01,183
14517,2025-05-15,2025-05-15 05:01:33,2025-05-15 14:14:40,147
14518,2025-05-15,2025-05-15 05:02:45,2025-05-15 14:19:27,151
14519,2025-05-15,2025-05-15 05:02:51,2025-05-15 14:15:39,252
14522,2025-05-15,2025-05-15 05:38:15,2025-05-15 14:18:34,169
14523,2025-05-17,2025-05-17 04:53:13,2025-05-17 14:08:30,189
14524,2025-05-17,2025-05-17 04:53:20,2025-05-17 14:08:45,166
14525,2025-05-17,2025-05-17 04:53:27,2025-05-17 14:04:38,164
14526,2025-05-17,2025-05-17 04:53:31,2025-05-17 14:08:13,155
14527,2025-05-17,2025-05-17 04:53:34,2025-05-17 14:04:57,177
14528,2025-05-17,2025-05-17 04:53:39,,174
14529,2025-05-17,2025-05-17 04:53:45,2025-05-17 14:03:52,175
14530,2025-05-17,2025-05-17 04:56:01,2025-05-17 14:05:17,142
14531,2025-05-17,2025-05-17 04:57:37,2025-05-17 14:08:36,156
14532,2025-05-17,2025-05-17 04:57:40,2025-05-17 14:03:48,148
14533,2025-05-17,2025-05-17 04:57:45,2025-05-17 14:05:14,165
14534,2025-05-17,2025-05-17 04:59:11,2025-05-17 14:07:57,144
14535,2025-05-17,2025-05-17 04:59:36,2025-05-17 14:06:28,159
14537,2025-05-17,2025-05-17 04:59:54,2025-05-17 14:09:36,169
14539,2025-05-17,2025-05-17 05:00:09,2025-05-17 14:06:01,183
14540,2025-05-17,2025-05-17 05:00:27,2025-05-17 14:08:23,252
14541,2025-05-17,2025-05-17 05:14:59,2025-05-17 14:10:22,151
14542,2025-05-17,2025-05-17 05:39:19,2025-05-17 14:04:45,170
14543,2025-05-17,2025-05-17 08:13:20,2025-05-17 14:09:33,154
14544,2025-05-18,2025-05-18 04:50:21,2025-05-18 09:03:32,164
14545,2025-05-18,2025-05-18 04:50:25,2025-05-18 14:06:15,177
14546,2025-05-18,2025-05-18 04:50:31,2025-05-18 14:08:34,155
14548,2025-05-18,2025-05-18 04:51:33,2025-05-18 14:10:42,169
14549,2025-05-18,2025-05-18 04:54:28,2025-05-18 14:10:49,189
14550,2025-05-18,2025-05-18 04:54:46,2025-05-18 14:10:34,166
14551,2025-05-18,2025-05-18 04:56:05,2025-05-18 14:06:25,165
14552,2025-05-18,2025-05-18 04:56:09,2025-05-18 14:05:28,148
14553,2025-05-18,2025-05-18 04:56:17,2025-05-18 14:10:57,175
14554,2025-05-18,2025-05-18 04:56:22,,174
14555,2025-05-18,2025-05-18 04:57:56,2025-05-18 14:07:52,159
14556,2025-05-18,2025-05-18 04:58:13,2025-05-18 14:04:21,170
14557,2025-05-18,2025-05-18 04:58:21,2025-05-18 14:06:20,142
14558,2025-05-18,2025-05-18 04:58:34,2025-05-18 14:07:04,187
14559,2025-05-18,2025-05-18 04:58:38,2025-05-18 14:07:08,256
14560,2025-05-18,2025-05-18 04:58:47,2025-05-18 07:09:36,146
14561,2025-05-18,2025-05-18 04:58:56,2025-05-18 14:03:11,144
14562,2025-05-18,2025-05-18 04:59:21,2025-05-18 14:06:52,156
14565,2025-05-18,2025-05-18 05:03:26,2025-05-18 08:04:12,147
14566,2025-05-18,2025-05-18 05:03:31,2025-05-18 14:07:40,252
14567,2025-05-18,2025-05-18 05:09:03,,151
14568,2025-05-18,2025-05-18 05:12:58,2025-05-18 14:08:27,183
14569,2025-05-18,2025-05-18 05:13:13,2025-05-18 14:06:27,255
14571,2025-05-19,2025-05-19 04:42:33,2025-05-19 14:11:04,169
14572,2025-05-19,2025-05-19 04:52:41,2025-05-19 14:08:07,166
14573,2025-05-19,2025-05-19 04:54:09,2025-05-19 14:07:11,189
14574,2025-05-19,2025-05-19 04:54:14,2025-05-19 14:05:47,165
14575,2025-05-19,2025-05-19 04:55:30,,174
14576,2025-05-19,2025-05-19 04:56:27,2025-05-19 14:05:58,187
14577,2025-05-19,2025-05-19 04:56:32,2025-05-19 14:06:04,256
14578,2025-05-19,2025-05-19 04:56:39,2025-05-19 14:05:17,177
14579,2025-05-19,2025-05-19 04:57:12,2025-05-19 14:10:00,148
14580,2025-05-19,2025-05-19 04:57:19,2025-05-19 14:03:09,255
14581,2025-05-19,2025-05-19 04:58:11,2025-05-19 14:06:15,159
14582,2025-05-19,2025-05-19 04:58:20,2025-05-19 14:05:12,183
14583,2025-05-19,2025-05-19 04:58:24,2025-05-19 14:02:40,164
14584,2025-05-19,2025-05-19 04:58:28,2025-05-19 14:07:03,155
14585,2025-05-19,2025-05-19 04:58:37,2025-05-19 14:03:59,156
14586,2025-05-19,2025-05-19 04:59:21,2025-05-19 14:06:00,147
14587,2025-05-19,2025-05-19 04:59:56,2025-05-19 14:06:34,144
14588,2025-05-19,2025-05-19 05:00:38,2025-05-19 14:05:06,142
14589,2025-05-19,2025-05-19 05:01:00,2025-05-19 14:09:44,175
14590,2025-05-19,2025-05-19 05:02:27,2025-05-19 14:03:41,170
14593,2025-05-19,2025-05-19 14:14:38,,151
14595,2025-05-20,2025-05-20 04:41:21,2025-05-20 14:10:04,169
14596,2025-05-20,2025-05-20 04:52:22,2025-05-20 14:05:47,189
14597,2025-05-20,2025-05-20 04:54:41,2025-05-20 14:06:44,187
14598,2025-05-20,2025-05-20 04:54:45,2025-05-20 14:06:49,256
14599,2025-05-20,2025-05-20 04:56:30,2025-05-20 14:03:36,165
14600,2025-05-20,2025-05-20 04:56:34,2025-05-20 14:11:41,148
14601,2025-05-20,2025-05-20 04:57:20,2025-05-20 14:04:51,159
14602,2025-05-20,2025-05-20 04:59:22,2025-05-20 14:05:32,177
14603,2025-05-20,2025-05-20 05:00:16,2025-05-20 14:09:17,175
14604,2025-05-20,2025-05-20 05:00:20,2025-05-20 14:05:00,144
14605,2025-05-20,2025-05-20 05:00:23,2025-05-20 14:05:10,170
14606,2025-05-20,2025-05-20 05:00:27,2025-05-20 14:06:27,155
14607,2025-05-20,2025-05-20 05:00:29,2025-05-20 14:04:53,255
14609,2025-05-20,2025-05-20 05:00:35,2025-05-20 14:04:56,164
14610,2025-05-20,2025-05-20 05:00:36,2025-05-20 14:05:07,147
14611,2025-05-20,2025-05-20 05:00:42,2025-05-20 14:06:12,183
14612,2025-05-20,2025-05-20 05:00:46,2025-05-20 14:06:37,252
14613,2025-05-20,2025-05-20 05:00:51,2025-05-20 14:05:20,142
14615,2025-05-20,2025-05-20 05:05:27,2025-05-20 14:05:15,156
14616,2025-05-20,2025-05-20 05:07:54,,174
14617,2025-05-20,2025-05-20 05:08:19,2025-05-20 14:08:47,151
14618,2025-05-20,2025-05-20 07:20:17,2025-05-20 14:09:05,166
14620,2025-05-21,2025-05-21 04:51:43,2025-05-21 14:01:52,169
14621,2025-05-21,2025-05-21 04:51:59,2025-05-21 14:09:55,189
14622,2025-05-21,2025-05-21 04:53:41,2025-05-21 14:06:37,165
14623,2025-05-21,2025-05-21 04:55:27,2025-05-21 14:10:35,148
14624,2025-05-21,2025-05-21 04:55:38,,174
14625,2025-05-21,2025-05-21 04:57:23,2025-05-21 14:09:28,256
14626,2025-05-21,2025-05-21 04:57:31,2025-05-21 14:01:46,187
14627,2025-05-21,2025-05-21 04:57:56,2025-05-21 14:09:40,183
14628,2025-05-21,2025-05-21 04:58:04,2025-05-21 14:09:24,177
14629,2025-05-21,2025-05-21 04:58:08,2025-05-21 14:03:56,146
14630,2025-05-21,2025-05-21 04:58:12,2025-05-21 14:06:51,147
14631,2025-05-21,2025-05-21 04:58:14,2025-05-21 14:08:29,155
14632,2025-05-21,2025-05-21 04:58:21,2025-05-21 14:02:16,164
14633,2025-05-21,2025-05-21 04:58:26,2025-05-21 14:12:29,175
14634,2025-05-21,2025-05-21 04:58:28,2025-05-21 14:06:25,255
14635,2025-05-21,2025-05-21 04:58:36,2025-05-21 14:06:46,142
14636,2025-05-21,2025-05-21 04:58:49,2025-05-21 14:02:23,170
14637,2025-05-21,2025-05-21 04:58:59,,167
14638,2025-05-21,2025-05-21 05:00:21,2025-05-21 14:11:16,166
14639,2025-05-21,2025-05-21 05:00:35,2025-05-21 14:07:40,144
14640,2025-05-21,2025-05-21 05:00:54,,156
14641,2025-05-21,2025-05-21 05:02:16,2025-05-21 14:08:38,252
14644,2025-05-21,2025-05-21 05:03:08,2025-05-21 14:04:44,159
14645,2025-05-21,2025-05-21 05:06:27,2025-05-21 14:11:32,151
14647,2025-05-22,2025-05-22 04:42:09,2025-05-22 14:23:51,169
14648,2025-05-22,2025-05-22 04:50:14,2025-05-22 14:20:49,187
14649,2025-05-22,2025-05-22 04:50:16,,256
14650,2025-05-22,2025-05-22 04:51:19,2025-05-22 14:21:44,189
14651,2025-05-22,2025-05-22 04:54:13,2025-05-22 14:23:39,151
14652,2025-05-22,2025-05-22 04:54:32,,170
14653,2025-05-22,2025-05-22 04:55:56,,166
14654,2025-05-22,2025-05-22 04:59:26,2025-05-22 14:21:05,144
14655,2025-05-22,2025-05-22 04:59:54,2025-05-22 14:05:09,183
14656,2025-05-22,2025-05-22 05:00:07,2025-05-22 14:23:06,175
14657,2025-05-22,2025-05-22 05:00:12,2025-05-22 14:05:47,165
14658,2025-05-22,2025-05-22 05:00:17,2025-05-22 14:20:54,148
14659,2025-05-22,2025-05-22 05:00:31,2025-05-22 14:23:44,159
14660,2025-05-22,2025-05-22 05:00:54,,147
14661,2025-05-22,2025-05-22 05:02:15,2025-05-22 14:15:34,177
14662,2025-05-22,2025-05-22 05:02:19,2025-05-22 14:19:08,164
14663,2025-05-22,2025-05-22 05:02:21,2025-05-22 14:05:14,255
14664,2025-05-22,2025-05-22 05:03:10,,156
14665,2025-05-22,2025-05-22 05:03:18,,174
14666,2025-05-22,2025-05-22 05:03:54,2025-05-22 14:21:16,155
14669,2025-05-22,2025-05-22 05:07:40,2025-05-22 14:20:36,142
14670,2025-05-22,2025-05-22 06:18:21,2025-05-22 14:15:24,146
14671,2025-05-22,2025-05-22 14:21:01,,252
14672,2025-05-24,2025-05-24 04:54:24,2025-05-24 14:02:47,187
14673,2025-05-24,2025-05-24 04:54:39,2025-05-24 12:05:06,256
14674,2025-05-24,2025-05-24 04:54:46,2025-05-24 14:06:44,169
14675,2025-05-24,2025-05-24 04:55:01,2025-05-24 14:07:52,189
14676,2025-05-24,2025-05-24 04:55:20,2025-05-24 14:07:37,166
14677,2025-05-24,2025-05-24 04:56:44,2025-05-24 14:04:24,165
14678,2025-05-24,2025-05-24 04:56:50,2025-05-24 14:06:09,159
14679,2025-05-24,2025-05-24 04:57:04,2025-05-24 14:04:51,170
14680,2025-05-24,2025-05-24 04:57:10,2025-05-24 14:04:18,148
14681,2025-05-24,2025-05-24 04:58:09,2025-05-24 14:04:44,177
14682,2025-05-24,2025-05-24 04:58:36,2025-05-24 14:04:42,142
14683,2025-05-24,2025-05-24 04:58:58,2025-05-24 14:04:04,183
14684,2025-05-24,2025-05-24 04:59:52,2025-05-24 14:04:35,146
14685,2025-05-24,2025-05-24 04:59:55,2025-05-24 14:08:07,175
14686,2025-05-24,2025-05-24 05:00:06,2025-05-24 14:01:23,255
14687,2025-05-24,2025-05-24 05:00:10,2025-05-24 14:01:34,164
14688,2025-05-24,2025-05-24 05:00:12,2025-05-24 08:07:58,147
14689,2025-05-24,2025-05-24 05:00:44,2025-05-24 14:02:59,144
14690,2025-05-24,2025-05-24 05:01:04,,174
14691,2025-05-24,2025-05-24 05:01:10,2025-05-24 14:03:34,252
14694,2025-05-24,2025-05-24 05:06:46,2025-05-24 14:04:31,156
14696,2025-05-24,2025-05-24 14:06:21,,151
14698,2025-05-25,2025-05-25 04:52:43,2025-05-25 14:10:46,166
14699,2025-05-25,2025-05-25 04:55:38,2025-05-25 14:10:20,189
14700,2025-05-25,2025-05-25 04:57:15,2025-05-25 14:03:35,165
14701,2025-05-25,2025-05-25 04:57:30,2025-05-25 14:05:57,148
14702,2025-05-25,2025-05-25 04:57:52,2025-05-25 14:10:37,175
14703,2025-05-25,2025-05-25 04:59:10,2025-05-25 14:01:56,170
14704,2025-05-25,2025-05-25 04:59:15,2025-05-25 08:05:33,147
14705,2025-05-25,2025-05-25 04:59:18,2025-05-25 14:05:15,146
14706,2025-05-25,2025-05-25 04:59:21,2025-05-25 14:07:13,177
14707,2025-05-25,2025-05-25 04:59:26,2025-05-25 14:04:45,255
14708,2025-05-25,2025-05-25 04:59:35,2025-05-25 14:04:42,164
14709,2025-05-25,2025-05-25 05:00:02,2025-05-25 14:07:29,187
14710,2025-05-25,2025-05-25 05:00:05,2025-05-25 14:07:51,256
14711,2025-05-25,2025-05-25 05:00:29,2025-05-25 14:05:08,155
14712,2025-05-25,2025-05-25 05:00:48,2025-05-25 14:06:50,142
14713,2025-05-25,2025-05-25 05:01:48,2025-05-25 14:03:17,183
14714,2025-05-25,2025-05-25 05:02:54,2025-05-25 14:03:07,159
14715,2025-05-25,2025-05-25 05:06:35,2025-05-25 14:07:17,252
14718,2025-05-25,2025-05-25 05:08:23,2025-05-25 14:09:59,151
14719,2025-05-25,2025-05-25 14:10:54,,169
14720,2025-05-26,2025-05-26 04:43:25,2025-05-26 14:10:01,169
14721,2025-05-26,2025-05-26 04:53:26,2025-05-26 14:07:50,189
14722,2025-05-26,2025-05-26 04:55:44,2025-05-26 14:06:40,170
14723,2025-05-26,2025-05-26 04:56:32,2025-05-26 14:10:33,166
14724,2025-05-26,2025-05-26 04:56:49,2025-05-26 14:07:05,165
14725,2025-05-26,2025-05-26 04:56:53,2025-05-26 14:05:12,148
14726,2025-05-26,2025-05-26 04:57:42,,174
14727,2025-05-26,2025-05-26 04:59:01,2025-05-26 14:07:13,144
14728,2025-05-26,2025-05-26 04:59:04,2025-05-26 14:12:41,146
14729,2025-05-26,2025-05-26 04:59:07,2025-05-26 14:12:23,177
14730,2025-05-26,2025-05-26 04:59:13,2025-05-26 14:10:57,175
14731,2025-05-26,2025-05-26 04:59:19,2025-05-26 14:06:34,183
14732,2025-05-26,2025-05-26 04:59:51,2025-05-26 14:06:50,156
14733,2025-05-26,2025-05-26 04:59:53,2025-05-26 14:04:23,164
14734,2025-05-26,2025-05-26 04:59:56,2025-05-26 14:05:47,255
14735,2025-05-26,2025-05-26 05:00:50,2025-05-26 14:06:02,187
14736,2025-05-26,2025-05-26 05:01:04,2025-05-26 14:07:54,256
14737,2025-05-26,2025-05-26 05:01:20,2025-05-26 14:07:11,142
14738,2025-05-26,2025-05-26 05:01:25,2025-05-26 14:06:59,159
14739,2025-05-26,2025-05-26 05:01:45,2025-05-26 14:09:09,151
14740,2025-05-26,2025-05-26 05:02:31,2025-05-26 14:06:25,155
14743,2025-05-27,2025-05-27 04:52:29,2025-05-27 14:03:46,165
14744,2025-05-27,2025-05-27 04:52:33,2025-05-27 14:01:34,148
14745,2025-05-27,2025-05-27 04:52:40,2025-05-27 14:06:54,169
14746,2025-05-27,2025-05-27 04:53:26,2025-05-27 10:32:49,189
14747,2025-05-27,2025-05-27 04:54:27,2025-05-27 14:03:58,146
14748,2025-05-27,2025-05-27 04:54:30,2025-05-27 14:02:57,177
14749,2025-05-27,2025-05-27 04:57:59,2025-05-27 14:00:31,187
14750,2025-05-27,2025-05-27 04:58:21,2025-05-27 14:01:01,164
14751,2025-05-27,2025-05-27 04:58:24,2025-05-27 14:01:08,255
14752,2025-05-27,2025-05-27 04:59:07,2025-05-27 14:07:55,175
14753,2025-05-27,2025-05-27 05:00:05,2025-05-27 14:02:40,170
14754,2025-05-27,2025-05-27 05:00:46,2025-05-27 14:03:12,142
14755,2025-05-27,2025-05-27 05:01:00,2025-05-27 14:02:20,183
14756,2025-05-27,2025-05-27 05:01:09,2025-05-27 14:03:40,144
14757,2025-05-27,2025-05-27 05:01:57,2025-05-27 14:07:23,166
14758,2025-05-27,2025-05-27 05:03:03,2025-05-27 14:06:32,159
14759,2025-05-27,2025-05-27 05:03:53,,151
14760,2025-05-27,2025-05-27 05:04:36,2025-05-27 14:05:28,156
14761,2025-05-27,2025-05-27 05:05:03,,174
14764,2025-05-27,2025-05-27 05:08:47,2025-05-27 14:02:59,252
14766,2025-05-28,2025-05-28 04:45:12,2025-05-28 14:06:24,169
14767,2025-05-28,2025-05-28 04:51:07,2025-05-28 14:03:40,165
14768,2025-05-28,2025-05-28 04:53:07,,174
14769,2025-05-28,2025-05-28 04:54:02,2025-05-28 14:01:39,148
14770,2025-05-28,2025-05-28 04:54:09,2025-05-28 14:01:12,164
14771,2025-05-28,2025-05-28 04:54:12,2025-05-28 14:03:55,146
14772,2025-05-28,2025-05-28 04:54:21,2025-05-28 14:02:56,255
14773,2025-05-28,2025-05-28 04:54:23,2025-05-28 14:02:50,177
14774,2025-05-28,2025-05-28 04:55:34,2025-05-28 14:05:36,155
14775,2025-05-28,2025-05-28 04:56:14,2025-05-28 14:07:38,166
14776,2025-05-28,2025-05-28 04:56:22,2025-05-28 14:07:31,189
14777,2025-05-28,2025-05-28 04:59:01,2025-05-28 14:08:11,175
14778,2025-05-28,2025-05-28 04:59:33,2025-05-28 14:03:03,142
14779,2025-05-28,2025-05-28 04:59:43,2025-05-28 14:02:15,147
14780,2025-05-28,2025-05-28 05:00:10,2025-05-28 14:01:04,144
14781,2025-05-28,2025-05-28 05:00:46,2025-05-28 14:07:40,151
14782,2025-05-28,2025-05-28 05:01:03,2025-05-28 14:04:32,183
14783,2025-05-28,2025-05-28 05:02:03,2025-05-28 14:03:11,170
14784,2025-05-28,2025-05-28 05:02:37,2025-05-28 14:07:15,156
14785,2025-05-28,2025-05-28 05:02:42,2025-05-28 14:02:41,187
14786,2025-05-28,2025-05-28 05:03:02,2025-05-28 14:04:42,256
14787,2025-05-28,2025-05-28 05:03:50,2025-05-28 14:03:33,159
14790,2025-05-28,2025-05-28 05:11:35,2025-05-28 14:04:06,252
14792,2025-05-29,2025-05-29 04:45:03,2025-05-29 14:14:43,169
14793,2025-05-29,2025-05-29 04:50:17,,189
14794,2025-05-29,2025-05-29 04:53:22,2025-05-29 14:09:31,165
14795,2025-05-29,2025-05-29 04:54:41,2025-05-29 14:09:47,155
14796,2025-05-29,2025-05-29 04:54:47,,148
14797,2025-05-29,2025-05-29 04:54:55,2025-05-29 14:13:30,175
14798,2025-05-29,2025-05-29 04:55:34,,174
14799,2025-05-29,2025-05-29 04:55:42,2025-05-29 14:14:39,159
14800,2025-05-29,2025-05-29 04:56:26,2025-05-29 14:09:16,146
14801,2025-05-29,2025-05-29 04:56:53,,164
14802,2025-05-29,2025-05-29 04:57:47,2025-05-29 14:04:53,156
14803,2025-05-29,2025-05-29 04:58:19,2025-05-29 14:05:08,170
14804,2025-05-29,2025-05-29 04:59:14,2025-05-29 14:09:27,177
14805,2025-05-29,2025-05-29 05:00:06,2025-05-29 14:11:40,142
14806,2025-05-29,2025-05-29 05:00:27,2025-05-29 14:13:25,166
14807,2025-05-29,2025-05-29 05:00:53,2025-05-29 14:13:00,187
14808,2025-05-29,2025-05-29 05:01:02,2025-05-29 14:10:55,183
14809,2025-05-29,2025-05-29 05:01:09,2025-05-29 14:08:44,147
14810,2025-05-29,2025-05-29 05:04:27,,256
14811,2025-05-29,2025-05-29 05:05:29,,252
14814,2025-05-29,2025-05-29 05:11:18,2025-05-29 14:17:41,151
14815,2025-05-29,2025-05-29 05:27:43,2025-05-29 14:08:35,255
14816,2025-05-29,2025-05-29 12:09:43,2025-05-29 14:08:40,144
14817,2025-05-30,2025-05-30 04:50:12,2025-05-30 14:11:17,169
14818,2025-05-30,2025-05-30 04:54:52,2025-05-30 14:07:22,165
14819,2025-05-30,2025-05-30 04:55:46,2025-05-30 14:08:22,189
14820,2025-05-30,2025-05-30 04:55:50,2025-05-30 14:07:25,146
14821,2025-05-30,2025-05-30 04:55:53,2025-05-30 14:06:05,177
14822,2025-05-30,2025-05-30 04:55:57,2025-05-30 14:08:16,148
14823,2025-05-30,2025-05-30 04:56:02,2025-05-30 14:06:35,155
14824,2025-05-30,2025-05-30 04:56:18,2025-05-30 14:05:53,156
14825,2025-05-30,2025-05-30 04:58:12,2025-05-30 14:06:11,142
14826,2025-05-30,2025-05-30 04:58:15,2025-05-30 14:05:43,164
14827,2025-05-30,2025-05-30 04:58:17,2025-05-30 14:02:47,255
14828,2025-05-30,2025-05-30 04:59:23,2025-05-30 14:03:48,170
14829,2025-05-30,2025-05-30 05:03:41,2025-05-30 14:06:17,183
14830,2025-05-30,2025-05-30 05:03:44,2025-05-30 14:02:58,144
14831,2025-05-30,2025-05-30 05:04:38,,158
14832,2025-05-30,2025-05-30 05:04:52,2025-05-30 14:04:59,159
14833,2025-05-30,2025-05-30 05:05:13,2025-05-30 14:09:55,166
14834,2025-05-30,2025-05-30 05:07:46,2025-05-30 14:06:25,147
14835,2025-05-30,2025-05-30 05:41:31,2025-05-30 14:04:04,187
14836,2025-05-30,2025-05-30 05:41:36,2025-05-30 14:02:31,256
14838,2025-05-30,2025-05-30 14:10:10,,175
14840,2025-05-31,2025-05-31 04:45:40,2025-05-31 14:11:58,169
14841,2025-05-31,2025-05-31 04:52:48,2025-05-31 14:08:36,156
14842,2025-05-31,2025-05-31 04:53:07,2025-05-31 14:06:19,167
14843,2025-05-31,2025-05-31 04:53:10,2025-05-31 14:09:07,189
14844,2025-05-31,2025-05-31 04:53:17,2025-05-31 14:06:26,187
14845,2025-05-31,2025-05-31 04:53:20,2025-05-31 14:07:45,256
14846,2025-05-31,2025-05-31 04:56:33,2025-05-31 14:07:02,165
14847,2025-05-31,2025-05-31 04:56:36,2025-05-31 14:06:03,148
14848,2025-05-31,2025-05-31 04:56:42,2025-05-31 14:05:56,142
14849,2025-05-31,2025-05-31 04:57:59,2025-05-31 14:10:17,175
14850,2025-05-31,2025-05-31 04:58:37,2025-05-31 14:08:06,155
14851,2025-05-31,2025-05-31 04:58:40,2025-05-31 14:06:56,146
14852,2025-05-31,2025-05-31 04:58:43,2025-05-31 14:05:44,177
14853,2025-05-31,2025-05-31 04:58:46,2025-05-31 14:06:01,255
14854,2025-05-31,2025-05-31 04:59:43,2025-05-31 14:03:53,144
14855,2025-05-31,2025-05-31 05:00:58,2025-05-31 14:09:01,158
14856,2025-05-31,2025-05-31 05:01:08,2025-05-31 14:08:54,159
14857,2025-05-31,2025-05-31 05:01:14,2025-05-31 14:07:31,183
14858,2025-05-31,2025-05-31 05:01:30,2025-05-31 14:06:32,147
14859,2025-05-31,2025-05-31 05:03:00,2025-05-31 14:06:30,252
14862,2025-05-31,2025-05-31 05:05:15,,174
14863,2025-05-31,2025-05-31 05:05:22,2025-05-31 14:10:21,166
14864,2025-05-31,2025-05-31 05:16:01,2025-05-31 14:10:28,151
14865,2025-06-01,2025-06-01 04:46:31,2025-06-01 14:12:15,169
14866,2025-06-01,2025-06-01 04:53:24,2025-06-01 14:07:43,166
14867,2025-06-01,2025-06-01 04:53:39,2025-06-01 14:06:12,189
14868,2025-06-01,2025-06-01 04:57:24,2025-06-01 14:03:41,165
14869,2025-06-01,2025-06-01 04:57:27,2025-06-01 14:01:54,148
14870,2025-06-01,2025-06-01 04:57:35,,174
14871,2025-06-01,2025-06-01 04:57:56,2025-06-01 14:02:59,156
14872,2025-06-01,2025-06-01 04:58:15,2025-06-01 14:03:49,183
14873,2025-06-01,2025-06-01 04:58:47,2025-06-01 14:04:22,146
14874,2025-06-01,2025-06-01 04:58:50,2025-06-01 14:03:22,177
14875,2025-06-01,2025-06-01 04:58:59,2025-06-01 14:03:30,170
14876,2025-06-01,2025-06-01 04:59:05,2025-06-01 14:08:56,175
14877,2025-06-01,2025-06-01 04:59:51,2025-06-01 14:03:35,255
14878,2025-06-01,2025-06-01 05:00:24,2025-06-01 14:04:30,155
14879,2025-06-01,2025-06-01 05:01:09,2025-06-01 14:02:47,159
14880,2025-06-01,2025-06-01 05:01:11,2025-06-01 14:02:40,158
14881,2025-06-01,2025-06-01 05:01:15,2025-06-01 14:04:59,167
14882,2025-06-01,2025-06-01 05:01:30,2025-06-01 14:03:06,142
14883,2025-06-01,2025-06-01 05:01:39,2025-06-01 14:04:47,187
14884,2025-06-01,2025-06-01 05:01:43,2025-06-01 14:04:54,256
14886,2025-06-01,2025-06-01 05:02:30,2025-06-01 14:02:18,144
14887,2025-06-01,2025-06-01 05:05:25,2025-06-01 14:04:10,147
14889,2025-06-01,2025-06-01 05:12:39,2025-06-01 14:08:50,151
14891,2025-06-01,2025-06-01 05:28:08,2025-06-01 14:04:06,252
14892,2025-06-02,2025-06-02 04:44:11,2025-06-02 14:08:06,169
14893,2025-06-02,2025-06-02 04:51:46,2025-06-02 14:06:31,189
14894,2025-06-02,2025-06-02 04:54:41,2025-06-02 14:03:51,167
14895,2025-06-02,2025-06-02 04:56:05,,174
14896,2025-06-02,2025-06-02 04:57:35,2025-06-02 14:06:13,148
14897,2025-06-02,2025-06-02 04:58:15,2025-06-02 14:06:02,155
14898,2025-06-02,2025-06-02 04:58:32,2025-06-02 14:03:25,255
14899,2025-06-02,2025-06-02 04:58:47,2025-06-02 14:03:33,146
14900,2025-06-02,2025-06-02 04:58:51,2025-06-02 14:04:18,165
14901,2025-06-02,2025-06-02 04:58:56,2025-06-02 14:03:30,177
14902,2025-06-02,2025-06-02 05:00:01,2025-06-02 14:04:54,156
14903,2025-06-02,2025-06-02 05:01:38,2025-06-02 14:03:43,158
14904,2025-06-02,2025-06-02 05:01:57,2025-06-02 14:05:32,183
14905,2025-06-02,2025-06-02 05:02:03,2025-06-02 14:03:39,159
14906,2025-06-02,2025-06-02 05:02:09,2025-06-02 14:03:11,142
14907,2025-06-02,2025-06-02 05:02:52,,144
14908,2025-06-02,2025-06-02 05:03:01,2025-06-02 14:08:00,175
14909,2025-06-02,2025-06-02 05:03:26,2025-06-02 14:03:01,170
14910,2025-06-02,2025-06-02 05:03:52,2025-06-02 14:05:51,187
14911,2025-06-02,2025-06-02 05:03:55,2025-06-02 14:04:33,256
14912,2025-06-02,2025-06-02 05:04:00,2025-06-02 14:02:10,147
14913,2025-06-02,2025-06-02 05:04:16,2025-06-02 14:06:42,166
14915,2025-06-02,2025-06-02 05:09:31,2025-06-02 14:08:18,151
14917,2025-06-03,2025-06-03 04:45:09,2025-06-03 14:18:27,169
14918,2025-06-03,2025-06-03 04:51:48,,189
14919,2025-06-03,2025-06-03 04:51:55,2025-06-03 14:07:33,166
14920,2025-06-03,2025-06-03 04:53:40,2025-06-03 14:04:24,165
14921,2025-06-03,2025-06-03 04:57:09,2025-06-03 14:04:48,255
14922,2025-06-03,2025-06-03 04:57:17,2025-06-03 14:04:50,146
14923,2025-06-03,2025-06-03 04:57:30,2025-06-03 14:09:01,177
14924,2025-06-03,2025-06-03 04:57:51,2025-06-03 14:06:39,183
14925,2025-06-03,2025-06-03 04:58:03,2025-06-03 14:03:55,187
14926,2025-06-03,2025-06-03 04:58:08,2025-06-03 14:06:33,256
14927,2025-06-03,2025-06-03 04:58:49,2025-06-03 14:04:18,155
14928,2025-06-03,2025-06-03 05:00:24,2025-06-03 14:03:45,142
14929,2025-06-03,2025-06-03 05:01:13,2025-06-03 14:18:20,175
14930,2025-06-03,2025-06-03 05:03:02,,174
14931,2025-06-03,2025-06-03 05:04:06,2025-06-03 14:11:15,158
14932,2025-06-03,2025-06-03 05:04:15,2025-06-03 14:11:12,159
14933,2025-06-03,2025-06-03 05:05:01,2025-06-03 14:08:22,147
14934,2025-06-03,2025-06-03 05:05:04,2025-06-03 14:02:46,144
14937,2025-06-03,2025-06-03 05:07:23,2025-06-03 14:04:57,167
14938,2025-06-03,2025-06-03 05:15:47,2025-06-03 14:05:51,156
14939,2025-06-03,2025-06-03 05:57:43,2025-06-03 15:12:34,148
14940,2025-06-03,2025-06-03 14:04:12,,170
14941,2025-06-03,2025-06-03 14:18:13,,151
14942,2025-06-04,2025-06-04 04:52:08,,189
14943,2025-06-04,2025-06-04 04:56:07,2025-06-04 14:39:29,165
14944,2025-06-04,2025-06-04 04:56:17,,148
14945,2025-06-04,2025-06-04 04:57:24,2025-06-04 14:42:10,146
14946,2025-06-04,2025-06-04 04:57:26,2025-06-04 14:41:39,177
14947,2025-06-04,2025-06-04 04:57:32,2025-06-04 14:37:47,255
14948,2025-06-04,2025-06-04 04:58:34,2025-06-04 14:37:32,170
14949,2025-06-04,2025-06-04 04:59:47,2025-06-04 14:37:52,156
14950,2025-06-04,2025-06-04 05:00:01,2025-06-04 14:48:28,175
14951,2025-06-04,2025-06-04 05:00:08,2025-06-04 14:41:58,155
14952,2025-06-04,2025-06-04 05:00:20,2025-06-04 14:47:56,166
14953,2025-06-04,2025-06-04 05:01:27,,256
14954,2025-06-04,2025-06-04 05:01:32,,167
14955,2025-06-04,2025-06-04 05:01:35,2025-06-04 14:41:44,187
14956,2025-06-04,2025-06-04 05:01:44,2025-06-04 14:38:17,183
14957,2025-06-04,2025-06-04 05:02:20,2025-06-04 14:37:40,147
14958,2025-06-04,2025-06-04 05:03:00,2025-06-04 14:38:34,142
14959,2025-06-04,2025-06-04 05:03:29,,252
14960,2025-06-04,2025-06-04 05:03:36,,159
14961,2025-06-04,2025-06-04 05:03:42,,158
14964,2025-06-04,2025-06-04 05:05:18,,144
14965,2025-06-04,2025-06-04 05:13:12,,151
14966,2025-06-04,2025-06-04 14:50:45,,169
14967,2025-06-21,2025-06-21 04:55:41,2025-06-21 14:02:39,154
14968,2025-06-21,2025-06-21 04:55:46,2025-06-21 14:06:01,189
14969,2025-06-21,2025-06-21 04:57:14,2025-06-21 14:07:43,166
14970,2025-06-21,2025-06-21 04:57:20,2025-06-21 14:04:59,183
14971,2025-06-21,2025-06-21 04:58:50,2025-06-21 14:07:50,175
14972,2025-06-21,2025-06-21 04:59:05,2025-06-21 14:01:12,187
14973,2025-06-21,2025-06-21 04:59:13,2025-06-21 14:03:10,148
14974,2025-06-21,2025-06-21 04:59:19,2025-06-21 14:03:26,165
14975,2025-06-21,2025-06-21 04:59:23,2025-06-21 14:01:53,256
14976,2025-06-21,2025-06-21 04:59:27,2025-06-21 14:01:46,144
14977,2025-06-21,2025-06-21 05:00:19,2025-06-21 14:00:28,164
14978,2025-06-21,2025-06-21 05:00:26,,174
14979,2025-06-21,2025-06-21 05:00:31,2025-06-21 14:03:32,146
14980,2025-06-21,2025-06-21 05:00:35,2025-06-21 14:02:54,177
14981,2025-06-21,2025-06-21 05:00:39,,155
14982,2025-06-21,2025-06-21 05:00:44,2025-06-21 14:02:50,142
14983,2025-06-21,2025-06-21 05:04:33,2025-06-21 14:04:23,159
14984,2025-06-21,2025-06-21 05:04:38,2025-06-21 14:02:56,147
14985,2025-06-21,2025-06-21 05:10:35,2025-06-21 14:03:21,252
14986,2025-06-21,2025-06-21 14:02:45,,167
14987,2025-06-21,2025-06-21 14:04:30,,158
14988,2025-06-21,2025-06-21 14:07:06,,169
14989,2025-06-22,2025-06-22 04:46:24,2025-06-22 14:11:22,169
14990,2025-06-22,2025-06-22 04:52:35,2025-06-22 14:03:50,167
14991,2025-06-22,2025-06-22 04:56:34,2025-06-22 14:05:08,148
14992,2025-06-22,2025-06-22 04:56:42,2025-06-22 14:07:25,165
14993,2025-06-22,2025-06-22 04:57:47,,174
14994,2025-06-22,2025-06-22 04:57:55,2025-06-22 14:02:35,187
14995,2025-06-22,2025-06-22 04:58:23,2025-06-22 14:10:55,175
14996,2025-06-22,2025-06-22 04:58:37,2025-06-22 14:09:15,189
14997,2025-06-22,2025-06-22 04:58:46,2025-06-22 14:02:24,154
14998,2025-06-22,2025-06-22 04:59:34,2025-06-22 14:02:22,164
14999,2025-06-22,2025-06-22 04:59:47,2025-06-22 14:06:02,147
15000,2025-06-22,2025-06-22 04:59:50,2025-06-22 14:07:34,177
15001,2025-06-22,2025-06-22 04:59:53,2025-06-22 14:05:38,146
15002,2025-06-22,2025-06-22 04:59:58,2025-06-22 14:05:29,155
15003,2025-06-22,2025-06-22 05:00:02,2025-06-22 14:04:45,256
15004,2025-06-22,2025-06-22 05:00:09,2025-06-22 14:03:24,144
15005,2025-06-22,2025-06-22 05:00:16,2025-06-22 14:06:32,142
15006,2025-06-22,2025-06-22 05:00:53,2025-06-22 14:08:52,183
15007,2025-06-22,2025-06-22 05:01:04,2025-06-22 14:05:34,156
15008,2025-06-22,2025-06-22 05:02:37,2025-06-22 14:07:21,252
15009,2025-06-22,2025-06-22 05:04:04,2025-06-22 14:11:00,166
15010,2025-06-22,2025-06-22 05:04:23,2025-06-22 14:03:53,158
15011,2025-06-22,2025-06-22 05:04:28,2025-06-22 14:06:37,159
15012,2025-06-22,2025-06-22 05:22:53,2025-06-22 14:12:14,151
15013,2025-06-23,2025-06-23 04:44:10,2025-06-23 14:21:20,169
15014,2025-06-23,2025-06-23 04:51:34,2025-06-23 14:15:32,189
15015,2025-06-23,2025-06-23 04:51:42,2025-06-23 14:02:59,154
15016,2025-06-23,2025-06-23 04:56:40,2025-06-23 14:04:33,165
15017,2025-06-23,2025-06-23 04:56:42,2025-06-23 14:02:51,148
15018,2025-06-23,2025-06-23 04:57:23,,174
15019,2025-06-23,2025-06-23 04:59:07,2025-06-23 14:04:10,146
15020,2025-06-23,2025-06-23 04:59:26,2025-06-23 14:08:24,175
15021,2025-06-23,2025-06-23 04:59:32,2025-06-23 14:05:10,170
15022,2025-06-23,2025-06-23 04:59:39,,147
15023,2025-06-23,2025-06-23 04:59:42,2025-06-23 14:03:53,142
15024,2025-06-23,2025-06-23 05:00:00,2025-06-23 14:02:40,164
15025,2025-06-23,2025-06-23 05:00:08,2025-06-23 14:05:18,256
15026,2025-06-23,2025-06-23 05:00:09,2025-06-23 14:04:14,187
15027,2025-06-23,2025-06-23 05:00:14,2025-06-23 14:03:18,167
15028,2025-06-23,2025-06-23 05:00:18,2025-06-23 14:06:55,156
15029,2025-06-23,2025-06-23 05:01:24,,155
15030,2025-06-23,2025-06-23 05:01:27,2025-06-23 14:03:15,144
15031,2025-06-23,2025-06-23 05:03:25,2025-06-23 14:09:00,166
15032,2025-06-23,2025-06-23 05:04:00,,252
15033,2025-06-23,2025-06-23 05:17:13,2025-06-23 14:06:08,159
15034,2025-06-24,2025-06-24 04:55:08,2025-06-24 14:05:20,183
15035,2025-06-24,2025-06-24 04:55:12,,151
15036,2025-06-24,2025-06-24 04:55:16,2025-06-24 14:05:04,165
15037,2025-06-24,2025-06-24 04:55:20,2025-06-24 14:05:37,148
15038,2025-06-24,2025-06-24 04:57:01,2025-06-24 14:08:53,189
15039,2025-06-24,2025-06-24 04:57:06,2025-06-24 14:05:55,156
15040,2025-06-24,2025-06-24 04:57:07,2025-06-24 14:03:11,154
15041,2025-06-24,2025-06-24 04:57:42,2025-06-24 14:07:59,175
15042,2025-06-24,2025-06-24 04:58:47,2025-06-24 14:04:46,155
15043,2025-06-24,2025-06-24 04:59:54,2025-06-24 14:05:14,142
15044,2025-06-24,2025-06-24 05:00:08,2025-06-24 14:04:29,146
15045,2025-06-24,2025-06-24 05:00:10,2025-06-24 14:02:58,164
15046,2025-06-24,2025-06-24 05:01:33,2025-06-24 14:04:35,177
15047,2025-06-24,2025-06-24 05:02:21,2025-06-24 14:04:53,167
15048,2025-06-24,2025-06-24 05:02:33,2025-06-24 14:03:00,187
15049,2025-06-24,2025-06-24 05:02:42,2025-06-24 14:03:44,256
15050,2025-06-24,2025-06-24 05:03:04,2025-06-24 14:05:27,252
15051,2025-06-24,2025-06-24 05:03:39,2025-06-24 14:04:39,147
15052,2025-06-24,2025-06-24 05:04:51,2025-06-24 14:02:48,144
15053,2025-06-24,2025-06-24 05:05:37,2025-06-24 14:12:34,159
15054,2025-06-24,2025-06-24 05:11:15,,174
15055,2025-06-24,2025-06-24 05:12:45,2025-06-24 14:09:47,166
15056,2025-06-24,2025-06-24 05:12:57,2025-06-24 14:13:04,169
15057,2025-06-24,2025-06-24 05:40:43,2025-06-24 14:03:15,170
15058,2025-06-25,2025-06-25 04:56:21,2025-06-25 14:06:45,189
15059,2025-06-25,2025-06-25 04:56:25,2025-06-25 14:04:05,154
15060,2025-06-25,2025-06-25 04:56:44,2025-06-25 14:09:06,169
15061,2025-06-25,2025-06-25 04:56:48,2025-06-25 14:02:49,148
15062,2025-06-25,2025-06-25 04:56:52,2025-06-25 14:06:15,165
15063,2025-06-25,2025-06-25 04:57:01,2025-06-25 14:04:44,183
15064,2025-06-25,2025-06-25 04:57:30,,174
15065,2025-06-25,2025-06-25 04:57:34,2025-06-25 14:05:25,146
15066,2025-06-25,2025-06-25 04:57:37,2025-06-25 14:04:14,177
15067,2025-06-25,2025-06-25 04:57:51,2025-06-25 14:02:04,164
15068,2025-06-25,2025-06-25 04:58:04,2025-06-25 14:07:02,175
15069,2025-06-25,2025-06-25 04:59:06,2025-06-25 14:04:57,155
15070,2025-06-25,2025-06-25 04:59:26,2025-06-25 14:02:32,170
15071,2025-06-25,2025-06-25 05:00:41,2025-06-25 14:03:40,142
15072,2025-06-25,2025-06-25 05:01:31,2025-06-25 14:08:42,166
15073,2025-06-25,2025-06-25 05:02:37,2025-06-25 14:05:17,144
15074,2025-06-25,2025-06-25 05:04:44,2025-06-25 14:03:19,156
15075,2025-06-25,2025-06-25 05:06:07,2025-06-25 14:03:45,252
15076,2025-06-25,2025-06-25 05:06:28,2025-06-25 14:04:11,167
15077,2025-06-25,2025-06-25 05:08:25,2025-06-25 14:04:19,256
15078,2025-06-25,2025-06-25 05:08:27,2025-06-25 14:02:13,187
15079,2025-06-25,2025-06-25 05:08:38,2025-06-25 14:05:21,147
15080,2025-06-25,2025-06-25 05:13:43,2025-06-25 14:07:51,151
15081,2025-06-25,2025-06-25 06:44:27,2025-06-25 14:04:23,159
15082,2025-06-25,2025-06-25 06:44:34,2025-06-25 14:04:17,158
15083,2025-06-26,2025-06-26 04:42:06,2025-06-26 14:16:46,169
15084,2025-06-26,2025-06-26 04:47:11,2025-06-26 14:08:52,167
15085,2025-06-26,2025-06-26 04:47:14,2025-06-26 14:06:27,154
15086,2025-06-26,2025-06-26 04:53:23,2025-06-26 14:07:21,156
15087,2025-06-26,2025-06-26 04:53:30,2025-06-26 14:08:58,165
15088,2025-06-26,2025-06-26 04:53:34,2025-06-26 14:06:13,148
15089,2025-06-26,2025-06-26 04:55:14,,174
15090,2025-06-26,2025-06-26 04:55:17,2025-06-26 14:08:15,146
15091,2025-06-26,2025-06-26 04:55:21,2025-06-26 14:08:23,177
15092,2025-06-26,2025-06-26 04:55:53,2025-06-26 14:18:19,189
15093,2025-06-26,2025-06-26 04:57:10,2025-06-26 14:12:50,155
15094,2025-06-26,2025-06-26 04:58:14,2025-06-26 14:11:26,175
15095,2025-06-26,2025-06-26 04:59:59,2025-06-26 14:07:14,170
15096,2025-06-26,2025-06-26 05:00:18,2025-06-26 14:10:22,142
15097,2025-06-26,2025-06-26 05:00:38,2025-06-26 14:06:11,147
15098,2025-06-26,2025-06-26 05:02:40,2025-06-26 14:09:04,183
15099,2025-06-26,2025-06-26 05:02:45,2025-06-26 14:10:07,144
15100,2025-06-26,2025-06-26 05:04:01,,252
15101,2025-06-26,2025-06-26 05:05:13,2025-06-26 14:09:42,256
15102,2025-06-26,2025-06-26 05:05:18,2025-06-26 14:10:29,187
15103,2025-06-26,2025-06-26 05:06:27,2025-06-26 14:13:36,159
15104,2025-06-26,2025-06-26 05:10:27,2025-06-26 14:16:27,166
15105,2025-06-26,2025-06-26 05:11:34,,151
15106,2025-06-26,2025-06-26 14:08:05,,164
15107,2025-06-28,2025-06-28 04:45:22,2025-06-28 14:11:26,169
15108,2025-06-28,2025-06-28 04:50:34,2025-06-28 14:16:03,189
15109,2025-06-28,2025-06-28 04:50:38,2025-06-28 14:02:35,154
15110,2025-06-28,2025-06-28 04:52:08,2025-06-28 14:03:48,165
15111,2025-06-28,2025-06-28 04:52:11,2025-06-28 14:03:05,148
15112,2025-06-28,2025-06-28 04:55:06,2025-06-28 14:05:08,146
15113,2025-06-28,2025-06-28 04:55:11,2025-06-28 14:06:38,155
15114,2025-06-28,2025-06-28 04:56:52,2025-06-28 14:06:34,183
15115,2025-06-28,2025-06-28 04:57:56,2025-06-28 14:04:06,170
15116,2025-06-28,2025-06-28 04:58:20,2025-06-28 14:04:11,142
15117,2025-06-28,2025-06-28 04:59:00,2025-06-28 14:03:44,167
15118,2025-06-28,2025-06-28 04:59:39,2025-06-28 14:09:42,175
15119,2025-06-28,2025-06-28 05:00:36,2025-06-28 14:05:46,164
15120,2025-06-28,2025-06-28 05:01:40,2025-06-28 14:02:47,144
15121,2025-06-28,2025-06-28 05:02:08,2025-06-28 14:03:36,147
15122,2025-06-28,2025-06-28 05:02:20,2025-06-28 14:06:12,252
15123,2025-06-28,2025-06-28 05:03:23,2025-06-28 14:06:03,156
15124,2025-06-28,2025-06-28 05:05:30,2025-06-28 14:04:44,187
15125,2025-06-28,2025-06-28 05:05:33,2025-06-28 14:06:18,256
15126,2025-06-28,2025-06-28 05:07:56,2025-06-28 14:17:02,151
15127,2025-06-28,2025-06-28 05:12:38,,174
15128,2025-06-28,2025-06-28 05:33:09,2025-06-28 14:03:53,177
15129,2025-06-28,2025-06-28 08:02:52,,157
15130,2025-06-28,2025-06-28 08:03:25,2025-06-28 14:02:04,153
15131,2025-06-28,2025-06-28 08:06:56,2025-06-28 14:02:38,145
15132,2025-06-28,2025-06-28 08:07:31,2025-06-28 14:05:19,149
15133,2025-06-28,2025-06-28 08:11:57,2025-06-28 14:06:46,160
15134,2025-06-29,2025-06-29 04:54:00,2025-06-29 14:10:37,189
15135,2025-06-29,2025-06-29 04:55:27,2025-06-29 14:05:29,170
15136,2025-06-29,2025-06-29 04:55:43,2025-06-29 14:06:15,165
15137,2025-06-29,2025-06-29 04:55:46,2025-06-29 14:16:51,148
15138,2025-06-29,2025-06-29 04:55:49,2025-06-29 14:09:15,160
15139,2025-06-29,2025-06-29 04:56:45,2025-06-29 14:06:33,146
15140,2025-06-29,2025-06-29 04:56:48,2025-06-29 14:07:19,177
15141,2025-06-29,2025-06-29 04:56:51,,174
15142,2025-06-29,2025-06-29 04:58:43,2025-06-29 14:10:05,175
15143,2025-06-29,2025-06-29 04:58:46,2025-06-29 14:04:43,153
15144,2025-06-29,2025-06-29 04:58:52,2025-06-29 14:07:23,156
15145,2025-06-29,2025-06-29 04:59:23,2025-06-29 14:08:05,183
15146,2025-06-29,2025-06-29 04:59:45,2025-06-29 14:07:07,155
15147,2025-06-29,2025-06-29 05:00:19,2025-06-29 14:18:49,149
15148,2025-06-29,2025-06-29 05:00:24,2025-06-29 14:03:32,154
15149,2025-06-29,2025-06-29 05:00:33,2025-06-29 14:05:08,142
15150,2025-06-29,2025-06-29 05:04:17,2025-06-29 14:05:13,144
15151,2025-06-29,2025-06-29 05:04:41,2025-06-29 14:05:02,147
15152,2025-06-29,2025-06-29 05:04:59,2025-06-29 14:05:50,256
15153,2025-06-29,2025-06-29 05:05:01,2025-06-29 14:04:59,187
15154,2025-06-29,2025-06-29 05:08:35,2025-06-29 14:07:11,252
15155,2025-06-29,2025-06-29 05:12:29,2025-06-29 14:16:44,151
15156,2025-06-29,2025-06-29 05:20:37,2025-06-29 14:04:57,157
15157,2025-06-29,2025-06-29 05:55:29,2025-06-29 14:15:24,169
15158,2025-06-30,2025-06-30 04:46:16,2025-06-30 14:12:17,169
15159,2025-06-30,2025-06-30 04:52:11,2025-06-30 14:03:24,167
15160,2025-06-30,2025-06-30 04:56:17,2025-06-30 14:05:10,165
15161,2025-06-30,2025-06-30 04:56:20,2025-06-30 14:13:03,148
15162,2025-06-30,2025-06-30 04:57:22,2025-06-30 14:19:21,189
15163,2025-06-30,2025-06-30 04:57:27,2025-06-30 14:04:32,183
15164,2025-06-30,2025-06-30 04:57:34,2025-06-30 14:06:12,146
15165,2025-06-30,2025-06-30 04:57:37,2025-06-30 14:03:41,164
15166,2025-06-30,2025-06-30 04:57:41,2025-06-30 14:03:12,154
15167,2025-06-30,2025-06-30 04:57:44,2025-06-30 14:11:53,160
15168,2025-06-30,2025-06-30 04:57:48,2025-06-30 14:01:53,145
15169,2025-06-30,2025-06-30 04:58:21,2025-06-30 14:02:49,153
15170,2025-06-30,2025-06-30 04:58:56,2025-06-30 14:05:13,142
15171,2025-06-30,2025-06-30 04:59:51,2025-06-30 14:03:28,170
15172,2025-06-30,2025-06-30 05:00:17,2025-06-30 14:03:43,155
15173,2025-06-30,2025-06-30 05:00:34,2025-06-30 14:12:12,175
15174,2025-06-30,2025-06-30 05:00:49,2025-06-30 14:06:07,147
15175,2025-06-30,2025-06-30 05:02:23,2025-06-30 14:03:35,144
15176,2025-06-30,2025-06-30 05:02:38,2025-06-30 14:03:48,156
15177,2025-06-30,2025-06-30 05:04:55,2025-06-30 14:05:24,159
15178,2025-06-30,2025-06-30 05:05:30,,252
15179,2025-06-30,2025-06-30 05:05:51,2025-06-30 14:15:28,151
15180,2025-06-30,2025-06-30 05:06:22,2025-06-30 14:04:26,187
15181,2025-06-30,2025-06-30 05:06:26,2025-06-30 14:05:01,256
15182,2025-06-30,2025-06-30 05:09:33,2025-06-30 14:08:08,149
15183,2025-06-30,2025-06-30 05:25:59,2025-06-30 14:08:19,157
15184,2025-07-01,2025-07-01 04:54:16,2025-07-01 14:12:24,169
15185,2025-07-01,2025-07-01 04:54:20,2025-07-01 14:04:57,165
15186,2025-07-01,2025-07-01 04:54:22,2025-07-01 14:06:27,148
15187,2025-07-01,2025-07-01 04:55:08,2025-07-01 14:14:36,189
15188,2025-07-01,2025-07-01 04:55:10,2025-07-01 14:08:49,154
15189,2025-07-01,2025-07-01 04:56:41,2025-07-01 14:07:40,146
15190,2025-07-01,2025-07-01 04:56:44,2025-07-01 14:06:41,177
15191,2025-07-01,2025-07-01 04:57:48,2025-07-01 14:05:34,147
15192,2025-07-01,2025-07-01 04:57:51,2025-07-01 14:07:00,155
15193,2025-07-01,2025-07-01 04:57:55,2025-07-01 14:03:14,164
15194,2025-07-01,2025-07-01 04:57:57,2025-07-01 14:08:35,160
15195,2025-07-01,2025-07-01 04:59:03,,174
15196,2025-07-01,2025-07-01 04:59:17,2025-07-01 14:04:06,170
15197,2025-07-01,2025-07-01 04:59:43,2025-07-01 14:05:28,142
15198,2025-07-01,2025-07-01 05:00:29,2025-07-01 14:02:45,187
15199,2025-07-01,2025-07-01 05:00:42,2025-07-01 14:03:37,145
15200,2025-07-01,2025-07-01 05:00:45,2025-07-01 14:11:52,175
15201,2025-07-01,2025-07-01 05:01:07,2025-07-01 14:03:33,153
15202,2025-07-01,2025-07-01 05:02:50,2025-07-01 14:06:51,159
15203,2025-07-01,2025-07-01 05:04:05,2025-07-01 14:03:26,167
15204,2025-07-01,2025-07-01 05:08:06,,151
15205,2025-07-01,2025-07-01 05:09:25,2025-07-01 14:04:21,156
15206,2025-07-01,2025-07-01 05:09:54,,183
15207,2025-07-01,2025-07-01 05:10:00,2025-07-01 14:05:12,157
15208,2025-07-01,2025-07-01 05:21:43,2025-07-01 14:03:48,144
15209,2025-07-01,2025-07-01 14:05:58,,252
15210,2025-07-02,2025-07-02 04:49:33,2025-07-02 14:11:24,189
15211,2025-07-02,2025-07-02 04:50:49,2025-07-02 14:01:36,145
15212,2025-07-02,2025-07-02 04:53:02,2025-07-02 14:03:28,167
15213,2025-07-02,2025-07-02 04:56:39,2025-07-02 14:06:21,165
15214,2025-07-02,2025-07-02 04:56:42,2025-07-02 14:05:53,148
15215,2025-07-02,2025-07-02 04:56:52,2025-07-02 14:03:23,183
15216,2025-07-02,2025-07-02 04:56:56,,174
15217,2025-07-02,2025-07-02 04:57:01,2025-07-02 14:06:41,146
15218,2025-07-02,2025-07-02 04:57:03,2025-07-02 14:09:14,177
15219,2025-07-02,2025-07-02 04:57:09,2025-07-02 14:03:25,154
15220,2025-07-02,2025-07-02 04:57:59,2025-07-02 14:09:02,175
15221,2025-07-02,2025-07-02 04:58:38,2025-07-02 14:05:41,164
15222,2025-07-02,2025-07-02 04:58:40,2025-07-02 14:08:26,160
15223,2025-07-02,2025-07-02 04:59:13,2025-07-02 14:04:03,142
15224,2025-07-02,2025-07-02 04:59:41,2025-07-02 14:07:04,156
15225,2025-07-02,2025-07-02 05:00:03,2025-07-02 14:07:14,147
15226,2025-07-02,2025-07-02 05:01:24,2025-07-02 14:04:07,153
15227,2025-07-02,2025-07-02 05:01:30,2025-07-02 14:06:02,155
15228,2025-07-02,2025-07-02 05:02:54,2025-07-02 14:05:32,159
15229,2025-07-02,2025-07-02 05:03:26,2025-07-02 14:03:34,170
15230,2025-07-02,2025-07-02 05:03:41,2025-07-02 14:05:09,252
15231,2025-07-02,2025-07-02 05:03:51,2025-07-02 14:01:20,144
15232,2025-07-02,2025-07-02 05:08:45,2025-07-02 14:02:08,256
15233,2025-07-02,2025-07-02 05:08:52,2025-07-02 14:01:18,187
15234,2025-07-02,2025-07-02 05:10:38,2025-07-02 14:03:54,149
15235,2025-07-02,2025-07-02 05:27:51,2025-07-02 14:08:55,157
15236,2025-07-02,2025-07-02 06:44:46,2025-07-02 14:12:02,151
15237,2025-07-02,2025-07-02 14:11:17,,169
15238,2025-07-03,2025-07-03 04:45:40,,189
15239,2025-07-03,2025-07-03 04:46:03,2025-07-03 14:25:24,169
15240,2025-07-03,2025-07-03 04:46:22,2025-07-03 14:19:09,154
15241,2025-07-03,2025-07-03 04:50:52,2025-07-03 14:16:56,145
15242,2025-07-03,2025-07-03 04:58:21,2025-07-03 14:16:44,183
15243,2025-07-03,2025-07-03 04:58:43,2025-07-03 14:05:14,165
15244,2025-07-03,2025-07-03 04:58:46,2025-07-03 14:01:28,148
15245,2025-07-03,2025-07-03 04:58:49,2025-07-03 14:20:52,160
15246,2025-07-03,2025-07-03 04:59:21,2025-07-03 14:17:20,164
15247,2025-07-03,2025-07-03 04:59:26,2025-07-03 14:16:41,146
15248,2025-07-03,2025-07-03 04:59:45,,174
15249,2025-07-03,2025-07-03 04:59:49,2025-07-03 14:17:58,170
15250,2025-07-03,2025-07-03 04:59:54,2025-07-03 14:23:10,175
15251,2025-07-03,2025-07-03 05:00:11,2025-07-03 14:21:16,142
15252,2025-07-03,2025-07-03 05:00:31,2025-07-03 14:22:58,147
15253,2025-07-03,2025-07-03 05:00:54,2025-07-03 14:17:01,177
15254,2025-07-03,2025-07-03 05:00:57,2025-07-03 14:18:11,153
15255,2025-07-03,2025-07-03 05:03:32,2025-07-03 14:30:08,159
15256,2025-07-03,2025-07-03 05:04:35,2025-07-03 14:22:56,252
15257,2025-07-03,2025-07-03 05:04:43,,144
15258,2025-07-03,2025-07-03 05:06:25,,155
15259,2025-07-03,2025-07-03 05:07:49,2025-07-03 14:02:05,149
15260,2025-07-03,2025-07-03 05:08:41,,187
15261,2025-07-03,2025-07-03 05:08:43,,256
15262,2025-07-03,2025-07-03 05:13:33,,167
15263,2025-07-03,2025-07-03 05:15:48,,156
15264,2025-07-03,2025-07-03 05:22:59,2025-07-03 14:25:37,151
15265,2025-07-03,2025-07-03 05:30:15,2025-07-03 14:05:30,157
15266,2025-07-05,2025-07-05 04:49:50,2025-07-05 14:09:09,169
15267,2025-07-05,2025-07-05 04:50:11,2025-07-05 14:04:40,165
15268,2025-07-05,2025-07-05 04:50:14,2025-07-05 14:03:26,154
15269,2025-07-05,2025-07-05 04:50:44,2025-07-05 14:02:11,148
15270,2025-07-05,2025-07-05 04:52:31,2025-07-05 14:10:16,189
15271,2025-07-05,2025-07-05 04:54:10,2025-07-05 14:03:15,164
15272,2025-07-05,2025-07-05 04:54:15,2025-07-05 14:04:26,146
15273,2025-07-05,2025-07-05 04:54:18,2025-07-05 14:06:42,160
15274,2025-07-05,2025-07-05 04:55:19,2025-07-05 14:01:45,183
15275,2025-07-05,2025-07-05 04:56:20,2025-07-05 14:03:22,155
15276,2025-07-05,2025-07-05 04:56:33,2025-07-05 14:04:00,177
15277,2025-07-05,2025-07-05 04:57:13,2025-07-05 14:04:06,156
15278,2025-07-05,2025-07-05 05:00:59,2025-07-05 14:02:45,142
15279,2025-07-05,2025-07-05 05:01:09,,170
15280,2025-07-05,2025-07-05 05:01:29,2025-07-05 14:03:48,256
15281,2025-07-05,2025-07-05 05:03:02,2025-07-05 14:02:38,147
15282,2025-07-05,2025-07-05 05:04:28,2025-07-05 14:07:19,175
15283,2025-07-05,2025-07-05 05:06:06,2025-07-05 14:03:13,252
15284,2025-07-05,2025-07-05 05:08:36,2025-07-05 14:02:53,144
15285,2025-07-05,2025-07-05 05:14:04,2025-07-05 14:07:14,149
15286,2025-07-05,2025-07-05 05:32:35,2025-07-05 14:06:00,157
15287,2025-07-06,2025-07-06 04:54:21,2025-07-06 14:02:57,148
15288,2025-07-06,2025-07-06 04:54:25,2025-07-06 14:05:26,165
15289,2025-07-06,2025-07-06 04:54:29,2025-07-06 14:07:23,189
15290,2025-07-06,2025-07-06 04:54:32,2025-07-06 14:03:36,147
15291,2025-07-06,2025-07-06 04:54:36,,174
15292,2025-07-06,2025-07-06 04:55:22,2025-07-06 14:04:18,164
15293,2025-07-06,2025-07-06 04:55:26,2025-07-06 14:01:31,146
15294,2025-07-06,2025-07-06 04:55:37,2025-07-06 14:05:03,177
15295,2025-07-06,2025-07-06 04:55:44,2025-07-06 14:01:57,170
15296,2025-07-06,2025-07-06 04:55:50,2025-07-06 14:06:00,160
15297,2025-07-06,2025-07-06 04:56:08,2025-07-06 14:08:09,153
15298,2025-07-06,2025-07-06 04:56:41,2025-07-06 14:05:11,155
15299,2025-07-06,2025-07-06 04:58:24,2025-07-06 14:03:55,145
15300,2025-07-06,2025-07-06 04:58:32,2025-07-06 14:04:05,156
15301,2025-07-06,2025-07-06 04:58:38,2025-07-06 14:05:32,256
15302,2025-07-06,2025-07-06 04:59:31,2025-07-06 14:04:26,183
15303,2025-07-06,2025-07-06 04:59:46,2025-07-06 14:04:56,149
15304,2025-07-06,2025-07-06 05:02:34,2025-07-06 14:04:58,142
15305,2025-07-06,2025-07-06 05:03:17,2025-07-06 14:04:44,167
15306,2025-07-06,2025-07-06 05:03:40,2025-07-06 14:04:30,144
15307,2025-07-06,2025-07-06 05:04:49,,175
15308,2025-07-06,2025-07-06 05:07:33,2025-07-06 14:06:21,252
15309,2025-07-06,2025-07-06 05:08:03,,151
15310,2025-07-06,2025-07-06 05:13:10,2025-07-06 14:08:13,169
15311,2025-07-06,2025-07-06 05:22:01,2025-07-06 14:08:34,157
15312,2025-07-07,2025-07-07 04:52:07,2025-07-07 14:04:44,165
15313,2025-07-07,2025-07-07 04:54:41,2025-07-07 14:04:02,148
15314,2025-07-07,2025-07-07 04:54:48,,174
15315,2025-07-07,2025-07-07 04:55:18,2025-07-07 14:04:00,177
15316,2025-07-07,2025-07-07 04:55:23,2025-07-07 14:01:30,154
15317,2025-07-07,2025-07-07 04:57:34,2025-07-07 14:03:06,183
15318,2025-07-07,2025-07-07 04:57:46,2025-07-07 14:02:30,170
15319,2025-07-07,2025-07-07 04:58:02,2025-07-07 14:03:53,146
15320,2025-07-07,2025-07-07 04:58:20,2025-07-07 14:02:34,145
15321,2025-07-07,2025-07-07 04:58:29,2025-07-07 14:10:46,189
15322,2025-07-07,2025-07-07 04:59:07,2025-07-07 14:01:21,153
15323,2025-07-07,2025-07-07 04:59:39,2025-07-07 14:04:37,160
15324,2025-07-07,2025-07-07 05:00:09,2025-07-07 14:01:27,164
15325,2025-07-07,2025-07-07 05:00:39,2025-07-07 14:06:31,175
15326,2025-07-07,2025-07-07 05:01:51,2025-07-07 14:03:50,252
15327,2025-07-07,2025-07-07 05:01:54,2025-07-07 14:01:06,256
15328,2025-07-07,2025-07-07 05:02:46,2025-07-07 14:04:05,147
15329,2025-07-07,2025-07-07 05:04:00,2025-07-07 14:03:20,156
15330,2025-07-07,2025-07-07 05:07:06,2025-07-07 14:03:46,167
15331,2025-07-07,2025-07-07 05:08:29,2025-07-07 14:03:31,142
15332,2025-07-07,2025-07-07 05:13:39,2025-07-07 14:08:39,149
15333,2025-07-07,2025-07-07 07:25:21,2025-07-07 14:01:35,261
15334,2025-07-07,2025-07-07 14:01:14,,262
15335,2025-07-07,2025-07-07 14:02:23,,265
15336,2025-07-07,2025-07-07 14:02:55,,264
15337,2025-07-07,2025-07-07 14:03:01,,263
15338,2025-07-07,2025-07-07 14:03:13,,260
15339,2025-07-07,2025-07-07 14:03:56,,155
15340,2025-07-07,2025-07-07 14:04:32,,266
15341,2025-07-07,2025-07-07 14:10:51,,169
15342,2025-07-08,2025-07-08 04:46:44,2025-07-08 14:01:10,262
15343,2025-07-08,2025-07-08 04:46:47,2025-07-08 14:03:02,154
15344,2025-07-08,2025-07-08 04:46:52,2025-07-08 14:01:43,146
15345,2025-07-08,2025-07-08 04:46:56,2025-07-08 14:05:49,160
15346,2025-07-08,2025-07-08 04:47:08,2025-07-08 14:02:29,148
15347,2025-07-08,2025-07-08 04:47:13,2025-07-08 14:03:13,261
15348,2025-07-08,2025-07-08 04:47:21,2025-07-08 13:08:04,155
15349,2025-07-08,2025-07-08 04:47:32,2025-07-08 14:03:47,265
15350,2025-07-08,2025-07-08 04:48:16,,174
15351,2025-07-08,2025-07-08 04:48:36,2025-07-08 14:01:14,260
15352,2025-07-08,2025-07-08 04:49:34,2025-07-08 14:02:55,189
15353,2025-07-08,2025-07-08 04:51:12,2025-07-08 14:03:22,165
15354,2025-07-08,2025-07-08 04:54:22,2025-07-08 14:02:44,149
15355,2025-07-08,2025-07-08 04:54:27,2025-07-08 10:13:39,177
15356,2025-07-08,2025-07-08 04:56:21,2025-07-08 14:02:05,266
15357,2025-07-08,2025-07-08 04:56:47,2025-07-08 14:07:55,156
15358,2025-07-08,2025-07-08 04:57:51,2025-07-08 10:10:35,263
15359,2025-07-08,2025-07-08 04:58:53,2025-07-08 14:03:30,142
15360,2025-07-08,2025-07-08 04:59:32,2025-07-08 14:03:06,147
15361,2025-07-08,2025-07-08 05:00:04,2025-07-08 14:02:16,153
15362,2025-07-08,2025-07-08 05:00:19,2025-07-08 14:05:18,175
15363,2025-07-08,2025-07-08 05:00:31,2025-07-08 14:01:47,183
15364,2025-07-08,2025-07-08 05:01:18,2025-07-08 14:02:13,170
15365,2025-07-08,2025-07-08 05:01:33,2025-07-08 14:06:58,169
15366,2025-07-08,2025-07-08 05:02:38,2025-07-08 14:03:43,145
15367,2025-07-08,2025-07-08 05:03:04,2025-07-08 14:04:15,256
15368,2025-07-08,2025-07-08 05:04:12,2025-07-08 14:04:04,252
15369,2025-07-08,2025-07-08 05:07:06,2025-07-08 14:04:10,167
15370,2025-07-08,2025-07-08 05:09:00,2025-07-08 14:03:50,264
15371,2025-07-08,2025-07-08 05:12:13,2025-07-08 14:05:57,151
15372,2025-07-08,2025-07-08 05:23:29,2025-07-08 14:02:52,157
15373,2025-07-08,2025-07-08 14:01:51,,269
15374,2025-07-08,2025-07-08 14:02:27,,143
15375,2025-07-08,2025-07-08 14:03:04,,270
15376,2025-07-08,2025-07-08 14:03:36,2025-07-08 14:04:52,268
15377,2025-07-08,2025-07-08 14:04:06,,164
15378,2025-07-08,2025-07-08 14:04:22,,267
15379,2025-07-09,2025-07-09 04:52:28,2025-07-09 14:03:13,270
15380,2025-07-09,2025-07-09 04:52:46,2025-07-09 14:07:11,189
15381,2025-07-09,2025-07-09 04:52:51,2025-07-09 14:03:59,265
15382,2025-07-09,2025-07-09 04:53:29,2025-07-09 14:03:30,260
15383,2025-07-09,2025-07-09 04:55:19,2025-07-09 14:03:45,145
15384,2025-07-09,2025-07-09 04:56:30,2025-07-09 14:06:03,165
15385,2025-07-09,2025-07-09 04:56:47,2025-07-09 14:07:41,175
15386,2025-07-09,2025-07-09 04:58:04,2025-07-09 14:03:17,269
15387,2025-07-09,2025-07-09 04:58:37,2025-07-09 14:03:06,148
15388,2025-07-09,2025-07-09 04:58:58,2025-07-09 14:03:51,264
15389,2025-07-09,2025-07-09 04:59:06,2025-07-09 14:05:22,146
15390,2025-07-09,2025-07-09 04:59:08,2025-07-09 14:04:20,177
15391,2025-07-09,2025-07-09 04:59:13,2025-07-09 14:03:09,143
15392,2025-07-09,2025-07-09 04:59:20,2025-07-09 14:05:35,160
15393,2025-07-09,2025-07-09 04:59:23,2025-07-09 14:05:57,154
15394,2025-07-09,2025-07-09 04:59:27,2025-07-09 14:03:26,261
15395,2025-07-09,2025-07-09 04:59:31,2025-07-09 14:03:34,153
15396,2025-07-09,2025-07-09 04:59:37,2025-07-09 14:04:29,170
15397,2025-07-09,2025-07-09 05:00:15,2025-07-09 14:04:49,147
15398,2025-07-09,2025-07-09 05:00:17,2025-07-09 14:06:24,156
15399,2025-07-09,2025-07-09 05:00:26,2025-07-09 14:05:43,267
15400,2025-07-09,2025-07-09 05:00:35,2025-07-09 14:05:54,256
15401,2025-07-09,2025-07-09 05:00:50,2025-07-09 14:03:39,262
15402,2025-07-09,2025-07-09 05:01:03,2025-07-09 14:04:12,183
15403,2025-07-09,2025-07-09 05:01:08,2025-07-09 14:04:34,142
15404,2025-07-09,2025-07-09 05:01:17,2025-07-09 14:05:48,155
15405,2025-07-09,2025-07-09 05:02:00,2025-07-09 14:05:03,268
15406,2025-07-09,2025-07-09 05:02:10,2025-07-09 14:05:31,252
15407,2025-07-09,2025-07-09 05:03:51,2025-07-09 14:05:27,149
15408,2025-07-09,2025-07-09 05:09:53,2025-07-09 14:09:14,151
15409,2025-07-09,2025-07-09 05:10:01,2025-07-09 14:04:05,263
15410,2025-07-09,2025-07-09 05:13:37,2025-07-09 14:05:16,266
15411,2025-07-09,2025-07-09 05:19:45,2025-07-09 14:04:54,157
15412,2025-07-09,2025-07-09 05:34:11,2025-07-09 14:03:19,164
15413,2025-07-09,2025-07-09 05:52:42,,169
15414,2025-07-10,2025-07-10 04:49:16,2025-07-10 14:01:57,260
15415,2025-07-10,2025-07-10 04:49:28,2025-07-10 14:03:44,263
15416,2025-07-10,2025-07-10 04:49:34,2025-07-10 14:07:55,169
15417,2025-07-10,2025-07-10 04:49:54,,270
15418,2025-07-10,2025-07-10 04:50:13,2025-07-10 14:06:42,154
15419,2025-07-10,2025-07-10 04:50:31,2025-07-10 14:03:38,265
15420,2025-07-10,2025-07-10 04:51:18,,261
15421,2025-07-10,2025-07-10 04:52:36,2025-07-10 14:08:04,189
15422,2025-07-10,2025-07-10 04:52:42,2025-07-10 14:14:10,256
15423,2025-07-10,2025-07-10 04:52:53,2025-07-10 14:14:13,267
15424,2025-07-10,2025-07-10 04:53:55,2025-07-10 14:06:37,165
15425,2025-07-10,2025-07-10 04:53:59,2025-07-10 14:00:23,148
15426,2025-07-10,2025-07-10 04:55:18,2025-07-10 14:04:05,269
15427,2025-07-10,2025-07-10 04:55:31,2025-07-10 14:03:57,143
15428,2025-07-10,2025-07-10 04:55:37,,174
15429,2025-07-10,2025-07-10 04:55:41,2025-07-10 14:04:46,146
15430,2025-07-10,2025-07-10 04:55:47,2025-07-10 14:04:23,177
15431,2025-07-10,2025-07-10 04:56:21,,156
15432,2025-07-10,2025-07-10 04:57:04,2025-07-10 14:00:41,262
15433,2025-07-10,2025-07-10 04:57:14,,160
15434,2025-07-10,2025-07-10 04:57:48,,164
15435,2025-07-10,2025-07-10 04:58:18,,170
15436,2025-07-10,2025-07-10 04:58:26,2025-07-10 14:04:16,155
15437,2025-07-10,2025-07-10 04:59:49,2025-07-10 14:02:02,183
15438,2025-07-10,2025-07-10 04:59:58,2025-07-10 14:03:29,145
15439,2025-07-10,2025-07-10 05:00:04,2025-07-10 14:13:41,175
15440,2025-07-10,2025-07-10 05:00:57,2025-07-10 14:08:17,142
15441,2025-07-10,2025-07-10 05:01:07,2025-07-10 14:02:11,153
15442,2025-07-10,2025-07-10 05:01:59,2025-07-10 14:03:34,264
15443,2025-07-10,2025-07-10 05:02:12,2025-07-10 14:14:04,252
15444,2025-07-10,2025-07-10 05:04:08,2025-07-10 14:09:30,149
15445,2025-07-10,2025-07-10 05:04:16,2025-07-10 14:04:37,268
15446,2025-07-10,2025-07-10 05:04:33,2025-07-10 14:14:08,147
15447,2025-07-10,2025-07-10 05:08:02,,266
15448,2025-07-10,2025-07-10 05:25:33,2025-07-10 14:02:17,157
15449,2025-07-12,2025-07-12 04:49:18,2025-07-12 14:05:41,189
15450,2025-07-12,2025-07-12 04:49:47,2025-07-12 14:01:58,260
15451,2025-07-12,2025-07-12 04:50:17,2025-07-12 14:03:59,167
15452,2025-07-12,2025-07-12 04:53:18,2025-07-12 14:06:51,169
15453,2025-07-12,2025-07-12 04:53:32,2025-07-12 14:04:42,265
15454,2025-07-12,2025-07-12 04:53:54,2025-07-12 14:06:45,175
15455,2025-07-12,2025-07-12 04:57:12,2025-07-12 14:01:30,149
15456,2025-07-12,2025-07-12 04:58:18,2025-07-12 14:03:47,145
15457,2025-07-12,2025-07-12 04:59:03,2025-07-12 14:02:25,143
15458,2025-07-12,2025-07-12 04:59:08,2025-07-12 14:01:52,170
15459,2025-07-12,2025-07-12 04:59:13,2025-07-12 14:02:43,269
15460,2025-07-12,2025-07-12 04:59:16,2025-07-12 14:03:55,146
15461,2025-07-12,2025-07-12 04:59:18,2025-07-12 14:02:21,164
15462,2025-07-12,2025-07-12 04:59:21,2025-07-12 14:02:54,160
15463,2025-07-12,2025-07-12 04:59:26,2025-07-12 14:04:23,165
15464,2025-07-12,2025-07-12 04:59:28,2025-07-12 14:02:16,177
15465,2025-07-12,2025-07-12 04:59:41,2025-07-12 14:03:35,183
15466,2025-07-12,2025-07-12 04:59:49,2025-07-12 14:01:37,153
15467,2025-07-12,2025-07-12 05:00:33,2025-07-12 14:03:53,154
15468,2025-07-12,2025-07-12 05:00:35,2025-07-12 14:05:14,261
15469,2025-07-12,2025-07-12 05:00:47,2025-07-12 14:02:35,142
15470,2025-07-12,2025-07-12 05:02:12,2025-07-12 14:06:40,155
15471,2025-07-12,2025-07-12 05:02:28,2025-07-12 14:04:16,264
15472,2025-07-12,2025-07-12 05:03:16,2025-07-12 14:01:24,148
15473,2025-07-12,2025-07-12 05:04:15,2025-07-12 14:02:02,252
15474,2025-07-12,2025-07-12 05:05:55,2025-07-12 14:02:13,266
15475,2025-07-12,2025-07-12 05:06:03,2025-07-12 14:03:41,156
15476,2025-07-12,2025-07-12 05:06:12,2025-07-12 14:02:18,147
15477,2025-07-12,2025-07-12 05:08:25,2025-07-12 14:02:50,144
15478,2025-07-12,2025-07-12 05:27:11,2025-07-12 14:04:48,157
15479,2025-07-12,2025-07-12 14:02:58,,270
15480,2025-07-13,2025-07-13 04:48:58,2025-07-13 14:01:41,260
15481,2025-07-13,2025-07-13 04:50:53,2025-07-13 14:03:19,265
15482,2025-07-13,2025-07-13 04:51:09,2025-07-13 14:07:57,189
15483,2025-07-13,2025-07-13 04:53:12,2025-07-13 14:00:58,270
15484,2025-07-13,2025-07-13 04:55:24,2025-07-13 14:01:11,148
15485,2025-07-13,2025-07-13 04:55:29,2025-07-13 14:03:04,165
15486,2025-07-13,2025-07-13 04:57:44,2025-07-13 14:02:44,170
15487,2025-07-13,2025-07-13 04:57:59,2025-07-13 14:05:54,145
15488,2025-07-13,2025-07-13 04:58:04,2025-07-13 14:04:09,146
15489,2025-07-13,2025-07-13 04:58:07,2025-07-13 14:06:20,177
15490,2025-07-13,2025-07-13 04:58:11,2025-07-13 14:00:05,160
15491,2025-07-13,2025-07-13 04:58:13,2025-07-13 14:00:21,143
15492,2025-07-13,2025-07-13 04:58:21,2025-07-13 14:05:46,183
15493,2025-07-13,2025-07-13 04:59:06,2025-07-13 14:01:33,269
15494,2025-07-13,2025-07-13 04:59:10,2025-07-13 14:00:12,153
15495,2025-07-13,2025-07-13 04:59:29,2025-07-13 14:06:13,264
15496,2025-07-13,2025-07-13 05:00:07,2025-07-13 14:03:55,147
15497,2025-07-13,2025-07-13 05:00:17,,252
15498,2025-07-13,2025-07-13 05:00:23,2025-07-13 14:06:51,156
15499,2025-07-13,2025-07-13 05:00:31,2025-07-13 14:01:17,142
15500,2025-07-13,2025-07-13 05:01:59,2025-07-13 14:00:04,154
15501,2025-07-13,2025-07-13 05:02:05,2025-07-13 14:01:22,261
15502,2025-07-13,2025-07-13 05:02:19,2025-07-13 14:04:03,155
15503,2025-07-13,2025-07-13 05:02:47,2025-07-13 14:03:49,144
15504,2025-07-13,2025-07-13 05:02:55,2025-07-13 14:06:27,149
15505,2025-07-13,2025-07-13 05:03:39,2025-07-13 14:07:10,266
15506,2025-07-13,2025-07-13 05:06:02,2025-07-13 14:07:48,151
15507,2025-07-13,2025-07-13 05:06:13,2025-07-13 14:07:04,175
15508,2025-07-13,2025-07-13 05:09:08,2025-07-13 14:01:52,167
15509,2025-07-13,2025-07-13 05:45:30,2025-07-13 14:07:52,157
15510,2025-07-13,2025-07-13 14:07:32,,169
15511,2025-07-14,2025-07-14 04:46:34,2025-07-14 14:13:11,169
15512,2025-07-14,2025-07-14 04:47:48,2025-07-14 14:05:47,156
15513,2025-07-14,2025-07-14 04:50:02,2025-07-14 14:02:44,270
15514,2025-07-14,2025-07-14 04:53:08,2025-07-14 14:03:00,265
15515,2025-07-14,2025-07-14 04:53:17,2025-07-14 14:09:39,189
15516,2025-07-14,2025-07-14 04:53:34,2025-07-14 14:02:49,143
15517,2025-07-14,2025-07-14 04:53:41,2025-07-14 14:03:30,165
15518,2025-07-14,2025-07-14 04:54:09,2025-07-14 14:02:38,160
15519,2025-07-14,2025-07-14 04:54:13,2025-07-14 14:03:23,269
15520,2025-07-14,2025-07-14 04:54:14,2025-07-14 14:02:35,164
15521,2025-07-14,2025-07-14 04:54:37,2025-07-14 14:05:09,146
15522,2025-07-14,2025-07-14 04:54:44,2025-07-14 14:04:36,177
15523,2025-07-14,2025-07-14 04:56:01,2025-07-14 14:06:31,155
15524,2025-07-14,2025-07-14 04:56:20,2025-07-14 14:04:17,260
15525,2025-07-14,2025-07-14 04:56:56,2025-07-14 14:02:55,145
15526,2025-07-14,2025-07-14 04:57:07,2025-07-14 14:02:31,170
15527,2025-07-14,2025-07-14 04:59:02,2025-07-14 14:06:03,175
15528,2025-07-14,2025-07-14 04:59:11,2025-07-14 14:01:22,154
15529,2025-07-14,2025-07-14 04:59:43,2025-07-14 14:03:17,183
15530,2025-07-14,2025-07-14 05:00:13,2025-07-14 14:06:39,149
15531,2025-07-14,2025-07-14 05:00:59,2025-07-14 14:01:26,153
15532,2025-07-14,2025-07-14 05:01:07,2025-07-14 14:05:54,144
15533,2025-07-14,2025-07-14 05:01:19,2025-07-14 14:03:55,142
15534,2025-07-14,2025-07-14 05:03:15,2025-07-14 14:03:38,167
15535,2025-07-14,2025-07-14 05:04:29,2025-07-14 14:04:45,252
15536,2025-07-14,2025-07-14 05:05:24,2025-07-14 14:03:44,266
15537,2025-07-14,2025-07-14 05:05:30,2025-07-14 14:04:49,147
15538,2025-07-14,2025-07-14 05:05:33,2025-07-14 14:06:53,157
15539,2025-07-14,2025-07-14 05:05:46,2025-07-14 14:01:37,148
15540,2025-07-14,2025-07-14 05:10:54,,151
15541,2025-07-14,2025-07-14 06:13:17,2025-07-14 14:04:30,261
15542,2025-07-14,2025-07-14 14:03:07,,264
15543,2025-07-15,2025-07-15 04:51:59,2025-07-15 14:02:28,260
15544,2025-07-15,2025-07-15 04:52:04,2025-07-15 14:04:13,165
15545,2025-07-15,2025-07-15 04:53:22,2025-07-15 14:06:04,189
15546,2025-07-15,2025-07-15 04:53:33,,148
15547,2025-07-15,2025-07-15 04:54:28,2025-07-15 14:03:18,265
15548,2025-07-15,2025-07-15 04:54:32,2025-07-15 14:01:52,270
15549,2025-07-15,2025-07-15 04:55:25,2025-07-15 14:04:38,146
15550,2025-07-15,2025-07-15 04:56:17,2025-07-15 14:04:30,156
15551,2025-07-15,2025-07-15 04:57:59,2025-07-15 14:02:43,145
15552,2025-07-15,2025-07-15 04:59:30,2025-07-15 14:02:37,170
15553,2025-07-15,2025-07-15 04:59:34,2025-07-15 14:00:42,153
15554,2025-07-15,2025-07-15 04:59:50,2025-07-15 14:03:09,142
15555,2025-07-15,2025-07-15 05:00:41,2025-07-15 14:02:17,149
15556,2025-07-15,2025-07-15 05:01:58,2025-07-15 14:02:40,183
15557,2025-07-15,2025-07-15 05:02:38,2025-07-15 14:02:32,143
15558,2025-07-15,2025-07-15 05:02:53,2025-07-15 14:07:18,175
15559,2025-07-15,2025-07-15 05:03:08,2025-07-15 14:04:02,177
15560,2025-07-15,2025-07-15 05:03:18,2025-07-15 14:03:29,266
15561,2025-07-15,2025-07-15 05:03:41,2025-07-15 14:04:46,264
15562,2025-07-15,2025-07-15 05:04:02,2025-07-15 14:01:54,261
15563,2025-07-15,2025-07-15 05:04:10,2025-07-15 14:04:53,144
15564,2025-07-15,2025-07-15 05:04:57,2025-07-15 14:01:48,164
15565,2025-07-15,2025-07-15 05:05:05,2025-07-15 14:01:41,160
15566,2025-07-15,2025-07-15 05:05:07,2025-07-15 14:01:45,269
15567,2025-07-15,2025-07-15 05:05:18,2025-07-15 14:04:57,147
15568,2025-07-15,2025-07-15 05:07:30,2025-07-15 14:02:48,167
15569,2025-07-15,2025-07-15 06:51:49,2025-07-15 14:01:50,154
15570,2025-07-15,2025-07-15 14:06:44,,157
15571,2025-07-15,2025-07-15 15:02:41,,169
15572,2025-07-16,2025-07-16 04:48:00,2025-07-16 14:02:50,164
15573,2025-07-16,2025-07-16 04:48:04,2025-07-16 14:02:19,269
15574,2025-07-16,2025-07-16 04:48:06,2025-07-16 14:03:25,143
15575,2025-07-16,2025-07-16 04:48:39,2025-07-16 14:03:14,264
15576,2025-07-16,2025-07-16 04:49:28,2025-07-16 14:02:44,270
15577,2025-07-16,2025-07-16 04:49:51,2025-07-16 14:05:25,146
15578,2025-07-16,2025-07-16 04:49:53,2025-07-16 14:03:40,177
15579,2025-07-16,2025-07-16 04:50:39,2025-07-16 14:05:52,189
15580,2025-07-16,2025-07-16 04:50:43,2025-07-16 14:03:51,260
15581,2025-07-16,2025-07-16 04:53:16,2025-07-16 14:04:51,149
15582,2025-07-16,2025-07-16 04:53:56,2025-07-16 14:04:27,165
15583,2025-07-16,2025-07-16 04:54:46,2025-07-16 14:04:40,155
15584,2025-07-16,2025-07-16 04:55:37,2025-07-16 14:04:30,148
15585,2025-07-16,2025-07-16 04:56:58,2025-07-16 14:01:53,153
15586,2025-07-16,2025-07-16 04:57:14,2025-07-16 14:11:01,169
15587,2025-07-16,2025-07-16 04:57:51,2025-07-16 14:03:02,170
15588,2025-07-16,2025-07-16 04:57:57,2025-07-16 14:02:06,167
15589,2025-07-16,2025-07-16 04:57:58,2025-07-16 14:03:00,154
15590,2025-07-16,2025-07-16 04:58:05,2025-07-16 14:03:11,261
15591,2025-07-16,2025-07-16 04:58:27,2025-07-16 14:09:19,175
15592,2025-07-16,2025-07-16 05:01:16,2025-07-16 14:03:07,183
15593,2025-07-16,2025-07-16 05:01:31,2025-07-16 14:04:33,142
15594,2025-07-16,2025-07-16 05:01:57,2025-07-16 14:02:35,145
15595,2025-07-16,2025-07-16 05:02:05,2025-07-16 14:02:39,265
15596,2025-07-16,2025-07-16 05:03:42,2025-07-16 14:04:46,144
15597,2025-07-16,2025-07-16 05:04:02,2025-07-16 14:02:55,156
15598,2025-07-16,2025-07-16 05:05:57,2025-07-16 14:03:58,252
15599,2025-07-16,2025-07-16 05:06:14,2025-07-16 14:10:13,147
15600,2025-07-16,2025-07-16 05:06:56,2025-07-16 14:04:23,266
15601,2025-07-16,2025-07-16 05:17:34,2025-07-16 14:14:31,157
15602,2025-07-16,2025-07-16 14:15:43,,151
15603,2025-07-17,2025-07-17 04:51:18,2025-07-17 14:13:23,189
15604,2025-07-17,2025-07-17 04:51:22,2025-07-17 14:12:49,149
15605,2025-07-17,2025-07-17 04:51:27,2025-07-17 14:07:40,165
15606,2025-07-17,2025-07-17 04:51:43,2025-07-17 14:14:54,169
15607,2025-07-17,2025-07-17 04:51:52,2025-07-17 14:06:05,260
15608,2025-07-17,2025-07-17 04:51:58,2025-07-17 14:11:24,270
15609,2025-07-17,2025-07-17 04:52:15,2025-07-17 14:05:41,265
15610,2025-07-17,2025-07-17 04:52:24,2025-07-17 14:11:18,154
15611,2025-07-17,2025-07-17 04:52:27,2025-07-17 14:11:29,261
15612,2025-07-17,2025-07-17 04:52:31,2025-07-17 14:10:49,156
15613,2025-07-17,2025-07-17 04:53:48,2025-07-17 14:08:02,146
15614,2025-07-17,2025-07-17 04:53:53,2025-07-17 14:09:47,143
15615,2025-07-17,2025-07-17 04:53:55,2025-07-17 14:07:06,177
15616,2025-07-17,2025-07-17 04:54:51,2025-07-17 14:05:36,264
15617,2025-07-17,2025-07-17 04:55:12,2025-07-17 14:22:20,160
15618,2025-07-17,2025-07-17 04:55:18,2025-07-17 14:09:40,164
15619,2025-07-17,2025-07-17 04:55:34,2025-07-17 14:14:19,155
15620,2025-07-17,2025-07-17 04:56:07,2025-07-17 14:22:29,269
15621,2025-07-17,2025-07-17 04:57:34,2025-07-17 14:05:52,145
15622,2025-07-17,2025-07-17 04:58:00,2025-07-17 14:05:31,183
15623,2025-07-17,2025-07-17 04:58:36,2025-07-17 14:06:08,153
15624,2025-07-17,2025-07-17 05:00:40,2025-07-17 14:14:26,175
15625,2025-07-17,2025-07-17 05:01:03,2025-07-17 14:07:50,147
15626,2025-07-17,2025-07-17 05:01:50,2025-07-17 14:06:33,170
15627,2025-07-17,2025-07-17 05:02:16,,144
15628,2025-07-17,2025-07-17 05:03:41,2025-07-17 14:12:53,142
15629,2025-07-17,2025-07-17 05:03:44,2025-07-17 14:08:10,148
15630,2025-07-17,2025-07-17 05:03:59,2025-07-17 14:35:50,252
15631,2025-07-17,2025-07-17 05:06:39,2025-07-17 14:11:20,167
15632,2025-07-15,2025-07-15 05:06:00,2025-07-15 14:00:00,151
15633,2025-07-17,2025-07-17 05:15:00,,151
15634,2025-07-19,2025-07-19 04:49:32,2025-07-19 14:16:29,189
15635,2025-07-19,2025-07-19 04:49:36,2025-07-19 14:03:38,143
15636,2025-07-19,2025-07-19 04:49:40,,269
15637,2025-07-19,2025-07-19 04:49:42,2025-07-19 14:14:19,169
15638,2025-07-19,2025-07-19 04:49:47,2025-07-19 14:03:03,164
15639,2025-07-19,2025-07-19 04:49:53,2025-07-19 14:03:09,160
15640,2025-07-19,2025-07-19 04:50:00,2025-07-19 14:07:57,175
15641,2025-07-19,2025-07-19 04:55:02,2025-07-19 14:05:14,149
15642,2025-07-19,2025-07-19 04:55:07,2025-07-19 14:03:28,165
15643,2025-07-19,2025-07-19 04:55:19,2025-07-19 14:06:18,148
15644,2025-07-19,2025-07-19 04:55:23,2025-07-19 14:04:15,260
15645,2025-07-19,2025-07-19 04:55:45,2025-07-19 14:03:11,261
15646,2025-07-19,2025-07-19 04:57:52,2025-07-19 14:03:50,170
15647,2025-07-19,2025-07-19 04:58:29,2025-07-19 14:04:45,155
15648,2025-07-19,2025-07-19 04:58:34,2025-07-19 14:05:42,146
15649,2025-07-19,2025-07-19 04:58:37,2025-07-19 14:04:48,177
15650,2025-07-19,2025-07-19 04:59:54,2025-07-19 14:04:32,159
15651,2025-07-19,2025-07-19 05:01:15,2025-07-19 14:05:17,147
15652,2025-07-19,2025-07-19 05:02:23,2025-07-19 14:03:45,263
15653,2025-07-19,2025-07-19 05:02:29,2025-07-19 14:03:59,264
15654,2025-07-19,2025-07-19 05:03:11,,265
15655,2025-07-19,2025-07-19 05:03:19,2025-07-19 14:05:05,144
15656,2025-07-19,2025-07-19 05:04:36,2025-07-19 14:07:16,156
15657,2025-07-19,2025-07-19 05:06:09,,252
15658,2025-07-19,2025-07-19 05:08:26,2025-07-19 14:17:52,151
15659,2025-07-19,2025-07-19 05:08:42,2025-07-19 14:04:51,142
15660,2025-07-19,2025-07-19 05:09:14,2025-07-19 14:03:22,266
15661,2025-07-19,2025-07-19 05:31:01,2025-07-19 14:13:40,157
15662,2025-07-19,2025-07-19 06:21:12,2025-07-19 14:03:41,347
15663,2025-07-19,2025-07-19 14:03:06,,271
15664,2025-07-19,2025-07-19 14:04:23,,346
15665,2025-07-20,2025-07-20 04:46:30,2025-07-20 14:02:34,270
15666,2025-07-20,2025-07-20 04:49:09,2025-07-20 14:06:43,169
15667,2025-07-20,2025-07-20 04:52:55,2025-07-20 14:02:28,165
15668,2025-07-20,2025-07-20 04:54:12,2025-07-20 14:05:09,149
15669,2025-07-20,2025-07-20 04:54:34,2025-07-20 14:05:31,146
15670,2025-07-20,2025-07-20 04:54:37,2025-07-20 14:05:06,177
15671,2025-07-20,2025-07-20 04:55:20,2025-07-20 14:10:15,189
15672,2025-07-20,2025-07-20 04:56:51,2025-07-20 14:07:03,175
15673,2025-07-20,2025-07-20 04:56:59,2025-07-20 14:03:03,143
15674,2025-07-20,2025-07-20 04:57:04,2025-07-20 14:02:37,269
15675,2025-07-20,2025-07-20 04:57:12,2025-07-20 14:02:55,170
15676,2025-07-20,2025-07-20 04:57:23,2025-07-20 14:02:43,271
15677,2025-07-20,2025-07-20 04:57:24,2025-07-20 14:02:40,164
15678,2025-07-20,2025-07-20 04:57:43,2025-07-20 14:04:15,148
15679,2025-07-20,2025-07-20 04:58:23,2025-07-20 14:05:15,260
15680,2025-07-20,2025-07-20 04:58:36,2025-07-20 14:05:51,155
15681,2025-07-20,2025-07-20 04:58:40,2025-07-20 14:03:28,183
15682,2025-07-20,2025-07-20 05:00:27,2025-07-20 14:04:10,142
15683,2025-07-20,2025-07-20 05:01:05,2025-07-20 14:03:14,159
15684,2025-07-20,2025-07-20 05:02:28,2025-07-20 14:03:58,264
15685,2025-07-20,2025-07-20 05:04:48,2025-07-20 14:04:32,144
15686,2025-07-20,2025-07-20 05:04:55,2025-07-20 14:03:48,346
15687,2025-07-20,2025-07-20 05:05:11,2025-07-20 14:03:42,266
15688,2025-07-20,2025-07-20 05:07:03,2025-07-20 14:03:21,263
15689,2025-07-20,2025-07-20 05:11:32,,347
15690,2025-07-20,2025-07-20 05:12:51,2025-07-20 14:10:22,157
15691,2025-07-20,2025-07-20 08:35:40,2025-07-20 14:14:13,151
15692,2025-07-21,2025-07-21 04:49:38,,263
15693,2025-07-21,2025-07-21 04:49:49,,347
15694,2025-07-21,2025-07-21 04:50:22,,169
15695,2025-07-21,2025-07-21 04:53:14,,270
15696,2025-07-21,2025-07-21 04:54:00,,189
15697,2025-07-21,2025-07-21 04:54:34,,265
15698,2025-07-21,2025-07-21 04:55:39,,165
15699,2025-07-21,2025-07-21 04:55:42,,148
15700,2025-07-21,2025-07-21 04:55:56,,252
15701,2025-07-21,2025-07-21 04:56:47,,170
15702,2025-07-21,2025-07-21 04:56:52,,146
15703,2025-07-21,2025-07-21 04:56:57,,177
15704,2025-07-21,2025-07-21 04:57:03,,143
15705,2025-07-21,2025-07-21 04:57:12,,160
15706,2025-07-21,2025-07-21 04:57:22,,164
15707,2025-07-21,2025-07-21 04:57:26,,271
15708,2025-07-21,2025-07-21 04:57:33,,260
15709,2025-07-21,2025-07-21 04:58:04,,156
15710,2025-07-21,2025-07-21 04:58:07,,145
15711,2025-07-21,2025-07-21 04:58:17,,155
15712,2025-07-21,2025-07-21 04:58:24,,255
15713,2025-07-21,2025-07-21 04:59:20,,261
15714,2025-07-21,2025-07-21 04:59:27,,159
15715,2025-07-21,2025-07-21 04:59:35,,175
15716,2025-07-21,2025-07-21 05:00:14,,142
15717,2025-07-21,2025-07-21 05:00:54,,144
15718,2025-07-21,2025-07-21 05:01:06,,183
15719,2025-07-21,2025-07-21 05:04:46,,264
15720,2025-07-21,2025-07-21 05:04:00,2025-07-21 14:03:00,266
15721,2025-07-21,2025-07-21 05:05:08,,346
15722,2025-07-21,2025-07-21 05:10:48,,157
15723,2025-07-21,2025-07-21 05:12:07,,151
15724,2025-07-21,2025-07-21 10:45:47,,348
15725,2025-07-21,2025-07-21 07:00:00,2025-07-21 14:00:00,349
